2026-03-04 10:40:01 - __main__ - INFO - Step 3: 执行接口监控...
2026-03-04 10:40:01 - monitor.monitor_engine - INFO - 开始执行监控: 663个接口，5线程并发
2026-03-04 10:40:01 - monitor.monitor_engine - INFO - 请求间隔: 500ms
2026-03-04 10:40:07 - monitor.monitor_engine - INFO - 监控执行完成: 总数=663, 成功=197, 失败=466, 成功率=29.7%, P95响应时间=0.06s, 耗时=5.88s
2026-03-04 10:40:07 - __main__ - INFO - 接口监控执行时间: 5.88秒 (663个接口)
2026-03-04 10:40:07 - __main__ - INFO - Step 4: 分析监控结果...
2026-03-04 10:40:07 - analyzer.result_analyzer - INFO - 开始分析 663 个监控结果
2026-03-04 10:40:07 - analyzer.aggregators.error_aggregator - INFO - 开始聚合 466 个异常结果
2026-03-04 10:40:07 - analyzer.aggregators.error_aggregator - INFO - 聚合完成，共 463 种异常类型
2026-03-04 10:40:07 - analyzer.aggregators.stats_aggregator - INFO - 开始统计 663 个监控结果
2026-03-04 10:40:07 - analyzer.aggregators.stats_aggregator - INFO - 统计完成: 总数=663, 成功率=29.71%
2026-03-04 10:40:07 - analyzer.alert_logic - INFO - 发现500错误，触发异常告警: Heatmap
2026-03-04 10:40:07 - analyzer.alert_logic - INFO - 开始过滤告警错误，总错误数: 463
2026-03-04 10:40:07 - analyzer.alert_logic - INFO -   -> 通过error_type匹配: HTTP_500
2026-03-04 10:40:07 - analyzer.alert_logic - INFO -   -> 通过error_type匹配: HTTP_500
2026-03-04 10:40:07 - analyzer.alert_logic - INFO - 过滤完成，告警错误数: 2
2026-03-04 10:40:07 - analyzer.alert_logic - INFO - 被过滤的告警错误列表:
2026-03-04 10:40:07 - analyzer.alert_logic - INFO -   1. Heatmap - HTTP_500 (HTTP 500)
2026-03-04 10:40:07 - analyzer.alert_logic - INFO -   2. {Batchid} - HTTP_500 (HTTP 500)
2026-03-04 10:40:07 - analyzer.alert_logic - INFO - 准备发送告警: 类型=error, 优先级=CRITICAL, 接收人=5个, 告警错误=2个
2026-03-04 10:40:07 - analyzer.result_analyzer - INFO - 分析完成: 总数=663, 成功=197, 失败=466, 异常类型=463, 需要告警=True, 告警摘要=2个500错误
2026-03-04 10:40:07 - __main__ - INFO - 分析耗时: 0.00秒
2026-03-04 10:40:07 - __main__ - INFO - Step 5: 发送监控报告...
2026-03-04 10:40:07 - __main__ - INFO - 发现严重错误，发送告警通知
2026-03-04 10:40:07 - notifier.wechat_notifier - INFO - 开始发送监控报告
2026-03-04 10:40:07 - notifier.webhook_client - INFO - 发送企业微信消息 (尝试 1/3)
2026-03-04 10:40:07 - notifier.webhook_client - INFO - 消息发送成功: N/A
2026-03-04 10:40:07 - notifier.wechat_notifier - INFO - 监控报告发送成功: message_id=, retry_count=0
2026-03-04 10:40:07 - __main__ - INFO - 监控报告发送成功
2026-03-04 10:40:07 - __main__ - INFO - ============================================================
2026-03-04 10:40:07 - __main__ - INFO - 监控周期完成: 2026-03-04 10:40:07
2026-03-04 10:40:07 - __main__ - INFO - 总耗时: 6.45秒 (监控执行: 5.88秒, 分析: 0.00秒)
2026-03-04 10:40:07 - __main__ - INFO - 接口总数: 663
2026-03-04 10:40:07 - __main__ - INFO - 成功: 197
2026-03-04 10:40:07 - __main__ - INFO - 失败: 466
2026-03-04 10:40:07 - __main__ - INFO - 成功率: 29.71%
2026-03-04 10:40:07 - __main__ - INFO - 平均响应时间: 0.04秒
2026-03-04 10:40:07 - __main__ - INFO - 状态码分布:
2026-03-04 10:40:07 - __main__ - INFO -   HTTP 200: 197次 (29.7%)
2026-03-04 10:40:07 - __main__ - INFO -   HTTP 400: 374次 (56.4%)
2026-03-04 10:40:07 - __main__ - INFO -   HTTP 401: 88次 (13.3%)
2026-03-04 10:40:07 - __main__ - INFO -   HTTP 415: 2次 (0.3%)
2026-03-04 10:40:07 - __main__ - INFO -   HTTP 500: 2次 (0.3%)
2026-03-04 10:40:07 - __main__ - INFO - ============================================================
2026-03-04 10:40:07 - __main__ - INFO - 下次执行时间: 2026-03-04 10:45:00
2026-03-04 10:45:00 - __main__ - INFO - 开始执行监控周期: 2026-03-04 10:45:00
2026-03-04 10:45:00 - __main__ - INFO - ============================================================
2026-03-04 10:45:00 - __main__ - INFO - 开始监控周期: 2026-03-04 10:45:00
2026-03-04 10:45:00 - __main__ - INFO - ============================================================
2026-03-04 10:45:00 - __main__ - INFO - Step 1: 扫描接口文档...
2026-03-04 10:45:00 - scanner.interface_scanner - INFO - 开始扫描目录: D:\Dev\interface_monitoring\Interface-pool
2026-03-04 10:45:00 - scanner.interface_scanner - INFO - 实际扫描到的文件: 663
2026-03-04 10:45:00 - scanner.interface_scanner - INFO -   1. D:\Dev\interface_monitoring\Interface-pool\user\JPush推送\发送推送_OpenAPI.json
2026-03-04 10:45:00 - scanner.interface_scanner - INFO -   2. D:\Dev\interface_monitoring\Interface-pool\user\Oss管理\同步上传文件到OSS_OpenAPI.json
2026-03-04 10:45:00 - scanner.interface_scanner - INFO -   3. D:\Dev\interface_monitoring\Interface-pool\user\Oss管理\批量同步上传文件到OSS_OpenAPI.json
2026-03-04 10:45:00 - scanner.interface_scanner - INFO -   4. D:\Dev\interface_monitoring\Interface-pool\user\价格计算\个体价格计算_OpenAPI.json
2026-03-04 10:45:00 - scanner.interface_scanner - INFO -   5. D:\Dev\interface_monitoring\Interface-pool\user\价格计算\团体价格计算_OpenAPI.json
2026-03-04 10:45:00 - scanner.interface_scanner - INFO -   ... 还有 658 个文件
2026-03-04 10:45:00 - scanner.interface_scanner - INFO - 找到 663 个接口文档文件
2026-03-04 10:45:00 - scanner.interface_scanner - INFO - 扫描完成，共发现 663 个接口
2026-03-04 10:45:00 - __main__ - INFO - 发现 663 个接口
2026-03-04 10:45:00 - __main__ - INFO - Step 2: 获取认证Token...
2026-03-04 10:45:00 - auth.token_manager - WARNING - 尝试刷新不存在的Token: service=user, 将重新获取
2026-03-04 10:45:00 - auth.providers.http_auth_provider - INFO - 开始获取Token: service=user, method=GET
2026-03-04 10:45:00 - auth.providers.http_auth_provider - INFO - Token获取成功: service=user, expires_at=2026-03-04T10:45:01.502712
2026-03-04 10:45:00 - auth.token_manager - INFO - 强制刷新Token成功: service=user
2026-03-04 10:45:00 - auth.cache - INFO - Token已缓存: service=user, expires_at=2026-03-04 10:45:01.502712, remaining=0s
2026-03-04 10:45:00 - auth.token_manager - WARNING - 尝试刷新不存在的Token: service=nurse, 将重新获取
2026-03-04 10:45:00 - auth.providers.http_auth_provider - INFO - 开始获取Token: service=nurse, method=GET
2026-03-04 10:45:00 - auth.providers.http_auth_provider - INFO - Token获取成功: service=nurse, expires_at=2026-03-04T10:45:01.531307
2026-03-04 10:45:00 - auth.token_manager - INFO - 强制刷新Token成功: service=nurse
2026-03-04 10:45:00 - auth.cache - INFO - Token已缓存: service=nurse, expires_at=2026-03-04 10:45:01.531307, remaining=0s
2026-03-04 10:45:00 - auth.token_manager - WARNING - 尝试刷新不存在的Token: service=admin, 将重新获取
2026-03-04 10:45:00 - auth.providers.http_auth_provider - INFO - 开始获取Token: service=admin, method=POST
2026-03-04 10:45:01 - auth.providers.http_auth_provider - INFO - Token获取成功: service=admin, expires_at=2026-03-04T10:45:02.644179
2026-03-04 10:45:01 - auth.token_manager - INFO - 强制刷新Token成功: service=admin
2026-03-04 10:45:01 - auth.cache - INFO - Token已缓存: service=admin, expires_at=2026-03-04 10:45:02.644179, remaining=1s
2026-03-04 10:45:01 - __main__ - INFO - Step 3: 执行接口监控...
2026-03-04 10:45:01 - monitor.monitor_engine - INFO - 开始执行监控: 663个接口，5线程并发
2026-03-04 10:45:01 - monitor.monitor_engine - INFO - 请求间隔: 500ms
2026-03-04 10:45:07 - monitor.monitor_engine - INFO - 监控执行完成: 总数=663, 成功=199, 失败=464, 成功率=30.0%, P95响应时间=0.06s, 耗时=5.66s
2026-03-04 10:45:07 - __main__ - INFO - 接口监控执行时间: 5.66秒 (663个接口)
2026-03-04 10:45:07 - __main__ - INFO - Step 4: 分析监控结果...
2026-03-04 10:45:07 - analyzer.result_analyzer - INFO - 开始分析 663 个监控结果
2026-03-04 10:45:07 - analyzer.aggregators.error_aggregator - INFO - 开始聚合 464 个异常结果
2026-03-04 10:45:07 - analyzer.aggregators.error_aggregator - INFO - 聚合完成，共 461 种异常类型
2026-03-04 10:45:07 - analyzer.aggregators.stats_aggregator - INFO - 开始统计 663 个监控结果
2026-03-04 10:45:07 - analyzer.aggregators.stats_aggregator - INFO - 统计完成: 总数=663, 成功率=30.02%
2026-03-04 10:45:07 - analyzer.alert_logic - INFO - 发现500错误，触发异常告警: Heatmap
2026-03-04 10:45:07 - analyzer.alert_logic - INFO - 开始过滤告警错误，总错误数: 461
2026-03-04 10:45:07 - analyzer.alert_logic - INFO -   -> 通过error_type匹配: HTTP_500
2026-03-04 10:45:07 - analyzer.alert_logic - INFO -   -> 通过error_type匹配: HTTP_500
2026-03-04 10:45:07 - analyzer.alert_logic - INFO - 过滤完成，告警错误数: 2
2026-03-04 10:45:07 - analyzer.alert_logic - INFO - 被过滤的告警错误列表:
2026-03-04 10:45:07 - analyzer.alert_logic - INFO -   1. Heatmap - HTTP_500 (HTTP 500)
2026-03-04 10:45:07 - analyzer.alert_logic - INFO -   2. {Batchid} - HTTP_500 (HTTP 500)
2026-03-04 10:45:07 - analyzer.alert_logic - INFO - 准备发送告警: 类型=error, 优先级=CRITICAL, 接收人=5个, 告警错误=2个
2026-03-04 10:45:07 - analyzer.result_analyzer - INFO - 分析完成: 总数=663, 成功=199, 失败=464, 异常类型=461, 需要告警=True, 告警摘要=2个500错误
2026-03-04 10:45:07 - __main__ - INFO - 分析耗时: 0.00秒
2026-03-04 10:45:07 - __main__ - INFO - Step 5: 发送监控报告...
2026-03-04 10:45:07 - __main__ - INFO - 发现严重错误，发送告警通知
2026-03-04 10:45:07 - notifier.wechat_notifier - INFO - 开始发送监控报告
2026-03-04 10:45:07 - notifier.webhook_client - INFO - 发送企业微信消息 (尝试 1/3)
2026-03-04 10:45:07 - notifier.webhook_client - INFO - 消息发送成功: N/A
2026-03-04 10:45:07 - notifier.wechat_notifier - INFO - 监控报告发送成功: message_id=, retry_count=0
2026-03-04 10:45:07 - __main__ - INFO - 监控报告发送成功
2026-03-04 10:45:07 - __main__ - INFO - ============================================================
2026-03-04 10:45:07 - __main__ - INFO - 监控周期完成: 2026-03-04 10:45:07
2026-03-04 10:45:07 - __main__ - INFO - 总耗时: 7.18秒 (监控执行: 5.66秒, 分析: 0.00秒)
2026-03-04 10:45:07 - __main__ - INFO - 接口总数: 663
2026-03-04 10:45:07 - __main__ - INFO - 成功: 199
2026-03-04 10:45:07 - __main__ - INFO - 失败: 464
2026-03-04 10:45:07 - __main__ - INFO - 成功率: 30.02%
2026-03-04 10:45:07 - __main__ - INFO - 平均响应时间: 0.04秒
2026-03-04 10:45:07 - __main__ - INFO - 状态码分布:
2026-03-04 10:45:07 - __main__ - INFO -   HTTP 200: 199次 (30.0%)
2026-03-04 10:45:07 - __main__ - INFO -   HTTP 400: 373次 (56.3%)
2026-03-04 10:45:07 - __main__ - INFO -   HTTP 401: 87次 (13.1%)
2026-03-04 10:45:07 - __main__ - INFO -   HTTP 415: 2次 (0.3%)
2026-03-04 10:45:07 - __main__ - INFO -   HTTP 500: 2次 (0.3%)
2026-03-04 10:45:07 - __main__ - INFO - ============================================================
2026-03-04 10:45:07 - __main__ - INFO - 下次执行时间: 2026-03-04 10:50:00
2026-03-04 10:50:00 - __main__ - INFO - 开始执行监控周期: 2026-03-04 10:50:00
2026-03-04 10:50:00 - __main__ - INFO - ============================================================
2026-03-04 10:50:00 - __main__ - INFO - 开始监控周期: 2026-03-04 10:50:00
2026-03-04 10:50:00 - __main__ - INFO - ============================================================
2026-03-04 10:50:00 - __main__ - INFO - Step 1: 扫描接口文档...
2026-03-04 10:50:00 - scanner.interface_scanner - INFO - 开始扫描目录: D:\Dev\interface_monitoring\Interface-pool
2026-03-04 10:50:00 - scanner.interface_scanner - INFO - 实际扫描到的文件: 663
2026-03-04 10:50:00 - scanner.interface_scanner - INFO -   1. D:\Dev\interface_monitoring\Interface-pool\user\JPush推送\发送推送_OpenAPI.json
2026-03-04 10:50:00 - scanner.interface_scanner - INFO -   2. D:\Dev\interface_monitoring\Interface-pool\user\Oss管理\同步上传文件到OSS_OpenAPI.json
2026-03-04 10:50:00 - scanner.interface_scanner - INFO -   3. D:\Dev\interface_monitoring\Interface-pool\user\Oss管理\批量同步上传文件到OSS_OpenAPI.json
2026-03-04 10:50:00 - scanner.interface_scanner - INFO -   4. D:\Dev\interface_monitoring\Interface-pool\user\价格计算\个体价格计算_OpenAPI.json
2026-03-04 10:50:00 - scanner.interface_scanner - INFO -   5. D:\Dev\interface_monitoring\Interface-pool\user\价格计算\团体价格计算_OpenAPI.json
2026-03-04 10:50:00 - scanner.interface_scanner - INFO -   ... 还有 658 个文件
2026-03-04 10:50:00 - scanner.interface_scanner - INFO - 找到 663 个接口文档文件
2026-03-04 10:50:01 - scanner.interface_scanner - INFO - 扫描完成，共发现 663 个接口
2026-03-04 10:50:01 - __main__ - INFO - 发现 663 个接口
2026-03-04 10:50:01 - __main__ - INFO - Step 2: 获取认证Token...
2026-03-04 10:50:01 - auth.token_manager - WARNING - 尝试刷新不存在的Token: service=user, 将重新获取
2026-03-04 10:50:01 - auth.providers.http_auth_provider - INFO - 开始获取Token: service=user, method=GET
2026-03-04 10:50:01 - auth.providers.http_auth_provider - INFO - Token获取成功: service=user, expires_at=2026-03-04T10:50:02.064316
2026-03-04 10:50:01 - auth.token_manager - INFO - 强制刷新Token成功: service=user
2026-03-04 10:50:01 - auth.cache - INFO - Token已缓存: service=user, expires_at=2026-03-04 10:50:02.064316, remaining=0s
2026-03-04 10:50:01 - auth.token_manager - WARNING - 尝试刷新不存在的Token: service=nurse, 将重新获取
2026-03-04 10:50:01 - auth.providers.http_auth_provider - INFO - 开始获取Token: service=nurse, method=GET
2026-03-04 10:50:01 - auth.providers.http_auth_provider - INFO - Token获取成功: service=nurse, expires_at=2026-03-04T10:50:02.110767
2026-03-04 10:50:01 - auth.token_manager - INFO - 强制刷新Token成功: service=nurse
2026-03-04 10:50:01 - auth.cache - INFO - Token已缓存: service=nurse, expires_at=2026-03-04 10:50:02.110767, remaining=1s
2026-03-04 10:50:01 - auth.token_manager - WARNING - 尝试刷新不存在的Token: service=admin, 将重新获取
2026-03-04 10:50:01 - auth.providers.http_auth_provider - INFO - 开始获取Token: service=admin, method=POST
2026-03-04 10:50:01 - auth.providers.http_auth_provider - INFO - Token获取成功: service=admin, expires_at=2026-03-04T10:50:02.287527
2026-03-04 10:50:01 - auth.token_manager - INFO - 强制刷新Token成功: service=admin
2026-03-04 10:50:01 - auth.cache - INFO - Token已缓存: service=admin, expires_at=2026-03-04 10:50:02.287527, remaining=1s
2026-03-04 10:50:01 - __main__ - INFO - Step 3: 执行接口监控...
2026-03-04 10:50:01 - monitor.monitor_engine - INFO - 开始执行监控: 663个接口，5线程并发
2026-03-04 10:50:01 - monitor.monitor_engine - INFO - 请求间隔: 500ms
2026-03-04 10:50:06 - monitor.monitor_engine - INFO - 监控执行完成: 总数=663, 成功=199, 失败=464, 成功率=30.0%, P95响应时间=0.06s, 耗时=5.52s
2026-03-04 10:50:06 - __main__ - INFO - 接口监控执行时间: 5.52秒 (663个接口)
2026-03-04 10:50:06 - __main__ - INFO - Step 4: 分析监控结果...
2026-03-04 10:50:06 - analyzer.result_analyzer - INFO - 开始分析 663 个监控结果
2026-03-04 10:50:06 - analyzer.aggregators.error_aggregator - INFO - 开始聚合 464 个异常结果
2026-03-04 10:50:06 - analyzer.aggregators.error_aggregator - INFO - 聚合完成，共 461 种异常类型
2026-03-04 10:50:06 - analyzer.aggregators.stats_aggregator - INFO - 开始统计 663 个监控结果
2026-03-04 10:50:06 - analyzer.aggregators.stats_aggregator - INFO - 统计完成: 总数=663, 成功率=30.02%
2026-03-04 10:50:06 - analyzer.alert_logic - INFO - 发现500错误，触发异常告警: Heatmap
2026-03-04 10:50:06 - analyzer.alert_logic - INFO - 开始过滤告警错误，总错误数: 461
2026-03-04 10:50:06 - analyzer.alert_logic - INFO -   -> 通过error_type匹配: HTTP_500
2026-03-04 10:50:06 - analyzer.alert_logic - INFO -   -> 通过error_type匹配: HTTP_500
2026-03-04 10:50:06 - analyzer.alert_logic - INFO - 过滤完成，告警错误数: 2
2026-03-04 10:50:06 - analyzer.alert_logic - INFO - 被过滤的告警错误列表:
2026-03-04 10:50:06 - analyzer.alert_logic - INFO -   1. Heatmap - HTTP_500 (HTTP 500)
2026-03-04 10:50:06 - analyzer.alert_logic - INFO -   2. {Batchid} - HTTP_500 (HTTP 500)
2026-03-04 10:50:06 - analyzer.alert_logic - INFO - 准备发送告警: 类型=error, 优先级=CRITICAL, 接收人=5个, 告警错误=2个
2026-03-04 10:50:06 - analyzer.result_analyzer - INFO - 分析完成: 总数=663, 成功=199, 失败=464, 异常类型=461, 需要告警=True, 告警摘要=2个500错误
2026-03-04 10:50:06 - __main__ - INFO - 分析耗时: 0.00秒
2026-03-04 10:50:06 - __main__ - INFO - Step 5: 发送监控报告...
2026-03-04 10:50:06 - __main__ - INFO - 发现严重错误，发送告警通知
2026-03-04 10:50:06 - notifier.wechat_notifier - INFO - 开始发送监控报告
2026-03-04 10:50:06 - notifier.webhook_client - INFO - 发送企业微信消息 (尝试 1/3)
2026-03-04 10:50:07 - notifier.webhook_client - INFO - 消息发送成功: N/A
2026-03-04 10:50:07 - notifier.wechat_notifier - INFO - 监控报告发送成功: message_id=, retry_count=0
2026-03-04 10:50:07 - __main__ - INFO - 监控报告发送成功
2026-03-04 10:50:07 - __main__ - INFO - ============================================================
2026-03-04 10:50:07 - __main__ - INFO - 监控周期完成: 2026-03-04 10:50:07
2026-03-04 10:50:07 - __main__ - INFO - 总耗时: 6.31秒 (监控执行: 5.52秒, 分析: 0.00秒)
2026-03-04 10:50:07 - __main__ - INFO - 接口总数: 663
2026-03-04 10:50:07 - __main__ - INFO - 成功: 199
2026-03-04 10:50:07 - __main__ - INFO - 失败: 464
2026-03-04 10:50:07 - __main__ - INFO - 成功率: 30.02%
2026-03-04 10:50:07 - __main__ - INFO - 平均响应时间: 0.04秒
2026-03-04 10:50:07 - __main__ - INFO - 状态码分布:
2026-03-04 10:50:07 - __main__ - INFO -   HTTP 200: 199次 (30.0%)
2026-03-04 10:50:07 - __main__ - INFO -   HTTP 400: 373次 (56.3%)
2026-03-04 10:50:07 - __main__ - INFO -   HTTP 401: 87次 (13.1%)
2026-03-04 10:50:07 - __main__ - INFO -   HTTP 415: 2次 (0.3%)
2026-03-04 10:50:07 - __main__ - INFO -   HTTP 500: 2次 (0.3%)
2026-03-04 10:50:07 - __main__ - INFO - ============================================================
2026-03-04 10:50:07 - __main__ - INFO - 下次执行时间: 2026-03-04 10:55:00
2026-03-04 10:55:00 - __main__ - INFO - 开始执行监控周期: 2026-03-04 10:55:00
2026-03-04 10:55:00 - __main__ - INFO - ============================================================
2026-03-04 10:55:00 - __main__ - INFO - 开始监控周期: 2026-03-04 10:55:00
2026-03-04 10:55:00 - __main__ - INFO - ============================================================
2026-03-04 10:55:00 - __main__ - INFO - Step 1: 扫描接口文档...
2026-03-04 10:55:00 - scanner.interface_scanner - INFO - 开始扫描目录: D:\Dev\interface_monitoring\Interface-pool
2026-03-04 10:55:00 - scanner.interface_scanner - INFO - 实际扫描到的文件: 663
2026-03-04 10:55:00 - scanner.interface_scanner - INFO -   1. D:\Dev\interface_monitoring\Interface-pool\user\JPush推送\发送推送_OpenAPI.json
2026-03-04 10:55:00 - scanner.interface_scanner - INFO -   2. D:\Dev\interface_monitoring\Interface-pool\user\Oss管理\同步上传文件到OSS_OpenAPI.json
2026-03-04 10:55:00 - scanner.interface_scanner - INFO -   3. D:\Dev\interface_monitoring\Interface-pool\user\Oss管理\批量同步上传文件到OSS_OpenAPI.json
2026-03-04 10:55:00 - scanner.interface_scanner - INFO -   4. D:\Dev\interface_monitoring\Interface-pool\user\价格计算\个体价格计算_OpenAPI.json
2026-03-04 10:55:00 - scanner.interface_scanner - INFO -   5. D:\Dev\interface_monitoring\Interface-pool\user\价格计算\团体价格计算_OpenAPI.json
2026-03-04 10:55:00 - scanner.interface_scanner - INFO -   ... 还有 658 个文件
2026-03-04 10:55:00 - scanner.interface_scanner - INFO - 找到 663 个接口文档文件
2026-03-04 10:55:00 - scanner.interface_scanner - INFO - 扫描完成，共发现 663 个接口
2026-03-04 10:55:00 - __main__ - INFO - 发现 663 个接口
2026-03-04 10:55:00 - __main__ - INFO - Step 2: 获取认证Token...
2026-03-04 10:55:00 - auth.token_manager - WARNING - 尝试刷新不存在的Token: service=user, 将重新获取
2026-03-04 10:55:00 - auth.providers.http_auth_provider - INFO - 开始获取Token: service=user, method=GET
2026-03-04 10:55:00 - auth.providers.http_auth_provider - INFO - Token获取成功: service=user, expires_at=2026-03-04T10:55:01.313515
2026-03-04 10:55:00 - auth.token_manager - INFO - 强制刷新Token成功: service=user
2026-03-04 10:55:00 - auth.cache - INFO - Token已缓存: service=user, expires_at=2026-03-04 10:55:01.313515, remaining=0s
2026-03-04 10:55:00 - auth.token_manager - WARNING - 尝试刷新不存在的Token: service=nurse, 将重新获取
2026-03-04 10:55:00 - auth.providers.http_auth_provider - INFO - 开始获取Token: service=nurse, method=GET
2026-03-04 10:55:00 - auth.providers.http_auth_provider - INFO - Token获取成功: service=nurse, expires_at=2026-03-04T10:55:01.341520
2026-03-04 10:55:00 - auth.token_manager - INFO - 强制刷新Token成功: service=nurse
2026-03-04 10:55:00 - auth.cache - INFO - Token已缓存: service=nurse, expires_at=2026-03-04 10:55:01.341520, remaining=1s
2026-03-04 10:55:00 - auth.token_manager - WARNING - 尝试刷新不存在的Token: service=admin, 将重新获取
2026-03-04 10:55:00 - auth.providers.http_auth_provider - INFO - 开始获取Token: service=admin, method=POST
2026-03-04 10:55:00 - auth.providers.http_auth_provider - INFO - Token获取成功: service=admin, expires_at=2026-03-04T10:55:01.494085
2026-03-04 10:55:00 - auth.token_manager - INFO - 强制刷新Token成功: service=admin
2026-03-04 10:55:00 - auth.cache - INFO - Token已缓存: service=admin, expires_at=2026-03-04 10:55:01.494085, remaining=1s
2026-03-04 10:55:00 - __main__ - INFO - Step 3: 执行接口监控...
2026-03-04 10:55:00 - monitor.monitor_engine - INFO - 开始执行监控: 663个接口，5线程并发
2026-03-04 10:55:00 - monitor.monitor_engine - INFO - 请求间隔: 500ms
2026-03-04 10:55:05 - monitor.monitor_engine - INFO - 监控执行完成: 总数=663, 成功=199, 失败=464, 成功率=30.0%, P95响应时间=0.05s, 耗时=4.57s
2026-03-04 10:55:05 - __main__ - INFO - 接口监控执行时间: 4.57秒 (663个接口)
2026-03-04 10:55:05 - __main__ - INFO - Step 4: 分析监控结果...
2026-03-04 10:55:05 - analyzer.result_analyzer - INFO - 开始分析 663 个监控结果
2026-03-04 10:55:05 - analyzer.aggregators.error_aggregator - INFO - 开始聚合 464 个异常结果
2026-03-04 10:55:05 - analyzer.aggregators.error_aggregator - INFO - 聚合完成，共 461 种异常类型
2026-03-04 10:55:05 - analyzer.aggregators.stats_aggregator - INFO - 开始统计 663 个监控结果
2026-03-04 10:55:05 - analyzer.aggregators.stats_aggregator - INFO - 统计完成: 总数=663, 成功率=30.02%
2026-03-04 10:55:05 - analyzer.alert_logic - INFO - 发现500错误，触发异常告警: Heatmap
2026-03-04 10:55:05 - analyzer.alert_logic - INFO - 开始过滤告警错误，总错误数: 461
2026-03-04 10:55:05 - analyzer.alert_logic - INFO -   -> 通过error_type匹配: HTTP_500
2026-03-04 10:55:05 - analyzer.alert_logic - INFO -   -> 通过error_type匹配: HTTP_500
2026-03-04 10:55:05 - analyzer.alert_logic - INFO - 过滤完成，告警错误数: 2
2026-03-04 10:55:05 - analyzer.alert_logic - INFO - 被过滤的告警错误列表:
2026-03-04 10:55:05 - analyzer.alert_logic - INFO -   1. Heatmap - HTTP_500 (HTTP 500)
2026-03-04 10:55:05 - analyzer.alert_logic - INFO -   2. {Batchid} - HTTP_500 (HTTP 500)
2026-03-04 10:55:05 - analyzer.alert_logic - INFO - 准备发送告警: 类型=error, 优先级=CRITICAL, 接收人=5个, 告警错误=2个
2026-03-04 10:55:05 - analyzer.result_analyzer - INFO - 分析完成: 总数=663, 成功=199, 失败=464, 异常类型=461, 需要告警=True, 告警摘要=2个500错误
2026-03-04 10:55:05 - __main__ - INFO - 分析耗时: 0.00秒
2026-03-04 10:55:05 - __main__ - INFO - Step 5: 发送监控报告...
2026-03-04 10:55:05 - __main__ - INFO - 发现严重错误，发送告警通知
2026-03-04 10:55:05 - notifier.wechat_notifier - INFO - 开始发送监控报告
2026-03-04 10:55:05 - notifier.webhook_client - INFO - 发送企业微信消息 (尝试 1/3)
2026-03-04 10:55:05 - notifier.webhook_client - INFO - 消息发送成功: N/A
2026-03-04 10:55:05 - notifier.wechat_notifier - INFO - 监控报告发送成功: message_id=, retry_count=0
2026-03-04 10:55:05 - __main__ - INFO - 监控报告发送成功
2026-03-04 10:55:05 - __main__ - INFO - ============================================================
2026-03-04 10:55:05 - __main__ - INFO - 监控周期完成: 2026-03-04 10:55:05
2026-03-04 10:55:05 - __main__ - INFO - 总耗时: 5.13秒 (监控执行: 4.57秒, 分析: 0.00秒)
2026-03-04 10:55:05 - __main__ - INFO - 接口总数: 663
2026-03-04 10:55:05 - __main__ - INFO - 成功: 199
2026-03-04 10:55:05 - __main__ - INFO - 失败: 464
2026-03-04 10:55:05 - __main__ - INFO - 成功率: 30.02%
2026-03-04 10:55:05 - __main__ - INFO - 平均响应时间: 0.03秒
2026-03-04 10:55:05 - __main__ - INFO - 状态码分布:
2026-03-04 10:55:05 - __main__ - INFO -   HTTP 200: 199次 (30.0%)
2026-03-04 10:55:05 - __main__ - INFO -   HTTP 400: 375次 (56.6%)
2026-03-04 10:55:05 - __main__ - INFO -   HTTP 401: 85次 (12.8%)
2026-03-04 10:55:05 - __main__ - INFO -   HTTP 415: 2次 (0.3%)
2026-03-04 10:55:05 - __main__ - INFO -   HTTP 500: 2次 (0.3%)
2026-03-04 10:55:05 - __main__ - INFO - ============================================================
2026-03-04 10:55:05 - __main__ - INFO - 下次执行时间: 2026-03-04 11:00:00
2026-03-04 11:00:00 - __main__ - INFO - 开始执行监控周期: 2026-03-04 11:00:00
2026-03-04 11:00:00 - __main__ - INFO - ============================================================
2026-03-04 11:00:00 - __main__ - INFO - 开始监控周期: 2026-03-04 11:00:00
2026-03-04 11:00:00 - __main__ - INFO - ============================================================
2026-03-04 11:00:00 - __main__ - INFO - Step 1: 扫描接口文档...
2026-03-04 11:00:00 - scanner.interface_scanner - INFO - 开始扫描目录: D:\Dev\interface_monitoring\Interface-pool
2026-03-04 11:00:00 - scanner.interface_scanner - INFO - 实际扫描到的文件: 663
2026-03-04 11:00:00 - scanner.interface_scanner - INFO -   1. D:\Dev\interface_monitoring\Interface-pool\user\JPush推送\发送推送_OpenAPI.json
2026-03-04 11:00:00 - scanner.interface_scanner - INFO -   2. D:\Dev\interface_monitoring\Interface-pool\user\Oss管理\同步上传文件到OSS_OpenAPI.json
2026-03-04 11:00:00 - scanner.interface_scanner - INFO -   3. D:\Dev\interface_monitoring\Interface-pool\user\Oss管理\批量同步上传文件到OSS_OpenAPI.json
2026-03-04 11:00:00 - scanner.interface_scanner - INFO -   4. D:\Dev\interface_monitoring\Interface-pool\user\价格计算\个体价格计算_OpenAPI.json
2026-03-04 11:00:00 - scanner.interface_scanner - INFO -   5. D:\Dev\interface_monitoring\Interface-pool\user\价格计算\团体价格计算_OpenAPI.json
2026-03-04 11:00:00 - scanner.interface_scanner - INFO -   ... 还有 658 个文件
2026-03-04 11:00:00 - scanner.interface_scanner - INFO - 找到 663 个接口文档文件
2026-03-04 11:00:00 - scanner.interface_scanner - INFO - 扫描完成，共发现 663 个接口
2026-03-04 11:00:00 - __main__ - INFO - 发现 663 个接口
2026-03-04 11:00:00 - __main__ - INFO - Step 2: 获取认证Token...
2026-03-04 11:00:00 - auth.token_manager - WARNING - 尝试刷新不存在的Token: service=user, 将重新获取
2026-03-04 11:00:00 - auth.providers.http_auth_provider - INFO - 开始获取Token: service=user, method=GET
2026-03-04 11:00:00 - auth.providers.http_auth_provider - INFO - Token获取成功: service=user, expires_at=2026-03-04T11:00:01.572324
2026-03-04 11:00:00 - auth.token_manager - INFO - 强制刷新Token成功: service=user
2026-03-04 11:00:00 - auth.cache - INFO - Token已缓存: service=user, expires_at=2026-03-04 11:00:01.572324, remaining=1s
2026-03-04 11:00:00 - auth.token_manager - WARNING - 尝试刷新不存在的Token: service=nurse, 将重新获取
2026-03-04 11:00:00 - auth.providers.http_auth_provider - INFO - 开始获取Token: service=nurse, method=GET
2026-03-04 11:00:00 - auth.providers.http_auth_provider - INFO - Token获取成功: service=nurse, expires_at=2026-03-04T11:00:01.629910
2026-03-04 11:00:00 - auth.token_manager - INFO - 强制刷新Token成功: service=nurse
2026-03-04 11:00:00 - auth.cache - INFO - Token已缓存: service=nurse, expires_at=2026-03-04 11:00:01.629910, remaining=1s
2026-03-04 11:00:00 - auth.token_manager - WARNING - 尝试刷新不存在的Token: service=admin, 将重新获取
2026-03-04 11:00:00 - auth.providers.http_auth_provider - INFO - 开始获取Token: service=admin, method=POST
2026-03-04 11:00:00 - auth.providers.http_auth_provider - INFO - Token获取成功: service=admin, expires_at=2026-03-04T11:00:01.810540
2026-03-04 11:00:00 - auth.token_manager - INFO - 强制刷新Token成功: service=admin
2026-03-04 11:00:00 - auth.cache - INFO - Token已缓存: service=admin, expires_at=2026-03-04 11:00:01.810540, remaining=0s
2026-03-04 11:00:00 - __main__ - INFO - Step 3: 执行接口监控...
2026-03-04 11:00:00 - monitor.monitor_engine - INFO - 开始执行监控: 663个接口，5线程并发
2026-03-04 11:00:00 - monitor.monitor_engine - INFO - 请求间隔: 500ms
2026-03-04 11:00:05 - monitor.monitor_engine - INFO - 监控执行完成: 总数=663, 成功=199, 失败=464, 成功率=30.0%, P95响应时间=0.05s, 耗时=4.93s
2026-03-04 11:00:05 - __main__ - INFO - 接口监控执行时间: 4.93秒 (663个接口)
2026-03-04 11:00:05 - __main__ - INFO - Step 4: 分析监控结果...
2026-03-04 11:00:05 - analyzer.result_analyzer - INFO - 开始分析 663 个监控结果
2026-03-04 11:00:05 - analyzer.aggregators.error_aggregator - INFO - 开始聚合 464 个异常结果
2026-03-04 11:00:05 - analyzer.aggregators.error_aggregator - INFO - 聚合完成，共 461 种异常类型
2026-03-04 11:00:05 - analyzer.aggregators.stats_aggregator - INFO - 开始统计 663 个监控结果
2026-03-04 11:00:05 - analyzer.aggregators.stats_aggregator - INFO - 统计完成: 总数=663, 成功率=30.02%
2026-03-04 11:00:05 - analyzer.alert_logic - INFO - 发现500错误，触发异常告警: Heatmap
2026-03-04 11:00:05 - analyzer.alert_logic - INFO - 开始过滤告警错误，总错误数: 461
2026-03-04 11:00:05 - analyzer.alert_logic - INFO -   -> 通过error_type匹配: HTTP_500
2026-03-04 11:00:05 - analyzer.alert_logic - INFO -   -> 通过error_type匹配: HTTP_500
2026-03-04 11:00:05 - analyzer.alert_logic - INFO - 过滤完成，告警错误数: 2
2026-03-04 11:00:05 - analyzer.alert_logic - INFO - 被过滤的告警错误列表:
2026-03-04 11:00:05 - analyzer.alert_logic - INFO -   1. Heatmap - HTTP_500 (HTTP 500)
2026-03-04 11:00:05 - analyzer.alert_logic - INFO -   2. {Batchid} - HTTP_500 (HTTP 500)
2026-03-04 11:00:05 - analyzer.alert_logic - INFO - 准备发送告警: 类型=error, 优先级=CRITICAL, 接收人=5个, 告警错误=2个
2026-03-04 11:00:05 - analyzer.result_analyzer - INFO - 分析完成: 总数=663, 成功=199, 失败=464, 异常类型=461, 需要告警=True, 告警摘要=2个500错误
2026-03-04 11:00:05 - __main__ - INFO - 分析耗时: 0.00秒
2026-03-04 11:00:05 - __main__ - INFO - Step 5: 发送监控报告...
2026-03-04 11:00:05 - __main__ - INFO - 发现严重错误，发送告警通知
2026-03-04 11:00:05 - notifier.wechat_notifier - INFO - 开始发送监控报告
2026-03-04 11:00:05 - notifier.webhook_client - INFO - 发送企业微信消息 (尝试 1/3)
2026-03-04 11:00:05 - notifier.webhook_client - INFO - 消息发送成功: N/A
2026-03-04 11:00:05 - notifier.wechat_notifier - INFO - 监控报告发送成功: message_id=, retry_count=0
2026-03-04 11:00:05 - __main__ - INFO - 监控报告发送成功
2026-03-04 11:00:05 - __main__ - INFO - ============================================================
2026-03-04 11:00:05 - __main__ - INFO - 监控周期完成: 2026-03-04 11:00:05
2026-03-04 11:00:05 - __main__ - INFO - 总耗时: 5.54秒 (监控执行: 4.93秒, 分析: 0.00秒)
2026-03-04 11:00:05 - __main__ - INFO - 接口总数: 663
2026-03-04 11:00:05 - __main__ - INFO - 成功: 199
2026-03-04 11:00:05 - __main__ - INFO - 失败: 464
2026-03-04 11:00:05 - __main__ - INFO - 成功率: 30.02%
2026-03-04 11:00:05 - __main__ - INFO - 平均响应时间: 0.03秒
2026-03-04 11:00:05 - __main__ - INFO - 状态码分布:
2026-03-04 11:00:05 - __main__ - INFO -   HTTP 200: 199次 (30.0%)
2026-03-04 11:00:05 - __main__ - INFO -   HTTP 400: 374次 (56.4%)
2026-03-04 11:00:05 - __main__ - INFO -   HTTP 401: 86次 (13.0%)
2026-03-04 11:00:05 - __main__ - INFO -   HTTP 415: 2次 (0.3%)
2026-03-04 11:00:05 - __main__ - INFO -   HTTP 500: 2次 (0.3%)
2026-03-04 11:00:05 - __main__ - INFO - ============================================================
2026-03-04 11:00:05 - __main__ - INFO - 下次执行时间: 2026-03-04 11:05:00
2026-03-04 11:05:00 - __main__ - INFO - 开始执行监控周期: 2026-03-04 11:05:00
2026-03-04 11:05:00 - __main__ - INFO - ============================================================
2026-03-04 11:05:00 - __main__ - INFO - 开始监控周期: 2026-03-04 11:05:00
2026-03-04 11:05:00 - __main__ - INFO - ============================================================
2026-03-04 11:05:00 - __main__ - INFO - Step 1: 扫描接口文档...
2026-03-04 11:05:00 - scanner.interface_scanner - INFO - 开始扫描目录: D:\Dev\interface_monitoring\Interface-pool
2026-03-04 11:05:00 - scanner.interface_scanner - INFO - 实际扫描到的文件: 663
2026-03-04 11:05:00 - scanner.interface_scanner - INFO -   1. D:\Dev\interface_monitoring\Interface-pool\user\JPush推送\发送推送_OpenAPI.json
2026-03-04 11:05:00 - scanner.interface_scanner - INFO -   2. D:\Dev\interface_monitoring\Interface-pool\user\Oss管理\同步上传文件到OSS_OpenAPI.json
2026-03-04 11:05:00 - scanner.interface_scanner - INFO -   3. D:\Dev\interface_monitoring\Interface-pool\user\Oss管理\批量同步上传文件到OSS_OpenAPI.json
2026-03-04 11:05:00 - scanner.interface_scanner - INFO -   4. D:\Dev\interface_monitoring\Interface-pool\user\价格计算\个体价格计算_OpenAPI.json
2026-03-04 11:05:00 - scanner.interface_scanner - INFO -   5. D:\Dev\interface_monitoring\Interface-pool\user\价格计算\团体价格计算_OpenAPI.json
2026-03-04 11:05:00 - scanner.interface_scanner - INFO -   ... 还有 658 个文件
2026-03-04 11:05:00 - scanner.interface_scanner - INFO - 找到 663 个接口文档文件
2026-03-04 11:05:00 - scanner.interface_scanner - INFO - 扫描完成，共发现 663 个接口
2026-03-04 11:05:00 - __main__ - INFO - 发现 663 个接口
2026-03-04 11:05:00 - __main__ - INFO - Step 2: 获取认证Token...
2026-03-04 11:05:00 - auth.token_manager - WARNING - 尝试刷新不存在的Token: service=user, 将重新获取
2026-03-04 11:05:00 - auth.providers.http_auth_provider - INFO - 开始获取Token: service=user, method=GET
2026-03-04 11:05:00 - auth.providers.http_auth_provider - INFO - Token获取成功: service=user, expires_at=2026-03-04T11:05:01.249772
2026-03-04 11:05:00 - auth.token_manager - INFO - 强制刷新Token成功: service=user
2026-03-04 11:05:00 - auth.cache - INFO - Token已缓存: service=user, expires_at=2026-03-04 11:05:01.249772, remaining=0s
2026-03-04 11:05:00 - auth.token_manager - WARNING - 尝试刷新不存在的Token: service=nurse, 将重新获取
2026-03-04 11:05:00 - auth.providers.http_auth_provider - INFO - 开始获取Token: service=nurse, method=GET
2026-03-04 11:05:00 - auth.providers.http_auth_provider - INFO - Token获取成功: service=nurse, expires_at=2026-03-04T11:05:01.300825
2026-03-04 11:05:00 - auth.token_manager - INFO - 强制刷新Token成功: service=nurse
2026-03-04 11:05:00 - auth.cache - INFO - Token已缓存: service=nurse, expires_at=2026-03-04 11:05:01.300825, remaining=0s
2026-03-04 11:05:00 - auth.token_manager - WARNING - 尝试刷新不存在的Token: service=admin, 将重新获取
2026-03-04 11:05:00 - auth.providers.http_auth_provider - INFO - 开始获取Token: service=admin, method=POST
2026-03-04 11:05:01 - auth.providers.http_auth_provider - INFO - Token获取成功: service=admin, expires_at=2026-03-04T11:05:02.416885
2026-03-04 11:05:01 - auth.token_manager - INFO - 强制刷新Token成功: service=admin
2026-03-04 11:05:01 - auth.cache - INFO - Token已缓存: service=admin, expires_at=2026-03-04 11:05:02.416885, remaining=0s
2026-03-04 11:05:01 - __main__ - INFO - Step 3: 执行接口监控...
2026-03-04 11:05:01 - monitor.monitor_engine - INFO - 开始执行监控: 663个接口，5线程并发
2026-03-04 11:05:01 - monitor.monitor_engine - INFO - 请求间隔: 500ms
2026-03-04 11:05:06 - monitor.monitor_engine - INFO - 监控执行完成: 总数=663, 成功=199, 失败=464, 成功率=30.0%, P95响应时间=0.05s, 耗时=4.86s
2026-03-04 11:05:06 - __main__ - INFO - 接口监控执行时间: 4.86秒 (663个接口)
2026-03-04 11:05:06 - __main__ - INFO - Step 4: 分析监控结果...
2026-03-04 11:05:06 - analyzer.result_analyzer - INFO - 开始分析 663 个监控结果
2026-03-04 11:05:06 - analyzer.aggregators.error_aggregator - INFO - 开始聚合 464 个异常结果
2026-03-04 11:05:06 - analyzer.aggregators.error_aggregator - INFO - 聚合完成，共 461 种异常类型
2026-03-04 11:05:06 - analyzer.aggregators.stats_aggregator - INFO - 开始统计 663 个监控结果
2026-03-04 11:05:06 - analyzer.aggregators.stats_aggregator - INFO - 统计完成: 总数=663, 成功率=30.02%
2026-03-04 11:05:06 - analyzer.alert_logic - INFO - 发现500错误，触发异常告警: Heatmap
2026-03-04 11:05:06 - analyzer.alert_logic - INFO - 开始过滤告警错误，总错误数: 461
2026-03-04 11:05:06 - analyzer.alert_logic - INFO -   -> 通过error_type匹配: HTTP_500
2026-03-04 11:05:06 - analyzer.alert_logic - INFO -   -> 通过error_type匹配: HTTP_500
2026-03-04 11:05:06 - analyzer.alert_logic - INFO - 过滤完成，告警错误数: 2
2026-03-04 11:05:06 - analyzer.alert_logic - INFO - 被过滤的告警错误列表:
2026-03-04 11:05:06 - analyzer.alert_logic - INFO -   1. Heatmap - HTTP_500 (HTTP 500)
2026-03-04 11:05:06 - analyzer.alert_logic - INFO -   2. {Batchid} - HTTP_500 (HTTP 500)
2026-03-04 11:05:06 - analyzer.alert_logic - INFO - 准备发送告警: 类型=error, 优先级=CRITICAL, 接收人=5个, 告警错误=2个
2026-03-04 11:05:06 - analyzer.result_analyzer - INFO - 分析完成: 总数=663, 成功=199, 失败=464, 异常类型=461, 需要告警=True, 告警摘要=2个500错误
2026-03-04 11:05:06 - __main__ - INFO - 分析耗时: 0.01秒
2026-03-04 11:05:06 - __main__ - INFO - Step 5: 发送监控报告...
2026-03-04 11:05:06 - __main__ - INFO - 发现严重错误，发送告警通知
2026-03-04 11:05:06 - notifier.wechat_notifier - INFO - 开始发送监控报告
2026-03-04 11:05:06 - notifier.webhook_client - INFO - 发送企业微信消息 (尝试 1/3)
2026-03-04 11:05:06 - notifier.webhook_client - INFO - 消息发送成功: N/A
2026-03-04 11:05:06 - notifier.wechat_notifier - INFO - 监控报告发送成功: message_id=, retry_count=0
2026-03-04 11:05:06 - __main__ - INFO - 监控报告发送成功
2026-03-04 11:05:06 - __main__ - INFO - ============================================================
2026-03-04 11:05:06 - __main__ - INFO - 监控周期完成: 2026-03-04 11:05:06
2026-03-04 11:05:06 - __main__ - INFO - 总耗时: 6.40秒 (监控执行: 4.86秒, 分析: 0.01秒)
2026-03-04 11:05:06 - __main__ - INFO - 接口总数: 663
2026-03-04 11:05:06 - __main__ - INFO - 成功: 199
2026-03-04 11:05:06 - __main__ - INFO - 失败: 464
2026-03-04 11:05:06 - __main__ - INFO - 成功率: 30.02%
2026-03-04 11:05:06 - __main__ - INFO - 平均响应时间: 0.03秒
2026-03-04 11:05:06 - __main__ - INFO - 状态码分布:
2026-03-04 11:05:06 - __main__ - INFO -   HTTP 200: 199次 (30.0%)
2026-03-04 11:05:06 - __main__ - INFO -   HTTP 400: 373次 (56.3%)
2026-03-04 11:05:06 - __main__ - INFO -   HTTP 401: 87次 (13.1%)
2026-03-04 11:05:06 - __main__ - INFO -   HTTP 415: 2次 (0.3%)
2026-03-04 11:05:06 - __main__ - INFO -   HTTP 500: 2次 (0.3%)
2026-03-04 11:05:06 - __main__ - INFO - ============================================================
2026-03-04 11:05:06 - __main__ - INFO - 下次执行时间: 2026-03-04 11:10:00
2026-03-04 11:10:00 - __main__ - INFO - 开始执行监控周期: 2026-03-04 11:10:00
2026-03-04 11:10:00 - __main__ - INFO - ============================================================
2026-03-04 11:10:00 - __main__ - INFO - 开始监控周期: 2026-03-04 11:10:00
2026-03-04 11:10:00 - __main__ - INFO - ============================================================
2026-03-04 11:10:00 - __main__ - INFO - Step 1: 扫描接口文档...
2026-03-04 11:10:00 - scanner.interface_scanner - INFO - 开始扫描目录: D:\Dev\interface_monitoring\Interface-pool
2026-03-04 11:10:00 - scanner.interface_scanner - INFO - 实际扫描到的文件: 663
2026-03-04 11:10:00 - scanner.interface_scanner - INFO -   1. D:\Dev\interface_monitoring\Interface-pool\user\JPush推送\发送推送_OpenAPI.json
2026-03-04 11:10:00 - scanner.interface_scanner - INFO -   2. D:\Dev\interface_monitoring\Interface-pool\user\Oss管理\同步上传文件到OSS_OpenAPI.json
2026-03-04 11:10:00 - scanner.interface_scanner - INFO -   3. D:\Dev\interface_monitoring\Interface-pool\user\Oss管理\批量同步上传文件到OSS_OpenAPI.json
2026-03-04 11:10:00 - scanner.interface_scanner - INFO -   4. D:\Dev\interface_monitoring\Interface-pool\user\价格计算\个体价格计算_OpenAPI.json
2026-03-04 11:10:00 - scanner.interface_scanner - INFO -   5. D:\Dev\interface_monitoring\Interface-pool\user\价格计算\团体价格计算_OpenAPI.json
2026-03-04 11:10:00 - scanner.interface_scanner - INFO -   ... 还有 658 个文件
2026-03-04 11:10:00 - scanner.interface_scanner - INFO - 找到 663 个接口文档文件
2026-03-04 11:10:00 - scanner.interface_scanner - INFO - 扫描完成，共发现 663 个接口
2026-03-04 11:10:00 - __main__ - INFO - 发现 663 个接口
2026-03-04 11:10:00 - __main__ - INFO - Step 2: 获取认证Token...
2026-03-04 11:10:00 - auth.token_manager - WARNING - 尝试刷新不存在的Token: service=user, 将重新获取
2026-03-04 11:10:00 - auth.providers.http_auth_provider - INFO - 开始获取Token: service=user, method=GET
2026-03-04 11:10:26 - auth.providers.base_provider - ERROR - 认证请求异常: service=user, error=HTTPConnectionPool(host='127.0.0.1', port=7890): Max retries exceeded with url: http://120.79.173.8:8201/maiban-user/api/v1/user/auth/dev-login/1 (Caused by ResponseError('too many 502 error responses'))
2026-03-04 11:10:26 - auth.providers.http_auth_provider - ERROR - Token获取失败: service=user, error=认证请求异常: service=user, error=HTTPConnectionPool(host='127.0.0.1', port=7890): Max retries exceeded with url: http://120.79.173.8:8201/maiban-user/api/v1/user/auth/dev-login/1 (Caused by ResponseError('too many 502 error responses'))
2026-03-04 11:10:26 - auth.token_manager - ERROR - 获取Token失败: service=user, error=Token获取失败: service=user, error=认证请求异常: service=user, error=HTTPConnectionPool(host='127.0.0.1', port=7890): Max retries exceeded with url: http://120.79.173.8:8201/maiban-user/api/v1/user/auth/dev-login/1 (Caused by ResponseError('too many 502 error responses'))
2026-03-04 11:10:26 - __main__ - ERROR - 获取 user 服务Token异常: Token获取失败: service=user, error=认证请求异常: service=user, error=HTTPConnectionPool(host='127.0.0.1', port=7890): Max retries exceeded with url: http://120.79.173.8:8201/maiban-user/api/v1/user/auth/dev-login/1 (Caused by ResponseError('too many 502 error responses'))
2026-03-04 11:10:26 - auth.token_manager - WARNING - 尝试刷新不存在的Token: service=nurse, 将重新获取
2026-03-04 11:10:26 - auth.providers.http_auth_provider - INFO - 开始获取Token: service=nurse, method=GET
2026-03-04 11:10:52 - auth.providers.base_provider - ERROR - 认证请求异常: service=nurse, error=HTTPConnectionPool(host='127.0.0.1', port=7890): Max retries exceeded with url: http://120.79.173.8:8201/maiban-nurse/api/v1/nurse/auth/dev-login/1 (Caused by ResponseError('too many 502 error responses'))
2026-03-04 11:10:52 - auth.providers.http_auth_provider - ERROR - Token获取失败: service=nurse, error=认证请求异常: service=nurse, error=HTTPConnectionPool(host='127.0.0.1', port=7890): Max retries exceeded with url: http://120.79.173.8:8201/maiban-nurse/api/v1/nurse/auth/dev-login/1 (Caused by ResponseError('too many 502 error responses'))
2026-03-04 11:10:52 - auth.token_manager - ERROR - 获取Token失败: service=nurse, error=Token获取失败: service=nurse, error=认证请求异常: service=nurse, error=HTTPConnectionPool(host='127.0.0.1', port=7890): Max retries exceeded with url: http://120.79.173.8:8201/maiban-nurse/api/v1/nurse/auth/dev-login/1 (Caused by ResponseError('too many 502 error responses'))
2026-03-04 11:10:52 - __main__ - ERROR - 获取 nurse 服务Token异常: Token获取失败: service=nurse, error=认证请求异常: service=nurse, error=HTTPConnectionPool(host='127.0.0.1', port=7890): Max retries exceeded with url: http://120.79.173.8:8201/maiban-nurse/api/v1/nurse/auth/dev-login/1 (Caused by ResponseError('too many 502 error responses'))
2026-03-04 11:10:52 - auth.token_manager - WARNING - 尝试刷新不存在的Token: service=admin, 将重新获取
2026-03-04 11:10:52 - auth.providers.http_auth_provider - INFO - 开始获取Token: service=admin, method=POST
2026-03-04 11:10:53 - auth.providers.http_auth_provider - INFO - Token获取成功: service=admin, expires_at=2026-03-04T11:10:54.229297
2026-03-04 11:10:53 - auth.token_manager - INFO - 强制刷新Token成功: service=admin
2026-03-04 11:10:53 - auth.cache - INFO - Token已缓存: service=admin, expires_at=2026-03-04 11:10:54.229297, remaining=1s
2026-03-04 11:10:53 - __main__ - WARNING - 以下服务Token获取失败: ['user', 'nurse']
2026-03-04 11:10:53 - notifier.wechat_notifier - INFO - 开始发送自定义消息
2026-03-04 11:10:53 - notifier.webhook_client - INFO - 发送企业微信消息 (尝试 1/3)
2026-03-04 11:10:53 - notifier.webhook_client - INFO - 消息发送成功: N/A
2026-03-04 11:10:53 - notifier.wechat_notifier - INFO - 自定义消息发送成功: message_id=, retry_count=0
2026-03-04 11:10:53 - __main__ - INFO - 服务异常告警已发送
2026-03-04 11:10:53 - __main__ - WARNING - 由于服务认证异常，跳过本次监控
2026-03-04 11:10:53 - __main__ - INFO - 下次执行时间: 2026-03-04 11:15:00
2026-03-04 11:15:00 - __main__ - INFO - 开始执行监控周期: 2026-03-04 11:15:00
2026-03-04 11:15:00 - __main__ - INFO - ============================================================
2026-03-04 11:15:00 - __main__ - INFO - 开始监控周期: 2026-03-04 11:15:00
2026-03-04 11:15:00 - __main__ - INFO - ============================================================
2026-03-04 11:15:00 - __main__ - INFO - Step 1: 扫描接口文档...
2026-03-04 11:15:00 - scanner.interface_scanner - INFO - 开始扫描目录: D:\Dev\interface_monitoring\Interface-pool
2026-03-04 11:15:00 - scanner.interface_scanner - INFO - 实际扫描到的文件: 663
2026-03-04 11:15:00 - scanner.interface_scanner - INFO -   1. D:\Dev\interface_monitoring\Interface-pool\user\JPush推送\发送推送_OpenAPI.json
2026-03-04 11:15:00 - scanner.interface_scanner - INFO -   2. D:\Dev\interface_monitoring\Interface-pool\user\Oss管理\同步上传文件到OSS_OpenAPI.json
2026-03-04 11:15:00 - scanner.interface_scanner - INFO -   3. D:\Dev\interface_monitoring\Interface-pool\user\Oss管理\批量同步上传文件到OSS_OpenAPI.json
2026-03-04 11:15:00 - scanner.interface_scanner - INFO -   4. D:\Dev\interface_monitoring\Interface-pool\user\价格计算\个体价格计算_OpenAPI.json
2026-03-04 11:15:00 - scanner.interface_scanner - INFO -   5. D:\Dev\interface_monitoring\Interface-pool\user\价格计算\团体价格计算_OpenAPI.json
2026-03-04 11:15:00 - scanner.interface_scanner - INFO -   ... 还有 658 个文件
2026-03-04 11:15:00 - scanner.interface_scanner - INFO - 找到 663 个接口文档文件
2026-03-04 11:15:00 - scanner.interface_scanner - INFO - 扫描完成，共发现 663 个接口
2026-03-04 11:15:00 - __main__ - INFO - 发现 663 个接口
2026-03-04 11:15:00 - __main__ - INFO - Step 2: 获取认证Token...
2026-03-04 11:15:00 - auth.token_manager - WARNING - 尝试刷新不存在的Token: service=user, 将重新获取
2026-03-04 11:15:00 - auth.providers.http_auth_provider - INFO - 开始获取Token: service=user, method=GET
2026-03-04 11:15:00 - auth.providers.http_auth_provider - INFO - Token获取成功: service=user, expires_at=2026-03-04T11:15:01.770192
2026-03-04 11:15:00 - auth.token_manager - INFO - 强制刷新Token成功: service=user
2026-03-04 11:15:00 - auth.cache - INFO - Token已缓存: service=user, expires_at=2026-03-04 11:15:01.770192, remaining=1s
2026-03-04 11:15:00 - auth.token_manager - WARNING - 尝试刷新不存在的Token: service=nurse, 将重新获取
2026-03-04 11:15:00 - auth.providers.http_auth_provider - INFO - 开始获取Token: service=nurse, method=GET
2026-03-04 11:15:01 - auth.providers.http_auth_provider - INFO - Token获取成功: service=nurse, expires_at=2026-03-04T11:15:02.011225
2026-03-04 11:15:01 - auth.token_manager - INFO - 强制刷新Token成功: service=nurse
2026-03-04 11:15:01 - auth.cache - INFO - Token已缓存: service=nurse, expires_at=2026-03-04 11:15:02.011225, remaining=0s
2026-03-04 11:15:01 - auth.token_manager - WARNING - 尝试刷新不存在的Token: service=admin, 将重新获取
2026-03-04 11:15:01 - auth.providers.http_auth_provider - INFO - 开始获取Token: service=admin, method=POST
2026-03-04 11:15:01 - auth.providers.http_auth_provider - INFO - Token获取成功: service=admin, expires_at=2026-03-04T11:15:02.179333
2026-03-04 11:15:01 - auth.token_manager - INFO - 强制刷新Token成功: service=admin
2026-03-04 11:15:01 - auth.cache - INFO - Token已缓存: service=admin, expires_at=2026-03-04 11:15:02.179333, remaining=0s
2026-03-04 11:15:01 - __main__ - INFO - Step 3: 执行接口监控...
2026-03-04 11:15:01 - monitor.monitor_engine - INFO - 开始执行监控: 663个接口，5线程并发
2026-03-04 11:15:01 - monitor.monitor_engine - INFO - 请求间隔: 500ms
2026-03-04 11:15:07 - monitor.monitor_engine - INFO - 监控执行完成: 总数=663, 成功=198, 失败=465, 成功率=29.9%, P95响应时间=0.08s, 耗时=6.46s
2026-03-04 11:15:07 - __main__ - INFO - 接口监控执行时间: 6.46秒 (663个接口)
2026-03-04 11:15:07 - __main__ - INFO - Step 4: 分析监控结果...
2026-03-04 11:15:07 - analyzer.result_analyzer - INFO - 开始分析 663 个监控结果
2026-03-04 11:15:07 - analyzer.aggregators.error_aggregator - INFO - 开始聚合 465 个异常结果
2026-03-04 11:15:07 - analyzer.aggregators.error_aggregator - INFO - 聚合完成，共 462 种异常类型
2026-03-04 11:15:07 - analyzer.aggregators.stats_aggregator - INFO - 开始统计 663 个监控结果
2026-03-04 11:15:07 - analyzer.aggregators.stats_aggregator - INFO - 统计完成: 总数=663, 成功率=29.86%
2026-03-04 11:15:07 - analyzer.alert_logic - INFO - 发现500错误，触发异常告警: Heatmap
2026-03-04 11:15:07 - analyzer.alert_logic - INFO - 开始过滤告警错误，总错误数: 462
2026-03-04 11:15:07 - analyzer.alert_logic - INFO -   -> 通过error_type匹配: HTTP_500
2026-03-04 11:15:07 - analyzer.alert_logic - INFO -   -> 通过error_type匹配: HTTP_500
2026-03-04 11:15:07 - analyzer.alert_logic - INFO - 过滤完成，告警错误数: 2
2026-03-04 11:15:07 - analyzer.alert_logic - INFO - 被过滤的告警错误列表:
2026-03-04 11:15:07 - analyzer.alert_logic - INFO -   1. Heatmap - HTTP_500 (HTTP 500)
2026-03-04 11:15:07 - analyzer.alert_logic - INFO -   2. {Batchid} - HTTP_500 (HTTP 500)
2026-03-04 11:15:07 - analyzer.alert_logic - INFO - 准备发送告警: 类型=error, 优先级=CRITICAL, 接收人=5个, 告警错误=2个
2026-03-04 11:15:07 - analyzer.result_analyzer - INFO - 分析完成: 总数=663, 成功=198, 失败=465, 异常类型=462, 需要告警=True, 告警摘要=2个500错误
2026-03-04 11:15:07 - __main__ - INFO - 分析耗时: 0.00秒
2026-03-04 11:15:07 - __main__ - INFO - Step 5: 发送监控报告...
2026-03-04 11:15:07 - __main__ - INFO - 发现严重错误，发送告警通知
2026-03-04 11:15:07 - notifier.wechat_notifier - INFO - 开始发送监控报告
2026-03-04 11:15:07 - notifier.webhook_client - INFO - 发送企业微信消息 (尝试 1/3)
2026-03-04 11:15:07 - notifier.webhook_client - INFO - 消息发送成功: N/A
2026-03-04 11:15:07 - notifier.wechat_notifier - INFO - 监控报告发送成功: message_id=, retry_count=0
2026-03-04 11:15:07 - __main__ - INFO - 监控报告发送成功
2026-03-04 11:15:07 - __main__ - INFO - ============================================================
2026-03-04 11:15:07 - __main__ - INFO - 监控周期完成: 2026-03-04 11:15:07
2026-03-04 11:15:07 - __main__ - INFO - 总耗时: 7.32秒 (监控执行: 6.46秒, 分析: 0.00秒)
2026-03-04 11:15:07 - __main__ - INFO - 接口总数: 663
2026-03-04 11:15:07 - __main__ - INFO - 成功: 198
2026-03-04 11:15:07 - __main__ - INFO - 失败: 465
2026-03-04 11:15:07 - __main__ - INFO - 成功率: 29.86%
2026-03-04 11:15:07 - __main__ - INFO - 平均响应时间: 0.04秒
2026-03-04 11:15:07 - __main__ - INFO - 状态码分布:
2026-03-04 11:15:07 - __main__ - INFO -   HTTP 200: 198次 (29.9%)
2026-03-04 11:15:07 - __main__ - INFO -   HTTP 400: 372次 (56.1%)
2026-03-04 11:15:07 - __main__ - INFO -   HTTP 401: 89次 (13.4%)
2026-03-04 11:15:07 - __main__ - INFO -   HTTP 415: 2次 (0.3%)
2026-03-04 11:15:07 - __main__ - INFO -   HTTP 500: 2次 (0.3%)
2026-03-04 11:15:07 - __main__ - INFO - ============================================================
2026-03-04 11:15:07 - __main__ - INFO - 下次执行时间: 2026-03-04 11:20:00
2026-03-04 11:20:00 - __main__ - INFO - 开始执行监控周期: 2026-03-04 11:20:00
2026-03-04 11:20:00 - __main__ - INFO - ============================================================
2026-03-04 11:20:00 - __main__ - INFO - 开始监控周期: 2026-03-04 11:20:00
2026-03-04 11:20:00 - __main__ - INFO - ============================================================
2026-03-04 11:20:00 - __main__ - INFO - Step 1: 扫描接口文档...
2026-03-04 11:20:00 - scanner.interface_scanner - INFO - 开始扫描目录: D:\Dev\interface_monitoring\Interface-pool
2026-03-04 11:20:00 - scanner.interface_scanner - INFO - 实际扫描到的文件: 663
2026-03-04 11:20:00 - scanner.interface_scanner - INFO -   1. D:\Dev\interface_monitoring\Interface-pool\user\JPush推送\发送推送_OpenAPI.json
2026-03-04 11:20:00 - scanner.interface_scanner - INFO -   2. D:\Dev\interface_monitoring\Interface-pool\user\Oss管理\同步上传文件到OSS_OpenAPI.json
2026-03-04 11:20:00 - scanner.interface_scanner - INFO -   3. D:\Dev\interface_monitoring\Interface-pool\user\Oss管理\批量同步上传文件到OSS_OpenAPI.json
2026-03-04 11:20:00 - scanner.interface_scanner - INFO -   4. D:\Dev\interface_monitoring\Interface-pool\user\价格计算\个体价格计算_OpenAPI.json
2026-03-04 11:20:00 - scanner.interface_scanner - INFO -   5. D:\Dev\interface_monitoring\Interface-pool\user\价格计算\团体价格计算_OpenAPI.json
2026-03-04 11:20:00 - scanner.interface_scanner - INFO -   ... 还有 658 个文件
2026-03-04 11:20:00 - scanner.interface_scanner - INFO - 找到 663 个接口文档文件
2026-03-04 11:20:00 - scanner.interface_scanner - INFO - 扫描完成，共发现 663 个接口
2026-03-04 11:20:00 - __main__ - INFO - 发现 663 个接口
2026-03-04 11:20:00 - __main__ - INFO - Step 2: 获取认证Token...
2026-03-04 11:20:00 - auth.token_manager - WARNING - 尝试刷新不存在的Token: service=user, 将重新获取
2026-03-04 11:20:00 - auth.providers.http_auth_provider - INFO - 开始获取Token: service=user, method=GET
2026-03-04 11:20:00 - auth.providers.http_auth_provider - INFO - Token获取成功: service=user, expires_at=2026-03-04T11:20:01.195485
2026-03-04 11:20:00 - auth.token_manager - INFO - 强制刷新Token成功: service=user
2026-03-04 11:20:00 - auth.cache - INFO - Token已缓存: service=user, expires_at=2026-03-04 11:20:01.195485, remaining=1s
2026-03-04 11:20:00 - auth.token_manager - WARNING - 尝试刷新不存在的Token: service=nurse, 将重新获取
2026-03-04 11:20:00 - auth.providers.http_auth_provider - INFO - 开始获取Token: service=nurse, method=GET
2026-03-04 11:20:00 - auth.providers.http_auth_provider - INFO - Token获取成功: service=nurse, expires_at=2026-03-04T11:20:01.243255
2026-03-04 11:20:00 - auth.token_manager - INFO - 强制刷新Token成功: service=nurse
2026-03-04 11:20:00 - auth.cache - INFO - Token已缓存: service=nurse, expires_at=2026-03-04 11:20:01.243255, remaining=0s
2026-03-04 11:20:00 - auth.token_manager - WARNING - 尝试刷新不存在的Token: service=admin, 将重新获取
2026-03-04 11:20:00 - auth.providers.http_auth_provider - INFO - 开始获取Token: service=admin, method=POST
2026-03-04 11:20:00 - auth.providers.http_auth_provider - INFO - Token获取成功: service=admin, expires_at=2026-03-04T11:20:01.386184
2026-03-04 11:20:00 - auth.token_manager - INFO - 强制刷新Token成功: service=admin
2026-03-04 11:20:00 - auth.cache - INFO - Token已缓存: service=admin, expires_at=2026-03-04 11:20:01.386184, remaining=0s
2026-03-04 11:20:00 - __main__ - INFO - Step 3: 执行接口监控...
2026-03-04 11:20:00 - monitor.monitor_engine - INFO - 开始执行监控: 663个接口，5线程并发
2026-03-04 11:20:00 - monitor.monitor_engine - INFO - 请求间隔: 500ms
2026-03-04 11:20:05 - monitor.monitor_engine - INFO - 监控执行完成: 总数=663, 成功=197, 失败=466, 成功率=29.7%, P95响应时间=0.05s, 耗时=5.05s
2026-03-04 11:20:05 - __main__ - INFO - 接口监控执行时间: 5.05秒 (663个接口)
2026-03-04 11:20:05 - __main__ - INFO - Step 4: 分析监控结果...
2026-03-04 11:20:05 - analyzer.result_analyzer - INFO - 开始分析 663 个监控结果
2026-03-04 11:20:05 - analyzer.aggregators.error_aggregator - INFO - 开始聚合 466 个异常结果
2026-03-04 11:20:05 - analyzer.aggregators.error_aggregator - INFO - 聚合完成，共 463 种异常类型
2026-03-04 11:20:05 - analyzer.aggregators.stats_aggregator - INFO - 开始统计 663 个监控结果
2026-03-04 11:20:05 - analyzer.aggregators.stats_aggregator - INFO - 统计完成: 总数=663, 成功率=29.71%
2026-03-04 11:20:05 - analyzer.alert_logic - INFO - 发现500错误，触发异常告警: Heatmap
2026-03-04 11:20:05 - analyzer.alert_logic - INFO - 开始过滤告警错误，总错误数: 463
2026-03-04 11:20:05 - analyzer.alert_logic - INFO -   -> 通过error_type匹配: HTTP_500
2026-03-04 11:20:05 - analyzer.alert_logic - INFO -   -> 通过error_type匹配: HTTP_500
2026-03-04 11:20:05 - analyzer.alert_logic - INFO - 过滤完成，告警错误数: 2
2026-03-04 11:20:05 - analyzer.alert_logic - INFO - 被过滤的告警错误列表:
2026-03-04 11:20:05 - analyzer.alert_logic - INFO -   1. Heatmap - HTTP_500 (HTTP 500)
2026-03-04 11:20:05 - analyzer.alert_logic - INFO -   2. {Batchid} - HTTP_500 (HTTP 500)
2026-03-04 11:20:05 - analyzer.alert_logic - INFO - 准备发送告警: 类型=error, 优先级=CRITICAL, 接收人=5个, 告警错误=2个
2026-03-04 11:20:05 - analyzer.result_analyzer - INFO - 分析完成: 总数=663, 成功=197, 失败=466, 异常类型=463, 需要告警=True, 告警摘要=2个500错误
2026-03-04 11:20:05 - __main__ - INFO - 分析耗时: 0.00秒
2026-03-04 11:20:05 - __main__ - INFO - Step 5: 发送监控报告...
2026-03-04 11:20:05 - __main__ - INFO - 发现严重错误，发送告警通知
2026-03-04 11:20:05 - notifier.wechat_notifier - INFO - 开始发送监控报告
2026-03-04 11:20:05 - notifier.webhook_client - INFO - 发送企业微信消息 (尝试 1/3)
2026-03-04 11:20:05 - notifier.webhook_client - INFO - 消息发送成功: N/A
2026-03-04 11:20:05 - notifier.wechat_notifier - INFO - 监控报告发送成功: message_id=, retry_count=0
2026-03-04 11:20:05 - __main__ - INFO - 监控报告发送成功
2026-03-04 11:20:05 - __main__ - INFO - ============================================================
2026-03-04 11:20:05 - __main__ - INFO - 监控周期完成: 2026-03-04 11:20:05
2026-03-04 11:20:05 - __main__ - INFO - 总耗时: 5.62秒 (监控执行: 5.05秒, 分析: 0.00秒)
2026-03-04 11:20:05 - __main__ - INFO - 接口总数: 663
2026-03-04 11:20:05 - __main__ - INFO - 成功: 197
2026-03-04 11:20:05 - __main__ - INFO - 失败: 466
2026-03-04 11:20:05 - __main__ - INFO - 成功率: 29.71%
2026-03-04 11:20:05 - __main__ - INFO - 平均响应时间: 0.03秒
2026-03-04 11:20:05 - __main__ - INFO - 状态码分布:
2026-03-04 11:20:05 - __main__ - INFO -   HTTP 200: 197次 (29.7%)
2026-03-04 11:20:05 - __main__ - INFO -   HTTP 400: 372次 (56.1%)
2026-03-04 11:20:05 - __main__ - INFO -   HTTP 401: 90次 (13.6%)
2026-03-04 11:20:05 - __main__ - INFO -   HTTP 415: 2次 (0.3%)
2026-03-04 11:20:05 - __main__ - INFO -   HTTP 500: 2次 (0.3%)
2026-03-04 11:20:05 - __main__ - INFO - ============================================================
2026-03-04 11:20:05 - __main__ - INFO - 下次执行时间: 2026-03-04 11:25:00
2026-03-04 11:25:00 - __main__ - INFO - 开始执行监控周期: 2026-03-04 11:25:00
2026-03-04 11:25:00 - __main__ - INFO - ============================================================
2026-03-04 11:25:00 - __main__ - INFO - 开始监控周期: 2026-03-04 11:25:00
2026-03-04 11:25:00 - __main__ - INFO - ============================================================
2026-03-04 11:25:00 - __main__ - INFO - Step 1: 扫描接口文档...
2026-03-04 11:25:00 - scanner.interface_scanner - INFO - 开始扫描目录: D:\Dev\interface_monitoring\Interface-pool
2026-03-04 11:25:00 - scanner.interface_scanner - INFO - 实际扫描到的文件: 663
2026-03-04 11:25:00 - scanner.interface_scanner - INFO -   1. D:\Dev\interface_monitoring\Interface-pool\user\JPush推送\发送推送_OpenAPI.json
2026-03-04 11:25:00 - scanner.interface_scanner - INFO -   2. D:\Dev\interface_monitoring\Interface-pool\user\Oss管理\同步上传文件到OSS_OpenAPI.json
2026-03-04 11:25:00 - scanner.interface_scanner - INFO -   3. D:\Dev\interface_monitoring\Interface-pool\user\Oss管理\批量同步上传文件到OSS_OpenAPI.json
2026-03-04 11:25:00 - scanner.interface_scanner - INFO -   4. D:\Dev\interface_monitoring\Interface-pool\user\价格计算\个体价格计算_OpenAPI.json
2026-03-04 11:25:00 - scanner.interface_scanner - INFO -   5. D:\Dev\interface_monitoring\Interface-pool\user\价格计算\团体价格计算_OpenAPI.json
2026-03-04 11:25:00 - scanner.interface_scanner - INFO -   ... 还有 658 个文件
2026-03-04 11:25:00 - scanner.interface_scanner - INFO - 找到 663 个接口文档文件
2026-03-04 11:25:00 - scanner.interface_scanner - INFO - 扫描完成，共发现 663 个接口
2026-03-04 11:25:00 - __main__ - INFO - 发现 663 个接口
2026-03-04 11:25:00 - __main__ - INFO - Step 2: 获取认证Token...
2026-03-04 11:25:00 - auth.token_manager - WARNING - 尝试刷新不存在的Token: service=user, 将重新获取
2026-03-04 11:25:00 - auth.providers.http_auth_provider - INFO - 开始获取Token: service=user, method=GET
2026-03-04 11:25:00 - auth.providers.http_auth_provider - INFO - Token获取成功: service=user, expires_at=2026-03-04T11:25:01.943236
2026-03-04 11:25:00 - auth.token_manager - INFO - 强制刷新Token成功: service=user
2026-03-04 11:25:00 - auth.cache - INFO - Token已缓存: service=user, expires_at=2026-03-04 11:25:01.943236, remaining=0s
2026-03-04 11:25:00 - auth.token_manager - WARNING - 尝试刷新不存在的Token: service=nurse, 将重新获取
2026-03-04 11:25:00 - auth.providers.http_auth_provider - INFO - 开始获取Token: service=nurse, method=GET
2026-03-04 11:25:00 - auth.providers.http_auth_provider - INFO - Token获取成功: service=nurse, expires_at=2026-03-04T11:25:01.979646
2026-03-04 11:25:00 - auth.token_manager - INFO - 强制刷新Token成功: service=nurse
2026-03-04 11:25:00 - auth.cache - INFO - Token已缓存: service=nurse, expires_at=2026-03-04 11:25:01.979646, remaining=0s
2026-03-04 11:25:00 - auth.token_manager - WARNING - 尝试刷新不存在的Token: service=admin, 将重新获取
2026-03-04 11:25:00 - auth.providers.http_auth_provider - INFO - 开始获取Token: service=admin, method=POST
2026-03-04 11:25:01 - auth.providers.http_auth_provider - INFO - Token获取成功: service=admin, expires_at=2026-03-04T11:25:02.152600
2026-03-04 11:25:01 - auth.token_manager - INFO - 强制刷新Token成功: service=admin
2026-03-04 11:25:01 - auth.cache - INFO - Token已缓存: service=admin, expires_at=2026-03-04 11:25:02.152600, remaining=0s
2026-03-04 11:25:01 - __main__ - INFO - Step 3: 执行接口监控...
2026-03-04 11:25:01 - monitor.monitor_engine - INFO - 开始执行监控: 663个接口，5线程并发
2026-03-04 11:25:01 - monitor.monitor_engine - INFO - 请求间隔: 500ms
2026-03-04 11:25:06 - monitor.monitor_engine - INFO - 监控执行完成: 总数=663, 成功=199, 失败=464, 成功率=30.0%, P95响应时间=0.05s, 耗时=4.91s
2026-03-04 11:25:06 - __main__ - INFO - 接口监控执行时间: 4.91秒 (663个接口)
2026-03-04 11:25:06 - __main__ - INFO - Step 4: 分析监控结果...
2026-03-04 11:25:06 - analyzer.result_analyzer - INFO - 开始分析 663 个监控结果
2026-03-04 11:25:06 - analyzer.aggregators.error_aggregator - INFO - 开始聚合 464 个异常结果
2026-03-04 11:25:06 - analyzer.aggregators.error_aggregator - INFO - 聚合完成，共 461 种异常类型
2026-03-04 11:25:06 - analyzer.aggregators.stats_aggregator - INFO - 开始统计 663 个监控结果
2026-03-04 11:25:06 - analyzer.aggregators.stats_aggregator - INFO - 统计完成: 总数=663, 成功率=30.02%
2026-03-04 11:25:06 - analyzer.alert_logic - INFO - 发现500错误，触发异常告警: Heatmap
2026-03-04 11:25:06 - analyzer.alert_logic - INFO - 开始过滤告警错误，总错误数: 461
2026-03-04 11:25:06 - analyzer.alert_logic - INFO -   -> 通过error_type匹配: HTTP_500
2026-03-04 11:25:06 - analyzer.alert_logic - INFO -   -> 通过error_type匹配: HTTP_500
2026-03-04 11:25:06 - analyzer.alert_logic - INFO - 过滤完成，告警错误数: 2
2026-03-04 11:25:06 - analyzer.alert_logic - INFO - 被过滤的告警错误列表:
2026-03-04 11:25:06 - analyzer.alert_logic - INFO -   1. Heatmap - HTTP_500 (HTTP 500)
2026-03-04 11:25:06 - analyzer.alert_logic - INFO -   2. {Batchid} - HTTP_500 (HTTP 500)
2026-03-04 11:25:06 - analyzer.alert_logic - INFO - 准备发送告警: 类型=error, 优先级=CRITICAL, 接收人=5个, 告警错误=2个
2026-03-04 11:25:06 - analyzer.result_analyzer - INFO - 分析完成: 总数=663, 成功=199, 失败=464, 异常类型=461, 需要告警=True, 告警摘要=2个500错误
2026-03-04 11:25:06 - __main__ - INFO - 分析耗时: 0.00秒
2026-03-04 11:25:06 - __main__ - INFO - Step 5: 发送监控报告...
2026-03-04 11:25:06 - __main__ - INFO - 发现严重错误，发送告警通知
2026-03-04 11:25:06 - notifier.wechat_notifier - INFO - 开始发送监控报告
2026-03-04 11:25:06 - notifier.webhook_client - INFO - 发送企业微信消息 (尝试 1/3)
2026-03-04 11:25:06 - notifier.webhook_client - INFO - 消息发送成功: N/A
2026-03-04 11:25:06 - notifier.wechat_notifier - INFO - 监控报告发送成功: message_id=, retry_count=0
2026-03-04 11:25:06 - __main__ - INFO - 监控报告发送成功
2026-03-04 11:25:06 - __main__ - INFO - ============================================================
2026-03-04 11:25:06 - __main__ - INFO - 监控周期完成: 2026-03-04 11:25:06
2026-03-04 11:25:06 - __main__ - INFO - 总耗时: 5.50秒 (监控执行: 4.91秒, 分析: 0.00秒)
2026-03-04 11:25:06 - __main__ - INFO - 接口总数: 663
2026-03-04 11:25:06 - __main__ - INFO - 成功: 199
2026-03-04 11:25:06 - __main__ - INFO - 失败: 464
2026-03-04 11:25:06 - __main__ - INFO - 成功率: 30.02%
2026-03-04 11:25:06 - __main__ - INFO - 平均响应时间: 0.03秒
2026-03-04 11:25:06 - __main__ - INFO - 状态码分布:
2026-03-04 11:25:06 - __main__ - INFO -   HTTP 200: 199次 (30.0%)
2026-03-04 11:25:06 - __main__ - INFO -   HTTP 400: 374次 (56.4%)
2026-03-04 11:25:06 - __main__ - INFO -   HTTP 401: 86次 (13.0%)
2026-03-04 11:25:06 - __main__ - INFO -   HTTP 415: 2次 (0.3%)
2026-03-04 11:25:06 - __main__ - INFO -   HTTP 500: 2次 (0.3%)
2026-03-04 11:25:06 - __main__ - INFO - ============================================================
2026-03-04 11:25:06 - __main__ - INFO - 下次执行时间: 2026-03-04 11:30:00
2026-03-04 11:30:00 - __main__ - INFO - 开始执行监控周期: 2026-03-04 11:30:00
2026-03-04 11:30:00 - __main__ - INFO - ============================================================
2026-03-04 11:30:00 - __main__ - INFO - 开始监控周期: 2026-03-04 11:30:00
2026-03-04 11:30:00 - __main__ - INFO - ============================================================
2026-03-04 11:30:00 - __main__ - INFO - Step 1: 扫描接口文档...
2026-03-04 11:30:00 - scanner.interface_scanner - INFO - 开始扫描目录: D:\Dev\interface_monitoring\Interface-pool
2026-03-04 11:30:00 - scanner.interface_scanner - INFO - 实际扫描到的文件: 663
2026-03-04 11:30:00 - scanner.interface_scanner - INFO -   1. D:\Dev\interface_monitoring\Interface-pool\user\JPush推送\发送推送_OpenAPI.json
2026-03-04 11:30:00 - scanner.interface_scanner - INFO -   2. D:\Dev\interface_monitoring\Interface-pool\user\Oss管理\同步上传文件到OSS_OpenAPI.json
2026-03-04 11:30:00 - scanner.interface_scanner - INFO -   3. D:\Dev\interface_monitoring\Interface-pool\user\Oss管理\批量同步上传文件到OSS_OpenAPI.json
2026-03-04 11:30:00 - scanner.interface_scanner - INFO -   4. D:\Dev\interface_monitoring\Interface-pool\user\价格计算\个体价格计算_OpenAPI.json
2026-03-04 11:30:00 - scanner.interface_scanner - INFO -   5. D:\Dev\interface_monitoring\Interface-pool\user\价格计算\团体价格计算_OpenAPI.json
2026-03-04 11:30:00 - scanner.interface_scanner - INFO -   ... 还有 658 个文件
2026-03-04 11:30:00 - scanner.interface_scanner - INFO - 找到 663 个接口文档文件
2026-03-04 11:30:00 - scanner.interface_scanner - INFO - 扫描完成，共发现 663 个接口
2026-03-04 11:30:00 - __main__ - INFO - 发现 663 个接口
2026-03-04 11:30:00 - __main__ - INFO - Step 2: 获取认证Token...
2026-03-04 11:30:00 - auth.token_manager - WARNING - 尝试刷新不存在的Token: service=user, 将重新获取
2026-03-04 11:30:00 - auth.providers.http_auth_provider - INFO - 开始获取Token: service=user, method=GET
2026-03-04 11:30:00 - auth.providers.http_auth_provider - INFO - Token获取成功: service=user, expires_at=2026-03-04T11:30:01.594892
2026-03-04 11:30:00 - auth.token_manager - INFO - 强制刷新Token成功: service=user
2026-03-04 11:30:00 - auth.cache - INFO - Token已缓存: service=user, expires_at=2026-03-04 11:30:01.594892, remaining=1s
2026-03-04 11:30:00 - auth.token_manager - WARNING - 尝试刷新不存在的Token: service=nurse, 将重新获取
2026-03-04 11:30:00 - auth.providers.http_auth_provider - INFO - 开始获取Token: service=nurse, method=GET
2026-03-04 11:30:00 - auth.providers.http_auth_provider - INFO - Token获取成功: service=nurse, expires_at=2026-03-04T11:30:01.637363
2026-03-04 11:30:00 - auth.token_manager - INFO - 强制刷新Token成功: service=nurse
2026-03-04 11:30:00 - auth.cache - INFO - Token已缓存: service=nurse, expires_at=2026-03-04 11:30:01.637363, remaining=0s
2026-03-04 11:30:00 - auth.token_manager - WARNING - 尝试刷新不存在的Token: service=admin, 将重新获取
2026-03-04 11:30:00 - auth.providers.http_auth_provider - INFO - 开始获取Token: service=admin, method=POST
2026-03-04 11:30:00 - auth.providers.http_auth_provider - INFO - Token获取成功: service=admin, expires_at=2026-03-04T11:30:01.806537
2026-03-04 11:30:00 - auth.token_manager - INFO - 强制刷新Token成功: service=admin
2026-03-04 11:30:00 - auth.cache - INFO - Token已缓存: service=admin, expires_at=2026-03-04 11:30:01.806537, remaining=0s
2026-03-04 11:30:00 - __main__ - INFO - Step 3: 执行接口监控...
2026-03-04 11:30:00 - monitor.monitor_engine - INFO - 开始执行监控: 663个接口，5线程并发
2026-03-04 11:30:00 - monitor.monitor_engine - INFO - 请求间隔: 500ms
2026-03-04 11:30:05 - monitor.monitor_engine - INFO - 监控执行完成: 总数=663, 成功=198, 失败=465, 成功率=29.9%, P95响应时间=0.05s, 耗时=4.95s
2026-03-04 11:30:05 - __main__ - INFO - 接口监控执行时间: 4.96秒 (663个接口)
2026-03-04 11:30:05 - __main__ - INFO - Step 4: 分析监控结果...
2026-03-04 11:30:05 - analyzer.result_analyzer - INFO - 开始分析 663 个监控结果
2026-03-04 11:30:05 - analyzer.aggregators.error_aggregator - INFO - 开始聚合 465 个异常结果
2026-03-04 11:30:05 - analyzer.aggregators.error_aggregator - INFO - 聚合完成，共 462 种异常类型
2026-03-04 11:30:05 - analyzer.aggregators.stats_aggregator - INFO - 开始统计 663 个监控结果
2026-03-04 11:30:05 - analyzer.aggregators.stats_aggregator - INFO - 统计完成: 总数=663, 成功率=29.86%
2026-03-04 11:30:05 - analyzer.alert_logic - INFO - 发现500错误，触发异常告警: Heatmap
2026-03-04 11:30:05 - analyzer.alert_logic - INFO - 开始过滤告警错误，总错误数: 462
2026-03-04 11:30:05 - analyzer.alert_logic - INFO -   -> 通过error_type匹配: HTTP_500
2026-03-04 11:30:05 - analyzer.alert_logic - INFO -   -> 通过error_type匹配: HTTP_500
2026-03-04 11:30:05 - analyzer.alert_logic - INFO - 过滤完成，告警错误数: 2
2026-03-04 11:30:05 - analyzer.alert_logic - INFO - 被过滤的告警错误列表:
2026-03-04 11:30:05 - analyzer.alert_logic - INFO -   1. Heatmap - HTTP_500 (HTTP 500)
2026-03-04 11:30:05 - analyzer.alert_logic - INFO -   2. {Batchid} - HTTP_500 (HTTP 500)
2026-03-04 11:30:05 - analyzer.alert_logic - INFO - 准备发送告警: 类型=error, 优先级=CRITICAL, 接收人=5个, 告警错误=2个
2026-03-04 11:30:05 - analyzer.result_analyzer - INFO - 分析完成: 总数=663, 成功=198, 失败=465, 异常类型=462, 需要告警=True, 告警摘要=2个500错误
2026-03-04 11:30:05 - __main__ - INFO - 分析耗时: 0.01秒
2026-03-04 11:30:05 - __main__ - INFO - Step 5: 发送监控报告...
2026-03-04 11:30:05 - __main__ - INFO - 发现严重错误，发送告警通知
2026-03-04 11:30:05 - notifier.wechat_notifier - INFO - 开始发送监控报告
2026-03-04 11:30:05 - notifier.webhook_client - INFO - 发送企业微信消息 (尝试 1/3)
2026-03-04 11:30:05 - notifier.webhook_client - INFO - 消息发送成功: N/A
2026-03-04 11:30:05 - notifier.wechat_notifier - INFO - 监控报告发送成功: message_id=, retry_count=0
2026-03-04 11:30:05 - __main__ - INFO - 监控报告发送成功
2026-03-04 11:30:05 - __main__ - INFO - ============================================================
2026-03-04 11:30:05 - __main__ - INFO - 监控周期完成: 2026-03-04 11:30:05
2026-03-04 11:30:05 - __main__ - INFO - 总耗时: 5.55秒 (监控执行: 4.96秒, 分析: 0.01秒)
2026-03-04 11:30:05 - __main__ - INFO - 接口总数: 663
2026-03-04 11:30:05 - __main__ - INFO - 成功: 198
2026-03-04 11:30:05 - __main__ - INFO - 失败: 465
2026-03-04 11:30:05 - __main__ - INFO - 成功率: 29.86%
2026-03-04 11:30:05 - __main__ - INFO - 平均响应时间: 0.03秒
2026-03-04 11:30:05 - __main__ - INFO - 状态码分布:
2026-03-04 11:30:05 - __main__ - INFO -   HTTP 200: 198次 (29.9%)
2026-03-04 11:30:05 - __main__ - INFO -   HTTP 400: 375次 (56.6%)
2026-03-04 11:30:05 - __main__ - INFO -   HTTP 401: 86次 (13.0%)
2026-03-04 11:30:05 - __main__ - INFO -   HTTP 415: 2次 (0.3%)
2026-03-04 11:30:05 - __main__ - INFO -   HTTP 500: 2次 (0.3%)
2026-03-04 11:30:05 - __main__ - INFO - ============================================================
2026-03-04 11:30:05 - __main__ - INFO - 下次执行时间: 2026-03-04 11:35:00
2026-03-04 11:35:00 - __main__ - INFO - 开始执行监控周期: 2026-03-04 11:35:00
2026-03-04 11:35:00 - __main__ - INFO - ============================================================
2026-03-04 11:35:00 - __main__ - INFO - 开始监控周期: 2026-03-04 11:35:00
2026-03-04 11:35:00 - __main__ - INFO - ============================================================
2026-03-04 11:35:00 - __main__ - INFO - Step 1: 扫描接口文档...
2026-03-04 11:35:00 - scanner.interface_scanner - INFO - 开始扫描目录: D:\Dev\interface_monitoring\Interface-pool
2026-03-04 11:35:00 - scanner.interface_scanner - INFO - 实际扫描到的文件: 663
2026-03-04 11:35:00 - scanner.interface_scanner - INFO -   1. D:\Dev\interface_monitoring\Interface-pool\user\JPush推送\发送推送_OpenAPI.json
2026-03-04 11:35:00 - scanner.interface_scanner - INFO -   2. D:\Dev\interface_monitoring\Interface-pool\user\Oss管理\同步上传文件到OSS_OpenAPI.json
2026-03-04 11:35:00 - scanner.interface_scanner - INFO -   3. D:\Dev\interface_monitoring\Interface-pool\user\Oss管理\批量同步上传文件到OSS_OpenAPI.json
2026-03-04 11:35:00 - scanner.interface_scanner - INFO -   4. D:\Dev\interface_monitoring\Interface-pool\user\价格计算\个体价格计算_OpenAPI.json
2026-03-04 11:35:00 - scanner.interface_scanner - INFO -   5. D:\Dev\interface_monitoring\Interface-pool\user\价格计算\团体价格计算_OpenAPI.json
2026-03-04 11:35:00 - scanner.interface_scanner - INFO -   ... 还有 658 个文件
2026-03-04 11:35:00 - scanner.interface_scanner - INFO - 找到 663 个接口文档文件
2026-03-04 11:35:00 - scanner.interface_scanner - INFO - 扫描完成，共发现 663 个接口
2026-03-04 11:35:00 - __main__ - INFO - 发现 663 个接口
2026-03-04 11:35:00 - __main__ - INFO - Step 2: 获取认证Token...
2026-03-04 11:35:00 - auth.token_manager - WARNING - 尝试刷新不存在的Token: service=user, 将重新获取
2026-03-04 11:35:00 - auth.providers.http_auth_provider - INFO - 开始获取Token: service=user, method=GET
2026-03-04 11:35:00 - auth.providers.http_auth_provider - INFO - Token获取成功: service=user, expires_at=2026-03-04T11:35:01.286558
2026-03-04 11:35:00 - auth.token_manager - INFO - 强制刷新Token成功: service=user
2026-03-04 11:35:00 - auth.cache - INFO - Token已缓存: service=user, expires_at=2026-03-04 11:35:01.286558, remaining=0s
2026-03-04 11:35:00 - auth.token_manager - WARNING - 尝试刷新不存在的Token: service=nurse, 将重新获取
2026-03-04 11:35:00 - auth.providers.http_auth_provider - INFO - 开始获取Token: service=nurse, method=GET
2026-03-04 11:35:00 - auth.providers.http_auth_provider - INFO - Token获取成功: service=nurse, expires_at=2026-03-04T11:35:01.320870
2026-03-04 11:35:00 - auth.token_manager - INFO - 强制刷新Token成功: service=nurse
2026-03-04 11:35:00 - auth.cache - INFO - Token已缓存: service=nurse, expires_at=2026-03-04 11:35:01.320870, remaining=0s
2026-03-04 11:35:00 - auth.token_manager - WARNING - 尝试刷新不存在的Token: service=admin, 将重新获取
2026-03-04 11:35:00 - auth.providers.http_auth_provider - INFO - 开始获取Token: service=admin, method=POST
2026-03-04 11:35:00 - auth.providers.http_auth_provider - INFO - Token获取成功: service=admin, expires_at=2026-03-04T11:35:01.468762
2026-03-04 11:35:00 - auth.token_manager - INFO - 强制刷新Token成功: service=admin
2026-03-04 11:35:00 - auth.cache - INFO - Token已缓存: service=admin, expires_at=2026-03-04 11:35:01.468762, remaining=0s
2026-03-04 11:35:00 - __main__ - INFO - Step 3: 执行接口监控...
2026-03-04 11:35:00 - monitor.monitor_engine - INFO - 开始执行监控: 663个接口，5线程并发
2026-03-04 11:35:00 - monitor.monitor_engine - INFO - 请求间隔: 500ms
2026-03-04 11:35:05 - monitor.monitor_engine - INFO - 监控执行完成: 总数=663, 成功=198, 失败=465, 成功率=29.9%, P95响应时间=0.05s, 耗时=4.84s
2026-03-04 11:35:05 - __main__ - INFO - 接口监控执行时间: 4.84秒 (663个接口)
2026-03-04 11:35:05 - __main__ - INFO - Step 4: 分析监控结果...
2026-03-04 11:35:05 - analyzer.result_analyzer - INFO - 开始分析 663 个监控结果
2026-03-04 11:35:05 - analyzer.aggregators.error_aggregator - INFO - 开始聚合 465 个异常结果
2026-03-04 11:35:05 - analyzer.aggregators.error_aggregator - INFO - 聚合完成，共 462 种异常类型
2026-03-04 11:35:05 - analyzer.aggregators.stats_aggregator - INFO - 开始统计 663 个监控结果
2026-03-04 11:35:05 - analyzer.aggregators.stats_aggregator - INFO - 统计完成: 总数=663, 成功率=29.86%
2026-03-04 11:35:05 - analyzer.alert_logic - INFO - 发现500错误，触发异常告警: Heatmap
2026-03-04 11:35:05 - analyzer.alert_logic - INFO - 开始过滤告警错误，总错误数: 462
2026-03-04 11:35:05 - analyzer.alert_logic - INFO -   -> 通过error_type匹配: HTTP_500
2026-03-04 11:35:05 - analyzer.alert_logic - INFO -   -> 通过error_type匹配: HTTP_500
2026-03-04 11:35:05 - analyzer.alert_logic - INFO - 过滤完成，告警错误数: 2
2026-03-04 11:35:05 - analyzer.alert_logic - INFO - 被过滤的告警错误列表:
2026-03-04 11:35:05 - analyzer.alert_logic - INFO -   1. Heatmap - HTTP_500 (HTTP 500)
2026-03-04 11:35:05 - analyzer.alert_logic - INFO -   2. {Batchid} - HTTP_500 (HTTP 500)
2026-03-04 11:35:05 - analyzer.alert_logic - INFO - 准备发送告警: 类型=error, 优先级=CRITICAL, 接收人=5个, 告警错误=2个
2026-03-04 11:35:05 - analyzer.result_analyzer - INFO - 分析完成: 总数=663, 成功=198, 失败=465, 异常类型=462, 需要告警=True, 告警摘要=2个500错误
2026-03-04 11:35:05 - __main__ - INFO - 分析耗时: 0.00秒
2026-03-04 11:35:05 - __main__ - INFO - Step 5: 发送监控报告...
2026-03-04 11:35:05 - __main__ - INFO - 发现严重错误，发送告警通知
2026-03-04 11:35:05 - notifier.wechat_notifier - INFO - 开始发送监控报告
2026-03-04 11:35:05 - notifier.webhook_client - INFO - 发送企业微信消息 (尝试 1/3)
2026-03-04 11:35:05 - notifier.webhook_client - INFO - 消息发送成功: N/A
2026-03-04 11:35:05 - notifier.wechat_notifier - INFO - 监控报告发送成功: message_id=, retry_count=0
2026-03-04 11:35:05 - __main__ - INFO - 监控报告发送成功
2026-03-04 11:35:05 - __main__ - INFO - ============================================================
2026-03-04 11:35:05 - __main__ - INFO - 监控周期完成: 2026-03-04 11:35:05
2026-03-04 11:35:05 - __main__ - INFO - 总耗时: 5.42秒 (监控执行: 4.84秒, 分析: 0.00秒)
2026-03-04 11:35:05 - __main__ - INFO - 接口总数: 663
2026-03-04 11:35:05 - __main__ - INFO - 成功: 198
2026-03-04 11:35:05 - __main__ - INFO - 失败: 465
2026-03-04 11:35:05 - __main__ - INFO - 成功率: 29.86%
2026-03-04 11:35:05 - __main__ - INFO - 平均响应时间: 0.03秒
2026-03-04 11:35:05 - __main__ - INFO - 状态码分布:
2026-03-04 11:35:05 - __main__ - INFO -   HTTP 200: 198次 (29.9%)
2026-03-04 11:35:05 - __main__ - INFO -   HTTP 400: 375次 (56.6%)
2026-03-04 11:35:05 - __main__ - INFO -   HTTP 401: 86次 (13.0%)
2026-03-04 11:35:05 - __main__ - INFO -   HTTP 415: 2次 (0.3%)
2026-03-04 11:35:05 - __main__ - INFO -   HTTP 500: 2次 (0.3%)
2026-03-04 11:35:05 - __main__ - INFO - ============================================================
2026-03-04 11:35:05 - __main__ - INFO - 下次执行时间: 2026-03-04 11:40:00
2026-03-04 11:40:00 - __main__ - INFO - 开始执行监控周期: 2026-03-04 11:40:00
2026-03-04 11:40:00 - __main__ - INFO - ============================================================
2026-03-04 11:40:00 - __main__ - INFO - 开始监控周期: 2026-03-04 11:40:00
2026-03-04 11:40:00 - __main__ - INFO - ============================================================
2026-03-04 11:40:00 - __main__ - INFO - Step 1: 扫描接口文档...
2026-03-04 11:40:00 - scanner.interface_scanner - INFO - 开始扫描目录: D:\Dev\interface_monitoring\Interface-pool
2026-03-04 11:40:00 - scanner.interface_scanner - INFO - 实际扫描到的文件: 663
2026-03-04 11:40:00 - scanner.interface_scanner - INFO -   1. D:\Dev\interface_monitoring\Interface-pool\user\JPush推送\发送推送_OpenAPI.json
2026-03-04 11:40:00 - scanner.interface_scanner - INFO -   2. D:\Dev\interface_monitoring\Interface-pool\user\Oss管理\同步上传文件到OSS_OpenAPI.json
2026-03-04 11:40:00 - scanner.interface_scanner - INFO -   3. D:\Dev\interface_monitoring\Interface-pool\user\Oss管理\批量同步上传文件到OSS_OpenAPI.json
2026-03-04 11:40:00 - scanner.interface_scanner - INFO -   4. D:\Dev\interface_monitoring\Interface-pool\user\价格计算\个体价格计算_OpenAPI.json
2026-03-04 11:40:00 - scanner.interface_scanner - INFO -   5. D:\Dev\interface_monitoring\Interface-pool\user\价格计算\团体价格计算_OpenAPI.json
2026-03-04 11:40:00 - scanner.interface_scanner - INFO -   ... 还有 658 个文件
2026-03-04 11:40:00 - scanner.interface_scanner - INFO - 找到 663 个接口文档文件
2026-03-04 11:40:00 - scanner.interface_scanner - INFO - 扫描完成，共发现 663 个接口
2026-03-04 11:40:00 - __main__ - INFO - 发现 663 个接口
2026-03-04 11:40:00 - __main__ - INFO - Step 2: 获取认证Token...
2026-03-04 11:40:00 - auth.token_manager - WARNING - 尝试刷新不存在的Token: service=user, 将重新获取
2026-03-04 11:40:00 - auth.providers.http_auth_provider - INFO - 开始获取Token: service=user, method=GET
2026-03-04 11:40:00 - auth.providers.http_auth_provider - INFO - Token获取成功: service=user, expires_at=2026-03-04T11:40:01.868575
2026-03-04 11:40:00 - auth.token_manager - INFO - 强制刷新Token成功: service=user
2026-03-04 11:40:00 - auth.cache - INFO - Token已缓存: service=user, expires_at=2026-03-04 11:40:01.868575, remaining=1s
2026-03-04 11:40:00 - auth.token_manager - WARNING - 尝试刷新不存在的Token: service=nurse, 将重新获取
2026-03-04 11:40:00 - auth.providers.http_auth_provider - INFO - 开始获取Token: service=nurse, method=GET
2026-03-04 11:40:00 - auth.providers.http_auth_provider - INFO - Token获取成功: service=nurse, expires_at=2026-03-04T11:40:01.903482
2026-03-04 11:40:00 - auth.token_manager - INFO - 强制刷新Token成功: service=nurse
2026-03-04 11:40:00 - auth.cache - INFO - Token已缓存: service=nurse, expires_at=2026-03-04 11:40:01.903482, remaining=0s
2026-03-04 11:40:00 - auth.token_manager - WARNING - 尝试刷新不存在的Token: service=admin, 将重新获取
2026-03-04 11:40:00 - auth.providers.http_auth_provider - INFO - 开始获取Token: service=admin, method=POST
2026-03-04 11:40:01 - auth.providers.http_auth_provider - INFO - Token获取成功: service=admin, expires_at=2026-03-04T11:40:02.082358
2026-03-04 11:40:01 - auth.token_manager - INFO - 强制刷新Token成功: service=admin
2026-03-04 11:40:01 - auth.cache - INFO - Token已缓存: service=admin, expires_at=2026-03-04 11:40:02.082358, remaining=0s
2026-03-04 11:40:01 - __main__ - INFO - Step 3: 执行接口监控...
2026-03-04 11:40:01 - monitor.monitor_engine - INFO - 开始执行监控: 663个接口，5线程并发
2026-03-04 11:40:01 - monitor.monitor_engine - INFO - 请求间隔: 500ms
2026-03-04 11:40:05 - monitor.monitor_engine - INFO - 监控执行完成: 总数=663, 成功=198, 失败=465, 成功率=29.9%, P95响应时间=0.05s, 耗时=4.81s
2026-03-04 11:40:05 - __main__ - INFO - 接口监控执行时间: 4.81秒 (663个接口)
2026-03-04 11:40:05 - __main__ - INFO - Step 4: 分析监控结果...
2026-03-04 11:40:05 - analyzer.result_analyzer - INFO - 开始分析 663 个监控结果
2026-03-04 11:40:05 - analyzer.aggregators.error_aggregator - INFO - 开始聚合 465 个异常结果
2026-03-04 11:40:05 - analyzer.aggregators.error_aggregator - INFO - 聚合完成，共 462 种异常类型
2026-03-04 11:40:05 - analyzer.aggregators.stats_aggregator - INFO - 开始统计 663 个监控结果
2026-03-04 11:40:05 - analyzer.aggregators.stats_aggregator - INFO - 统计完成: 总数=663, 成功率=29.86%
2026-03-04 11:40:05 - analyzer.alert_logic - INFO - 发现500错误，触发异常告警: Heatmap
2026-03-04 11:40:05 - analyzer.alert_logic - INFO - 开始过滤告警错误，总错误数: 462
2026-03-04 11:40:05 - analyzer.alert_logic - INFO -   -> 通过error_type匹配: HTTP_500
2026-03-04 11:40:05 - analyzer.alert_logic - INFO -   -> 通过error_type匹配: HTTP_500
2026-03-04 11:40:05 - analyzer.alert_logic - INFO - 过滤完成，告警错误数: 2
2026-03-04 11:40:05 - analyzer.alert_logic - INFO - 被过滤的告警错误列表:
2026-03-04 11:40:05 - analyzer.alert_logic - INFO -   1. Heatmap - HTTP_500 (HTTP 500)
2026-03-04 11:40:05 - analyzer.alert_logic - INFO -   2. {Batchid} - HTTP_500 (HTTP 500)
2026-03-04 11:40:05 - analyzer.alert_logic - INFO - 准备发送告警: 类型=error, 优先级=CRITICAL, 接收人=5个, 告警错误=2个
2026-03-04 11:40:05 - analyzer.result_analyzer - INFO - 分析完成: 总数=663, 成功=198, 失败=465, 异常类型=462, 需要告警=True, 告警摘要=2个500错误
2026-03-04 11:40:05 - __main__ - INFO - 分析耗时: 0.00秒
2026-03-04 11:40:05 - __main__ - INFO - Step 5: 发送监控报告...
2026-03-04 11:40:05 - __main__ - INFO - 发现严重错误，发送告警通知
2026-03-04 11:40:05 - notifier.wechat_notifier - INFO - 开始发送监控报告
2026-03-04 11:40:05 - notifier.webhook_client - INFO - 发送企业微信消息 (尝试 1/3)
2026-03-04 11:40:06 - notifier.webhook_client - INFO - 消息发送成功: N/A
2026-03-04 11:40:06 - notifier.wechat_notifier - INFO - 监控报告发送成功: message_id=, retry_count=0
2026-03-04 11:40:06 - __main__ - INFO - 监控报告发送成功
2026-03-04 11:40:06 - __main__ - INFO - ============================================================
2026-03-04 11:40:06 - __main__ - INFO - 监控周期完成: 2026-03-04 11:40:06
2026-03-04 11:40:06 - __main__ - INFO - 总耗时: 5.38秒 (监控执行: 4.81秒, 分析: 0.00秒)
2026-03-04 11:40:06 - __main__ - INFO - 接口总数: 663
2026-03-04 11:40:06 - __main__ - INFO - 成功: 198
2026-03-04 11:40:06 - __main__ - INFO - 失败: 465
2026-03-04 11:40:06 - __main__ - INFO - 成功率: 29.86%
2026-03-04 11:40:06 - __main__ - INFO - 平均响应时间: 0.03秒
2026-03-04 11:40:06 - __main__ - INFO - 状态码分布:
2026-03-04 11:40:06 - __main__ - INFO -   HTTP 200: 198次 (29.9%)
2026-03-04 11:40:06 - __main__ - INFO -   HTTP 400: 372次 (56.1%)
2026-03-04 11:40:06 - __main__ - INFO -   HTTP 401: 89次 (13.4%)
2026-03-04 11:40:06 - __main__ - INFO -   HTTP 415: 2次 (0.3%)
2026-03-04 11:40:06 - __main__ - INFO -   HTTP 500: 2次 (0.3%)
2026-03-04 11:40:06 - __main__ - INFO - ============================================================
2026-03-04 11:40:06 - __main__ - INFO - 下次执行时间: 2026-03-04 11:45:00
2026-03-04 11:45:00 - __main__ - INFO - 开始执行监控周期: 2026-03-04 11:45:00
2026-03-04 11:45:00 - __main__ - INFO - ============================================================
2026-03-04 11:45:00 - __main__ - INFO - 开始监控周期: 2026-03-04 11:45:00
2026-03-04 11:45:00 - __main__ - INFO - ============================================================
2026-03-04 11:45:00 - __main__ - INFO - Step 1: 扫描接口文档...
2026-03-04 11:45:00 - scanner.interface_scanner - INFO - 开始扫描目录: D:\Dev\interface_monitoring\Interface-pool
2026-03-04 11:45:00 - scanner.interface_scanner - INFO - 实际扫描到的文件: 663
2026-03-04 11:45:00 - scanner.interface_scanner - INFO -   1. D:\Dev\interface_monitoring\Interface-pool\user\JPush推送\发送推送_OpenAPI.json
2026-03-04 11:45:00 - scanner.interface_scanner - INFO -   2. D:\Dev\interface_monitoring\Interface-pool\user\Oss管理\同步上传文件到OSS_OpenAPI.json
2026-03-04 11:45:00 - scanner.interface_scanner - INFO -   3. D:\Dev\interface_monitoring\Interface-pool\user\Oss管理\批量同步上传文件到OSS_OpenAPI.json
2026-03-04 11:45:00 - scanner.interface_scanner - INFO -   4. D:\Dev\interface_monitoring\Interface-pool\user\价格计算\个体价格计算_OpenAPI.json
2026-03-04 11:45:00 - scanner.interface_scanner - INFO -   5. D:\Dev\interface_monitoring\Interface-pool\user\价格计算\团体价格计算_OpenAPI.json
2026-03-04 11:45:00 - scanner.interface_scanner - INFO -   ... 还有 658 个文件
2026-03-04 11:45:00 - scanner.interface_scanner - INFO - 找到 663 个接口文档文件
2026-03-04 11:45:00 - scanner.interface_scanner - INFO - 扫描完成，共发现 663 个接口
2026-03-04 11:45:00 - __main__ - INFO - 发现 663 个接口
2026-03-04 11:45:00 - __main__ - INFO - Step 2: 获取认证Token...
2026-03-04 11:45:00 - auth.token_manager - WARNING - 尝试刷新不存在的Token: service=user, 将重新获取
2026-03-04 11:45:00 - auth.providers.http_auth_provider - INFO - 开始获取Token: service=user, method=GET
2026-03-04 11:45:00 - auth.providers.http_auth_provider - INFO - Token获取成功: service=user, expires_at=2026-03-04T11:45:01.596439
2026-03-04 11:45:00 - auth.token_manager - INFO - 强制刷新Token成功: service=user
2026-03-04 11:45:00 - auth.cache - INFO - Token已缓存: service=user, expires_at=2026-03-04 11:45:01.596439, remaining=0s
2026-03-04 11:45:00 - auth.token_manager - WARNING - 尝试刷新不存在的Token: service=nurse, 将重新获取
2026-03-04 11:45:00 - auth.providers.http_auth_provider - INFO - 开始获取Token: service=nurse, method=GET
2026-03-04 11:45:00 - auth.providers.http_auth_provider - INFO - Token获取成功: service=nurse, expires_at=2026-03-04T11:45:01.653745
2026-03-04 11:45:00 - auth.token_manager - INFO - 强制刷新Token成功: service=nurse
2026-03-04 11:45:00 - auth.cache - INFO - Token已缓存: service=nurse, expires_at=2026-03-04 11:45:01.653745, remaining=0s
2026-03-04 11:45:00 - auth.token_manager - WARNING - 尝试刷新不存在的Token: service=admin, 将重新获取
2026-03-04 11:45:00 - auth.providers.http_auth_provider - INFO - 开始获取Token: service=admin, method=POST
2026-03-04 11:45:00 - auth.providers.http_auth_provider - INFO - Token获取成功: service=admin, expires_at=2026-03-04T11:45:01.803188
2026-03-04 11:45:00 - auth.token_manager - INFO - 强制刷新Token成功: service=admin
2026-03-04 11:45:00 - auth.cache - INFO - Token已缓存: service=admin, expires_at=2026-03-04 11:45:01.803188, remaining=0s
2026-03-04 11:45:00 - __main__ - INFO - Step 3: 执行接口监控...
2026-03-04 11:45:00 - monitor.monitor_engine - INFO - 开始执行监控: 663个接口，5线程并发
2026-03-04 11:45:00 - monitor.monitor_engine - INFO - 请求间隔: 500ms
2026-03-04 11:45:06 - monitor.monitor_engine - INFO - 监控执行完成: 总数=663, 成功=197, 失败=466, 成功率=29.7%, P95响应时间=0.06s, 耗时=5.85s
2026-03-04 11:45:06 - __main__ - INFO - 接口监控执行时间: 5.86秒 (663个接口)
2026-03-04 11:45:06 - __main__ - INFO - Step 4: 分析监控结果...
2026-03-04 11:45:06 - analyzer.result_analyzer - INFO - 开始分析 663 个监控结果
2026-03-04 11:45:06 - analyzer.aggregators.error_aggregator - INFO - 开始聚合 466 个异常结果
2026-03-04 11:45:06 - analyzer.aggregators.error_aggregator - INFO - 聚合完成，共 463 种异常类型
2026-03-04 11:45:06 - analyzer.aggregators.stats_aggregator - INFO - 开始统计 663 个监控结果
2026-03-04 11:45:06 - analyzer.aggregators.stats_aggregator - INFO - 统计完成: 总数=663, 成功率=29.71%
2026-03-04 11:45:06 - analyzer.alert_logic - INFO - 发现500错误，触发异常告警: Heatmap
2026-03-04 11:45:06 - analyzer.alert_logic - INFO - 开始过滤告警错误，总错误数: 463
2026-03-04 11:45:06 - analyzer.alert_logic - INFO -   -> 通过error_type匹配: HTTP_500
2026-03-04 11:45:06 - analyzer.alert_logic - INFO -   -> 通过error_type匹配: HTTP_500
2026-03-04 11:45:06 - analyzer.alert_logic - INFO - 过滤完成，告警错误数: 2
2026-03-04 11:45:06 - analyzer.alert_logic - INFO - 被过滤的告警错误列表:
2026-03-04 11:45:06 - analyzer.alert_logic - INFO -   1. Heatmap - HTTP_500 (HTTP 500)
2026-03-04 11:45:06 - analyzer.alert_logic - INFO -   2. {Batchid} - HTTP_500 (HTTP 500)
2026-03-04 11:45:06 - analyzer.alert_logic - INFO - 准备发送告警: 类型=error, 优先级=CRITICAL, 接收人=5个, 告警错误=2个
2026-03-04 11:45:06 - analyzer.result_analyzer - INFO - 分析完成: 总数=663, 成功=197, 失败=466, 异常类型=463, 需要告警=True, 告警摘要=2个500错误
2026-03-04 11:45:06 - __main__ - INFO - 分析耗时: 0.00秒
2026-03-04 11:45:06 - __main__ - INFO - Step 5: 发送监控报告...
2026-03-04 11:45:06 - __main__ - INFO - 发现严重错误，发送告警通知
2026-03-04 11:45:06 - notifier.wechat_notifier - INFO - 开始发送监控报告
2026-03-04 11:45:06 - notifier.webhook_client - INFO - 发送企业微信消息 (尝试 1/3)
2026-03-04 11:45:06 - notifier.webhook_client - INFO - 消息发送成功: N/A
2026-03-04 11:45:06 - notifier.wechat_notifier - INFO - 监控报告发送成功: message_id=, retry_count=0
2026-03-04 11:45:06 - __main__ - INFO - 监控报告发送成功
2026-03-04 11:45:06 - __main__ - INFO - ============================================================
2026-03-04 11:45:06 - __main__ - INFO - 监控周期完成: 2026-03-04 11:45:06
2026-03-04 11:45:06 - __main__ - INFO - 总耗时: 6.64秒 (监控执行: 5.86秒, 分析: 0.00秒)
2026-03-04 11:45:06 - __main__ - INFO - 接口总数: 663
2026-03-04 11:45:06 - __main__ - INFO - 成功: 197
2026-03-04 11:45:06 - __main__ - INFO - 失败: 466
2026-03-04 11:45:06 - __main__ - INFO - 成功率: 29.71%
2026-03-04 11:45:06 - __main__ - INFO - 平均响应时间: 0.04秒
2026-03-04 11:45:06 - __main__ - INFO - 状态码分布:
2026-03-04 11:45:06 - __main__ - INFO -   HTTP 200: 197次 (29.7%)
2026-03-04 11:45:06 - __main__ - INFO -   HTTP 400: 374次 (56.4%)
2026-03-04 11:45:06 - __main__ - INFO -   HTTP 401: 88次 (13.3%)
2026-03-04 11:45:06 - __main__ - INFO -   HTTP 415: 2次 (0.3%)
2026-03-04 11:45:06 - __main__ - INFO -   HTTP 500: 2次 (0.3%)
2026-03-04 11:45:06 - __main__ - INFO - ============================================================
2026-03-04 11:45:06 - __main__ - INFO - 下次执行时间: 2026-03-04 11:50:00
2026-03-04 11:50:00 - __main__ - INFO - 开始执行监控周期: 2026-03-04 11:50:00
2026-03-04 11:50:00 - __main__ - INFO - ============================================================
2026-03-04 11:50:00 - __main__ - INFO - 开始监控周期: 2026-03-04 11:50:00
2026-03-04 11:50:00 - __main__ - INFO - ============================================================
2026-03-04 11:50:00 - __main__ - INFO - Step 1: 扫描接口文档...
2026-03-04 11:50:00 - scanner.interface_scanner - INFO - 开始扫描目录: D:\Dev\interface_monitoring\Interface-pool
2026-03-04 11:50:00 - scanner.interface_scanner - INFO - 实际扫描到的文件: 663
2026-03-04 11:50:00 - scanner.interface_scanner - INFO -   1. D:\Dev\interface_monitoring\Interface-pool\user\JPush推送\发送推送_OpenAPI.json
2026-03-04 11:50:00 - scanner.interface_scanner - INFO -   2. D:\Dev\interface_monitoring\Interface-pool\user\Oss管理\同步上传文件到OSS_OpenAPI.json
2026-03-04 11:50:00 - scanner.interface_scanner - INFO -   3. D:\Dev\interface_monitoring\Interface-pool\user\Oss管理\批量同步上传文件到OSS_OpenAPI.json
2026-03-04 11:50:00 - scanner.interface_scanner - INFO -   4. D:\Dev\interface_monitoring\Interface-pool\user\价格计算\个体价格计算_OpenAPI.json
2026-03-04 11:50:00 - scanner.interface_scanner - INFO -   5. D:\Dev\interface_monitoring\Interface-pool\user\价格计算\团体价格计算_OpenAPI.json
2026-03-04 11:50:00 - scanner.interface_scanner - INFO -   ... 还有 658 个文件
2026-03-04 11:50:00 - scanner.interface_scanner - INFO - 找到 663 个接口文档文件
2026-03-04 11:50:00 - scanner.interface_scanner - INFO - 扫描完成，共发现 663 个接口
2026-03-04 11:50:00 - __main__ - INFO - 发现 663 个接口
2026-03-04 11:50:00 - __main__ - INFO - Step 2: 获取认证Token...
2026-03-04 11:50:00 - auth.token_manager - WARNING - 尝试刷新不存在的Token: service=user, 将重新获取
2026-03-04 11:50:00 - auth.providers.http_auth_provider - INFO - 开始获取Token: service=user, method=GET
2026-03-04 11:50:00 - auth.providers.http_auth_provider - INFO - Token获取成功: service=user, expires_at=2026-03-04T11:50:01.409402
2026-03-04 11:50:00 - auth.token_manager - INFO - 强制刷新Token成功: service=user
2026-03-04 11:50:00 - auth.cache - INFO - Token已缓存: service=user, expires_at=2026-03-04 11:50:01.409402, remaining=0s
2026-03-04 11:50:00 - auth.token_manager - WARNING - 尝试刷新不存在的Token: service=nurse, 将重新获取
2026-03-04 11:50:00 - auth.providers.http_auth_provider - INFO - 开始获取Token: service=nurse, method=GET
2026-03-04 11:50:00 - auth.providers.http_auth_provider - INFO - Token获取成功: service=nurse, expires_at=2026-03-04T11:50:01.466003
2026-03-04 11:50:00 - auth.token_manager - INFO - 强制刷新Token成功: service=nurse
2026-03-04 11:50:00 - auth.cache - INFO - Token已缓存: service=nurse, expires_at=2026-03-04 11:50:01.466003, remaining=0s
2026-03-04 11:50:00 - auth.token_manager - WARNING - 尝试刷新不存在的Token: service=admin, 将重新获取
2026-03-04 11:50:00 - auth.providers.http_auth_provider - INFO - 开始获取Token: service=admin, method=POST
2026-03-04 11:50:00 - auth.providers.http_auth_provider - INFO - Token获取成功: service=admin, expires_at=2026-03-04T11:50:01.619797
2026-03-04 11:50:00 - auth.token_manager - INFO - 强制刷新Token成功: service=admin
2026-03-04 11:50:00 - auth.cache - INFO - Token已缓存: service=admin, expires_at=2026-03-04 11:50:01.619797, remaining=0s
2026-03-04 11:50:00 - __main__ - INFO - Step 3: 执行接口监控...
2026-03-04 11:50:00 - monitor.monitor_engine - INFO - 开始执行监控: 663个接口，5线程并发
2026-03-04 11:50:00 - monitor.monitor_engine - INFO - 请求间隔: 500ms
2026-03-04 11:50:06 - monitor.monitor_engine - INFO - 监控执行完成: 总数=663, 成功=198, 失败=465, 成功率=29.9%, P95响应时间=0.06s, 耗时=5.71s
2026-03-04 11:50:06 - __main__ - INFO - 接口监控执行时间: 5.71秒 (663个接口)
2026-03-04 11:50:06 - __main__ - INFO - Step 4: 分析监控结果...
2026-03-04 11:50:06 - analyzer.result_analyzer - INFO - 开始分析 663 个监控结果
2026-03-04 11:50:06 - analyzer.aggregators.error_aggregator - INFO - 开始聚合 465 个异常结果
2026-03-04 11:50:06 - analyzer.aggregators.error_aggregator - INFO - 聚合完成，共 462 种异常类型
2026-03-04 11:50:06 - analyzer.aggregators.stats_aggregator - INFO - 开始统计 663 个监控结果
2026-03-04 11:50:06 - analyzer.aggregators.stats_aggregator - INFO - 统计完成: 总数=663, 成功率=29.86%
2026-03-04 11:50:06 - analyzer.alert_logic - INFO - 发现500错误，触发异常告警: Heatmap
2026-03-04 11:50:06 - analyzer.alert_logic - INFO - 开始过滤告警错误，总错误数: 462
2026-03-04 11:50:06 - analyzer.alert_logic - INFO -   -> 通过error_type匹配: HTTP_500
2026-03-04 11:50:06 - analyzer.alert_logic - INFO -   -> 通过error_type匹配: HTTP_500
2026-03-04 11:50:06 - analyzer.alert_logic - INFO - 过滤完成，告警错误数: 2
2026-03-04 11:50:06 - analyzer.alert_logic - INFO - 被过滤的告警错误列表:
2026-03-04 11:50:06 - analyzer.alert_logic - INFO -   1. Heatmap - HTTP_500 (HTTP 500)
2026-03-04 11:50:06 - analyzer.alert_logic - INFO -   2. {Batchid} - HTTP_500 (HTTP 500)
2026-03-04 11:50:06 - analyzer.alert_logic - INFO - 准备发送告警: 类型=error, 优先级=CRITICAL, 接收人=5个, 告警错误=2个
2026-03-04 11:50:06 - analyzer.result_analyzer - INFO - 分析完成: 总数=663, 成功=198, 失败=465, 异常类型=462, 需要告警=True, 告警摘要=2个500错误
2026-03-04 11:50:06 - __main__ - INFO - 分析耗时: 0.00秒
2026-03-04 11:50:06 - __main__ - INFO - Step 5: 发送监控报告...
2026-03-04 11:50:06 - __main__ - INFO - 发现严重错误，发送告警通知
2026-03-04 11:50:06 - notifier.wechat_notifier - INFO - 开始发送监控报告
2026-03-04 11:50:06 - notifier.webhook_client - INFO - 发送企业微信消息 (尝试 1/3)
2026-03-04 11:50:06 - notifier.webhook_client - INFO - 消息发送成功: N/A
2026-03-04 11:50:06 - notifier.wechat_notifier - INFO - 监控报告发送成功: message_id=, retry_count=0
2026-03-04 11:50:06 - __main__ - INFO - 监控报告发送成功
2026-03-04 11:50:06 - __main__ - INFO - ============================================================
2026-03-04 11:50:06 - __main__ - INFO - 监控周期完成: 2026-03-04 11:50:06
2026-03-04 11:50:06 - __main__ - INFO - 总耗时: 6.70秒 (监控执行: 5.71秒, 分析: 0.00秒)
2026-03-04 11:50:06 - __main__ - INFO - 接口总数: 663
2026-03-04 11:50:06 - __main__ - INFO - 成功: 198
2026-03-04 11:50:06 - __main__ - INFO - 失败: 465
2026-03-04 11:50:06 - __main__ - INFO - 成功率: 29.86%
2026-03-04 11:50:06 - __main__ - INFO - 平均响应时间: 0.04秒
2026-03-04 11:50:06 - __main__ - INFO - 状态码分布:
2026-03-04 11:50:06 - __main__ - INFO -   HTTP 200: 198次 (29.9%)
2026-03-04 11:50:06 - __main__ - INFO -   HTTP 400: 377次 (56.9%)
2026-03-04 11:50:06 - __main__ - INFO -   HTTP 401: 84次 (12.7%)
2026-03-04 11:50:06 - __main__ - INFO -   HTTP 415: 2次 (0.3%)
2026-03-04 11:50:06 - __main__ - INFO -   HTTP 500: 2次 (0.3%)
2026-03-04 11:50:06 - __main__ - INFO - ============================================================
2026-03-04 11:50:06 - __main__ - INFO - 下次执行时间: 2026-03-04 11:55:00
2026-03-04 11:55:00 - __main__ - INFO - 开始执行监控周期: 2026-03-04 11:55:00
2026-03-04 11:55:00 - __main__ - INFO - ============================================================
2026-03-04 11:55:00 - __main__ - INFO - 开始监控周期: 2026-03-04 11:55:00
2026-03-04 11:55:00 - __main__ - INFO - ============================================================
2026-03-04 11:55:00 - __main__ - INFO - Step 1: 扫描接口文档...
2026-03-04 11:55:00 - scanner.interface_scanner - INFO - 开始扫描目录: D:\Dev\interface_monitoring\Interface-pool
2026-03-04 11:55:00 - scanner.interface_scanner - INFO - 实际扫描到的文件: 663
2026-03-04 11:55:00 - scanner.interface_scanner - INFO -   1. D:\Dev\interface_monitoring\Interface-pool\user\JPush推送\发送推送_OpenAPI.json
2026-03-04 11:55:00 - scanner.interface_scanner - INFO -   2. D:\Dev\interface_monitoring\Interface-pool\user\Oss管理\同步上传文件到OSS_OpenAPI.json
2026-03-04 11:55:00 - scanner.interface_scanner - INFO -   3. D:\Dev\interface_monitoring\Interface-pool\user\Oss管理\批量同步上传文件到OSS_OpenAPI.json
2026-03-04 11:55:00 - scanner.interface_scanner - INFO -   4. D:\Dev\interface_monitoring\Interface-pool\user\价格计算\个体价格计算_OpenAPI.json
2026-03-04 11:55:00 - scanner.interface_scanner - INFO -   5. D:\Dev\interface_monitoring\Interface-pool\user\价格计算\团体价格计算_OpenAPI.json
2026-03-04 11:55:00 - scanner.interface_scanner - INFO -   ... 还有 658 个文件
2026-03-04 11:55:00 - scanner.interface_scanner - INFO - 找到 663 个接口文档文件
2026-03-04 11:55:00 - scanner.interface_scanner - INFO - 扫描完成，共发现 663 个接口
2026-03-04 11:55:00 - __main__ - INFO - 发现 663 个接口
2026-03-04 11:55:00 - __main__ - INFO - Step 2: 获取认证Token...
2026-03-04 11:55:00 - auth.token_manager - WARNING - 尝试刷新不存在的Token: service=user, 将重新获取
2026-03-04 11:55:00 - auth.providers.http_auth_provider - INFO - 开始获取Token: service=user, method=GET
2026-03-04 11:55:00 - auth.providers.http_auth_provider - INFO - Token获取成功: service=user, expires_at=2026-03-04T11:55:01.987772
2026-03-04 11:55:00 - auth.token_manager - INFO - 强制刷新Token成功: service=user
2026-03-04 11:55:00 - auth.cache - INFO - Token已缓存: service=user, expires_at=2026-03-04 11:55:01.987772, remaining=0s
2026-03-04 11:55:00 - auth.token_manager - WARNING - 尝试刷新不存在的Token: service=nurse, 将重新获取
2026-03-04 11:55:00 - auth.providers.http_auth_provider - INFO - 开始获取Token: service=nurse, method=GET
2026-03-04 11:55:01 - auth.providers.http_auth_provider - INFO - Token获取成功: service=nurse, expires_at=2026-03-04T11:55:02.037562
2026-03-04 11:55:01 - auth.token_manager - INFO - 强制刷新Token成功: service=nurse
2026-03-04 11:55:01 - auth.cache - INFO - Token已缓存: service=nurse, expires_at=2026-03-04 11:55:02.037562, remaining=0s
2026-03-04 11:55:01 - auth.token_manager - WARNING - 尝试刷新不存在的Token: service=admin, 将重新获取
2026-03-04 11:55:01 - auth.providers.http_auth_provider - INFO - 开始获取Token: service=admin, method=POST
2026-03-04 11:55:01 - auth.providers.http_auth_provider - INFO - Token获取成功: service=admin, expires_at=2026-03-04T11:55:02.206713
2026-03-04 11:55:01 - auth.token_manager - INFO - 强制刷新Token成功: service=admin
2026-03-04 11:55:01 - auth.cache - INFO - Token已缓存: service=admin, expires_at=2026-03-04 11:55:02.206713, remaining=1s
2026-03-04 11:55:01 - __main__ - INFO - Step 3: 执行接口监控...
2026-03-04 11:55:01 - monitor.monitor_engine - INFO - 开始执行监控: 663个接口，5线程并发
2026-03-04 11:55:01 - monitor.monitor_engine - INFO - 请求间隔: 500ms
2026-03-04 11:55:06 - monitor.monitor_engine - INFO - 监控执行完成: 总数=663, 成功=198, 失败=465, 成功率=29.9%, P95响应时间=0.06s, 耗时=5.57s
2026-03-04 11:55:06 - __main__ - INFO - 接口监控执行时间: 5.57秒 (663个接口)
2026-03-04 11:55:06 - __main__ - INFO - Step 4: 分析监控结果...
2026-03-04 11:55:06 - analyzer.result_analyzer - INFO - 开始分析 663 个监控结果
2026-03-04 11:55:06 - analyzer.aggregators.error_aggregator - INFO - 开始聚合 465 个异常结果
2026-03-04 11:55:06 - analyzer.aggregators.error_aggregator - INFO - 聚合完成，共 462 种异常类型
2026-03-04 11:55:06 - analyzer.aggregators.stats_aggregator - INFO - 开始统计 663 个监控结果
2026-03-04 11:55:06 - analyzer.aggregators.stats_aggregator - INFO - 统计完成: 总数=663, 成功率=29.86%
2026-03-04 11:55:06 - analyzer.alert_logic - INFO - 发现500错误，触发异常告警: Heatmap
2026-03-04 11:55:06 - analyzer.alert_logic - INFO - 开始过滤告警错误，总错误数: 462
2026-03-04 11:55:06 - analyzer.alert_logic - INFO -   -> 通过error_type匹配: HTTP_500
2026-03-04 11:55:06 - analyzer.alert_logic - INFO -   -> 通过error_type匹配: HTTP_500
2026-03-04 11:55:06 - analyzer.alert_logic - INFO - 过滤完成，告警错误数: 2
2026-03-04 11:55:06 - analyzer.alert_logic - INFO - 被过滤的告警错误列表:
2026-03-04 11:55:06 - analyzer.alert_logic - INFO -   1. Heatmap - HTTP_500 (HTTP 500)
2026-03-04 11:55:06 - analyzer.alert_logic - INFO -   2. {Batchid} - HTTP_500 (HTTP 500)
2026-03-04 11:55:06 - analyzer.alert_logic - INFO - 准备发送告警: 类型=error, 优先级=CRITICAL, 接收人=5个, 告警错误=2个
2026-03-04 11:55:06 - analyzer.result_analyzer - INFO - 分析完成: 总数=663, 成功=198, 失败=465, 异常类型=462, 需要告警=True, 告警摘要=2个500错误
2026-03-04 11:55:06 - __main__ - INFO - 分析耗时: 0.00秒
2026-03-04 11:55:06 - __main__ - INFO - Step 5: 发送监控报告...
2026-03-04 11:55:06 - __main__ - INFO - 发现严重错误，发送告警通知
2026-03-04 11:55:06 - notifier.wechat_notifier - INFO - 开始发送监控报告
2026-03-04 11:55:06 - notifier.webhook_client - INFO - 发送企业微信消息 (尝试 1/3)
2026-03-04 11:55:07 - notifier.webhook_client - INFO - 消息发送成功: N/A
2026-03-04 11:55:07 - notifier.wechat_notifier - INFO - 监控报告发送成功: message_id=, retry_count=0
2026-03-04 11:55:07 - __main__ - INFO - 监控报告发送成功
2026-03-04 11:55:07 - __main__ - INFO - ============================================================
2026-03-04 11:55:07 - __main__ - INFO - 监控周期完成: 2026-03-04 11:55:07
2026-03-04 11:55:07 - __main__ - INFO - 总耗时: 6.32秒 (监控执行: 5.57秒, 分析: 0.00秒)
2026-03-04 11:55:07 - __main__ - INFO - 接口总数: 663
2026-03-04 11:55:07 - __main__ - INFO - 成功: 198
2026-03-04 11:55:07 - __main__ - INFO - 失败: 465
2026-03-04 11:55:07 - __main__ - INFO - 成功率: 29.86%
2026-03-04 11:55:07 - __main__ - INFO - 平均响应时间: 0.04秒
2026-03-04 11:55:07 - __main__ - INFO - 状态码分布:
2026-03-04 11:55:07 - __main__ - INFO -   HTTP 200: 198次 (29.9%)
2026-03-04 11:55:07 - __main__ - INFO -   HTTP 400: 372次 (56.1%)
2026-03-04 11:55:07 - __main__ - INFO -   HTTP 401: 89次 (13.4%)
2026-03-04 11:55:07 - __main__ - INFO -   HTTP 415: 2次 (0.3%)
2026-03-04 11:55:07 - __main__ - INFO -   HTTP 500: 2次 (0.3%)
2026-03-04 11:55:07 - __main__ - INFO - ============================================================
2026-03-04 11:55:07 - __main__ - INFO - 下次执行时间: 2026-03-04 12:00:00
2026-03-04 12:00:00 - __main__ - INFO - 开始执行监控周期: 2026-03-04 12:00:00
2026-03-04 12:00:00 - __main__ - INFO - ============================================================
2026-03-04 12:00:00 - __main__ - INFO - 开始监控周期: 2026-03-04 12:00:00
2026-03-04 12:00:00 - __main__ - INFO - ============================================================
2026-03-04 12:00:00 - __main__ - INFO - Step 1: 扫描接口文档...
2026-03-04 12:00:00 - scanner.interface_scanner - INFO - 开始扫描目录: D:\Dev\interface_monitoring\Interface-pool
2026-03-04 12:00:00 - scanner.interface_scanner - INFO - 实际扫描到的文件: 663
2026-03-04 12:00:00 - scanner.interface_scanner - INFO -   1. D:\Dev\interface_monitoring\Interface-pool\user\JPush推送\发送推送_OpenAPI.json
2026-03-04 12:00:00 - scanner.interface_scanner - INFO -   2. D:\Dev\interface_monitoring\Interface-pool\user\Oss管理\同步上传文件到OSS_OpenAPI.json
2026-03-04 12:00:00 - scanner.interface_scanner - INFO -   3. D:\Dev\interface_monitoring\Interface-pool\user\Oss管理\批量同步上传文件到OSS_OpenAPI.json
2026-03-04 12:00:00 - scanner.interface_scanner - INFO -   4. D:\Dev\interface_monitoring\Interface-pool\user\价格计算\个体价格计算_OpenAPI.json
2026-03-04 12:00:00 - scanner.interface_scanner - INFO -   5. D:\Dev\interface_monitoring\Interface-pool\user\价格计算\团体价格计算_OpenAPI.json
2026-03-04 12:00:00 - scanner.interface_scanner - INFO -   ... 还有 658 个文件
2026-03-04 12:00:00 - scanner.interface_scanner - INFO - 找到 663 个接口文档文件
2026-03-04 12:00:00 - scanner.interface_scanner - INFO - 扫描完成，共发现 663 个接口
2026-03-04 12:00:00 - __main__ - INFO - 发现 663 个接口
2026-03-04 12:00:00 - __main__ - INFO - Step 2: 获取认证Token...
2026-03-04 12:00:00 - auth.token_manager - WARNING - 尝试刷新不存在的Token: service=user, 将重新获取
2026-03-04 12:00:00 - auth.providers.http_auth_provider - INFO - 开始获取Token: service=user, method=GET
2026-03-04 12:00:00 - auth.providers.http_auth_provider - INFO - Token获取成功: service=user, expires_at=2026-03-04T12:00:01.492678
2026-03-04 12:00:00 - auth.token_manager - INFO - 强制刷新Token成功: service=user
2026-03-04 12:00:00 - auth.cache - INFO - Token已缓存: service=user, expires_at=2026-03-04 12:00:01.492678, remaining=0s
2026-03-04 12:00:00 - auth.token_manager - WARNING - 尝试刷新不存在的Token: service=nurse, 将重新获取
2026-03-04 12:00:00 - auth.providers.http_auth_provider - INFO - 开始获取Token: service=nurse, method=GET
2026-03-04 12:00:00 - auth.providers.http_auth_provider - INFO - Token获取成功: service=nurse, expires_at=2026-03-04T12:00:01.532950
2026-03-04 12:00:00 - auth.token_manager - INFO - 强制刷新Token成功: service=nurse
2026-03-04 12:00:00 - auth.cache - INFO - Token已缓存: service=nurse, expires_at=2026-03-04 12:00:01.532950, remaining=0s
2026-03-04 12:00:00 - auth.token_manager - WARNING - 尝试刷新不存在的Token: service=admin, 将重新获取
2026-03-04 12:00:00 - auth.providers.http_auth_provider - INFO - 开始获取Token: service=admin, method=POST
2026-03-04 12:00:00 - auth.providers.http_auth_provider - INFO - Token获取成功: service=admin, expires_at=2026-03-04T12:00:01.689790
2026-03-04 12:00:00 - auth.token_manager - INFO - 强制刷新Token成功: service=admin
2026-03-04 12:00:00 - auth.cache - INFO - Token已缓存: service=admin, expires_at=2026-03-04 12:00:01.689790, remaining=0s
2026-03-04 12:00:00 - __main__ - INFO - Step 3: 执行接口监控...
2026-03-04 12:00:00 - monitor.monitor_engine - INFO - 开始执行监控: 663个接口，5线程并发
2026-03-04 12:00:00 - monitor.monitor_engine - INFO - 请求间隔: 500ms
2026-03-04 12:00:05 - monitor.monitor_engine - INFO - 监控执行完成: 总数=663, 成功=199, 失败=464, 成功率=30.0%, P95响应时间=0.05s, 耗时=4.89s
2026-03-04 12:00:05 - __main__ - INFO - 接口监控执行时间: 4.89秒 (663个接口)
2026-03-04 12:00:05 - __main__ - INFO - Step 4: 分析监控结果...
2026-03-04 12:00:05 - analyzer.result_analyzer - INFO - 开始分析 663 个监控结果
2026-03-04 12:00:05 - analyzer.aggregators.error_aggregator - INFO - 开始聚合 464 个异常结果
2026-03-04 12:00:05 - analyzer.aggregators.error_aggregator - INFO - 聚合完成，共 461 种异常类型
2026-03-04 12:00:05 - analyzer.aggregators.stats_aggregator - INFO - 开始统计 663 个监控结果
2026-03-04 12:00:05 - analyzer.aggregators.stats_aggregator - INFO - 统计完成: 总数=663, 成功率=30.02%
2026-03-04 12:00:05 - analyzer.alert_logic - INFO - 发现500错误，触发异常告警: Heatmap
2026-03-04 12:00:05 - analyzer.alert_logic - INFO - 开始过滤告警错误，总错误数: 461
2026-03-04 12:00:05 - analyzer.alert_logic - INFO -   -> 通过error_type匹配: HTTP_500
2026-03-04 12:00:05 - analyzer.alert_logic - INFO -   -> 通过error_type匹配: HTTP_500
2026-03-04 12:00:05 - analyzer.alert_logic - INFO - 过滤完成，告警错误数: 2
2026-03-04 12:00:05 - analyzer.alert_logic - INFO - 被过滤的告警错误列表:
2026-03-04 12:00:05 - analyzer.alert_logic - INFO -   1. Heatmap - HTTP_500 (HTTP 500)
2026-03-04 12:00:05 - analyzer.alert_logic - INFO -   2. {Batchid} - HTTP_500 (HTTP 500)
2026-03-04 12:00:05 - analyzer.alert_logic - INFO - 准备发送告警: 类型=error, 优先级=CRITICAL, 接收人=5个, 告警错误=2个
2026-03-04 12:00:05 - analyzer.result_analyzer - INFO - 分析完成: 总数=663, 成功=199, 失败=464, 异常类型=461, 需要告警=True, 告警摘要=2个500错误
2026-03-04 12:00:05 - __main__ - INFO - 分析耗时: 0.01秒
2026-03-04 12:00:05 - __main__ - INFO - Step 5: 发送监控报告...
2026-03-04 12:00:05 - __main__ - INFO - 发现严重错误，发送告警通知
2026-03-04 12:00:05 - notifier.wechat_notifier - INFO - 开始发送监控报告
2026-03-04 12:00:05 - notifier.webhook_client - INFO - 发送企业微信消息 (尝试 1/3)
2026-03-04 12:00:05 - notifier.webhook_client - INFO - 消息发送成功: N/A
2026-03-04 12:00:05 - notifier.wechat_notifier - INFO - 监控报告发送成功: message_id=, retry_count=0
2026-03-04 12:00:05 - __main__ - INFO - 监控报告发送成功
2026-03-04 12:00:05 - __main__ - INFO - ============================================================
2026-03-04 12:00:05 - __main__ - INFO - 监控周期完成: 2026-03-04 12:00:05
2026-03-04 12:00:05 - __main__ - INFO - 总耗时: 5.49秒 (监控执行: 4.89秒, 分析: 0.01秒)
2026-03-04 12:00:05 - __main__ - INFO - 接口总数: 663
2026-03-04 12:00:05 - __main__ - INFO - 成功: 199
2026-03-04 12:00:05 - __main__ - INFO - 失败: 464
2026-03-04 12:00:05 - __main__ - INFO - 成功率: 30.02%
2026-03-04 12:00:05 - __main__ - INFO - 平均响应时间: 0.03秒
2026-03-04 12:00:05 - __main__ - INFO - 状态码分布:
2026-03-04 12:00:05 - __main__ - INFO -   HTTP 200: 199次 (30.0%)
2026-03-04 12:00:05 - __main__ - INFO -   HTTP 400: 377次 (56.9%)
2026-03-04 12:00:05 - __main__ - INFO -   HTTP 401: 83次 (12.5%)
2026-03-04 12:00:05 - __main__ - INFO -   HTTP 415: 2次 (0.3%)
2026-03-04 12:00:05 - __main__ - INFO -   HTTP 500: 2次 (0.3%)
2026-03-04 12:00:05 - __main__ - INFO - ============================================================
2026-03-04 12:00:05 - __main__ - INFO - 下次执行时间: 2026-03-04 12:05:00
2026-03-04 12:05:00 - __main__ - INFO - 开始执行监控周期: 2026-03-04 12:05:00
2026-03-04 12:05:00 - __main__ - INFO - ============================================================
2026-03-04 12:05:00 - __main__ - INFO - 开始监控周期: 2026-03-04 12:05:00
2026-03-04 12:05:00 - __main__ - INFO - ============================================================
2026-03-04 12:05:00 - __main__ - INFO - Step 1: 扫描接口文档...
2026-03-04 12:05:00 - scanner.interface_scanner - INFO - 开始扫描目录: D:\Dev\interface_monitoring\Interface-pool
2026-03-04 12:05:00 - scanner.interface_scanner - INFO - 实际扫描到的文件: 663
2026-03-04 12:05:00 - scanner.interface_scanner - INFO -   1. D:\Dev\interface_monitoring\Interface-pool\user\JPush推送\发送推送_OpenAPI.json
2026-03-04 12:05:00 - scanner.interface_scanner - INFO -   2. D:\Dev\interface_monitoring\Interface-pool\user\Oss管理\同步上传文件到OSS_OpenAPI.json
2026-03-04 12:05:00 - scanner.interface_scanner - INFO -   3. D:\Dev\interface_monitoring\Interface-pool\user\Oss管理\批量同步上传文件到OSS_OpenAPI.json
2026-03-04 12:05:00 - scanner.interface_scanner - INFO -   4. D:\Dev\interface_monitoring\Interface-pool\user\价格计算\个体价格计算_OpenAPI.json
2026-03-04 12:05:00 - scanner.interface_scanner - INFO -   5. D:\Dev\interface_monitoring\Interface-pool\user\价格计算\团体价格计算_OpenAPI.json
2026-03-04 12:05:00 - scanner.interface_scanner - INFO -   ... 还有 658 个文件
2026-03-04 12:05:00 - scanner.interface_scanner - INFO - 找到 663 个接口文档文件
2026-03-04 12:05:01 - scanner.interface_scanner - INFO - 扫描完成，共发现 663 个接口
2026-03-04 12:05:01 - __main__ - INFO - 发现 663 个接口
2026-03-04 12:05:01 - __main__ - INFO - Step 2: 获取认证Token...
2026-03-04 12:05:01 - auth.token_manager - WARNING - 尝试刷新不存在的Token: service=user, 将重新获取
2026-03-04 12:05:01 - auth.providers.http_auth_provider - INFO - 开始获取Token: service=user, method=GET
2026-03-04 12:05:01 - auth.providers.http_auth_provider - INFO - Token获取成功: service=user, expires_at=2026-03-04T12:05:02.110460
2026-03-04 12:05:01 - auth.token_manager - INFO - 强制刷新Token成功: service=user
2026-03-04 12:05:01 - auth.cache - INFO - Token已缓存: service=user, expires_at=2026-03-04 12:05:02.110460, remaining=0s
2026-03-04 12:05:01 - auth.token_manager - WARNING - 尝试刷新不存在的Token: service=nurse, 将重新获取
2026-03-04 12:05:01 - auth.providers.http_auth_provider - INFO - 开始获取Token: service=nurse, method=GET
2026-03-04 12:05:01 - auth.providers.http_auth_provider - INFO - Token获取成功: service=nurse, expires_at=2026-03-04T12:05:02.140643
2026-03-04 12:05:01 - auth.token_manager - INFO - 强制刷新Token成功: service=nurse
2026-03-04 12:05:01 - auth.cache - INFO - Token已缓存: service=nurse, expires_at=2026-03-04 12:05:02.140643, remaining=0s
2026-03-04 12:05:01 - auth.token_manager - WARNING - 尝试刷新不存在的Token: service=admin, 将重新获取
2026-03-04 12:05:01 - auth.providers.http_auth_provider - INFO - 开始获取Token: service=admin, method=POST
2026-03-04 12:05:01 - auth.providers.http_auth_provider - INFO - Token获取成功: service=admin, expires_at=2026-03-04T12:05:02.276440
2026-03-04 12:05:01 - auth.token_manager - INFO - 强制刷新Token成功: service=admin
2026-03-04 12:05:01 - auth.cache - INFO - Token已缓存: service=admin, expires_at=2026-03-04 12:05:02.276440, remaining=0s
2026-03-04 12:05:01 - __main__ - INFO - Step 3: 执行接口监控...
2026-03-04 12:05:01 - monitor.monitor_engine - INFO - 开始执行监控: 663个接口，5线程并发
2026-03-04 12:05:01 - monitor.monitor_engine - INFO - 请求间隔: 500ms
2026-03-04 12:05:06 - monitor.monitor_engine - INFO - 监控执行完成: 总数=663, 成功=199, 失败=464, 成功率=30.0%, P95响应时间=0.05s, 耗时=4.85s
2026-03-04 12:05:06 - __main__ - INFO - 接口监控执行时间: 4.85秒 (663个接口)
2026-03-04 12:05:06 - __main__ - INFO - Step 4: 分析监控结果...
2026-03-04 12:05:06 - analyzer.result_analyzer - INFO - 开始分析 663 个监控结果
2026-03-04 12:05:06 - analyzer.aggregators.error_aggregator - INFO - 开始聚合 464 个异常结果
2026-03-04 12:05:06 - analyzer.aggregators.error_aggregator - INFO - 聚合完成，共 461 种异常类型
2026-03-04 12:05:06 - analyzer.aggregators.stats_aggregator - INFO - 开始统计 663 个监控结果
2026-03-04 12:05:06 - analyzer.aggregators.stats_aggregator - INFO - 统计完成: 总数=663, 成功率=30.02%
2026-03-04 12:05:06 - analyzer.alert_logic - INFO - 发现500错误，触发异常告警: Heatmap
2026-03-04 12:05:06 - analyzer.alert_logic - INFO - 开始过滤告警错误，总错误数: 461
2026-03-04 12:05:06 - analyzer.alert_logic - INFO -   -> 通过error_type匹配: HTTP_500
2026-03-04 12:05:06 - analyzer.alert_logic - INFO -   -> 通过error_type匹配: HTTP_500
2026-03-04 12:05:06 - analyzer.alert_logic - INFO - 过滤完成，告警错误数: 2
2026-03-04 12:05:06 - analyzer.alert_logic - INFO - 被过滤的告警错误列表:
2026-03-04 12:05:06 - analyzer.alert_logic - INFO -   1. Heatmap - HTTP_500 (HTTP 500)
2026-03-04 12:05:06 - analyzer.alert_logic - INFO -   2. {Batchid} - HTTP_500 (HTTP 500)
2026-03-04 12:05:06 - analyzer.alert_logic - INFO - 准备发送告警: 类型=error, 优先级=CRITICAL, 接收人=5个, 告警错误=2个
2026-03-04 12:05:06 - analyzer.result_analyzer - INFO - 分析完成: 总数=663, 成功=199, 失败=464, 异常类型=461, 需要告警=True, 告警摘要=2个500错误
2026-03-04 12:05:06 - __main__ - INFO - 分析耗时: 0.00秒
2026-03-04 12:05:06 - __main__ - INFO - Step 5: 发送监控报告...
2026-03-04 12:05:06 - __main__ - INFO - 发现严重错误，发送告警通知
2026-03-04 12:05:06 - notifier.wechat_notifier - INFO - 开始发送监控报告
2026-03-04 12:05:06 - notifier.webhook_client - INFO - 发送企业微信消息 (尝试 1/3)
2026-03-04 12:05:06 - notifier.webhook_client - INFO - 消息发送成功: N/A
2026-03-04 12:05:06 - notifier.wechat_notifier - INFO - 监控报告发送成功: message_id=, retry_count=0
2026-03-04 12:05:06 - __main__ - INFO - 监控报告发送成功
2026-03-04 12:05:06 - __main__ - INFO - ============================================================
2026-03-04 12:05:06 - __main__ - INFO - 监控周期完成: 2026-03-04 12:05:06
2026-03-04 12:05:06 - __main__ - INFO - 总耗时: 5.38秒 (监控执行: 4.85秒, 分析: 0.00秒)
2026-03-04 12:05:06 - __main__ - INFO - 接口总数: 663
2026-03-04 12:05:06 - __main__ - INFO - 成功: 199
2026-03-04 12:05:06 - __main__ - INFO - 失败: 464
2026-03-04 12:05:06 - __main__ - INFO - 成功率: 30.02%
2026-03-04 12:05:06 - __main__ - INFO - 平均响应时间: 0.03秒
2026-03-04 12:05:06 - __main__ - INFO - 状态码分布:
2026-03-04 12:05:06 - __main__ - INFO -   HTTP 200: 199次 (30.0%)
2026-03-04 12:05:06 - __main__ - INFO -   HTTP 400: 374次 (56.4%)
2026-03-04 12:05:06 - __main__ - INFO -   HTTP 401: 86次 (13.0%)
2026-03-04 12:05:06 - __main__ - INFO -   HTTP 415: 2次 (0.3%)
2026-03-04 12:05:06 - __main__ - INFO -   HTTP 500: 2次 (0.3%)
2026-03-04 12:05:06 - __main__ - INFO - ============================================================
2026-03-04 12:05:06 - __main__ - INFO - 下次执行时间: 2026-03-04 12:10:00
2026-03-04 12:10:00 - __main__ - INFO - 开始执行监控周期: 2026-03-04 12:10:00
2026-03-04 12:10:00 - __main__ - INFO - ============================================================
2026-03-04 12:10:00 - __main__ - INFO - 开始监控周期: 2026-03-04 12:10:00
2026-03-04 12:10:00 - __main__ - INFO - ============================================================
2026-03-04 12:10:00 - __main__ - INFO - Step 1: 扫描接口文档...
2026-03-04 12:10:00 - scanner.interface_scanner - INFO - 开始扫描目录: D:\Dev\interface_monitoring\Interface-pool
2026-03-04 12:10:00 - scanner.interface_scanner - INFO - 实际扫描到的文件: 663
2026-03-04 12:10:00 - scanner.interface_scanner - INFO -   1. D:\Dev\interface_monitoring\Interface-pool\user\JPush推送\发送推送_OpenAPI.json
2026-03-04 12:10:00 - scanner.interface_scanner - INFO -   2. D:\Dev\interface_monitoring\Interface-pool\user\Oss管理\同步上传文件到OSS_OpenAPI.json
2026-03-04 12:10:00 - scanner.interface_scanner - INFO -   3. D:\Dev\interface_monitoring\Interface-pool\user\Oss管理\批量同步上传文件到OSS_OpenAPI.json
2026-03-04 12:10:00 - scanner.interface_scanner - INFO -   4. D:\Dev\interface_monitoring\Interface-pool\user\价格计算\个体价格计算_OpenAPI.json
2026-03-04 12:10:00 - scanner.interface_scanner - INFO -   5. D:\Dev\interface_monitoring\Interface-pool\user\价格计算\团体价格计算_OpenAPI.json
2026-03-04 12:10:00 - scanner.interface_scanner - INFO -   ... 还有 658 个文件
2026-03-04 12:10:00 - scanner.interface_scanner - INFO - 找到 663 个接口文档文件
2026-03-04 12:10:00 - scanner.interface_scanner - INFO - 扫描完成，共发现 663 个接口
2026-03-04 12:10:00 - __main__ - INFO - 发现 663 个接口
2026-03-04 12:10:00 - __main__ - INFO - Step 2: 获取认证Token...
2026-03-04 12:10:00 - auth.token_manager - WARNING - 尝试刷新不存在的Token: service=user, 将重新获取
2026-03-04 12:10:00 - auth.providers.http_auth_provider - INFO - 开始获取Token: service=user, method=GET
2026-03-04 12:10:00 - auth.providers.http_auth_provider - INFO - Token获取成功: service=user, expires_at=2026-03-04T12:10:01.701970
2026-03-04 12:10:00 - auth.token_manager - INFO - 强制刷新Token成功: service=user
2026-03-04 12:10:00 - auth.cache - INFO - Token已缓存: service=user, expires_at=2026-03-04 12:10:01.701970, remaining=0s
2026-03-04 12:10:00 - auth.token_manager - WARNING - 尝试刷新不存在的Token: service=nurse, 将重新获取
2026-03-04 12:10:00 - auth.providers.http_auth_provider - INFO - 开始获取Token: service=nurse, method=GET
2026-03-04 12:10:00 - auth.providers.http_auth_provider - INFO - Token获取成功: service=nurse, expires_at=2026-03-04T12:10:01.742057
2026-03-04 12:10:00 - auth.token_manager - INFO - 强制刷新Token成功: service=nurse
2026-03-04 12:10:00 - auth.cache - INFO - Token已缓存: service=nurse, expires_at=2026-03-04 12:10:01.742057, remaining=0s
2026-03-04 12:10:00 - auth.token_manager - WARNING - 尝试刷新不存在的Token: service=admin, 将重新获取
2026-03-04 12:10:00 - auth.providers.http_auth_provider - INFO - 开始获取Token: service=admin, method=POST
2026-03-04 12:10:00 - auth.providers.http_auth_provider - INFO - Token获取成功: service=admin, expires_at=2026-03-04T12:10:01.904214
2026-03-04 12:10:00 - auth.token_manager - INFO - 强制刷新Token成功: service=admin
2026-03-04 12:10:00 - auth.cache - INFO - Token已缓存: service=admin, expires_at=2026-03-04 12:10:01.904214, remaining=0s
2026-03-04 12:10:00 - __main__ - INFO - Step 3: 执行接口监控...
2026-03-04 12:10:00 - monitor.monitor_engine - INFO - 开始执行监控: 663个接口，5线程并发
2026-03-04 12:10:00 - monitor.monitor_engine - INFO - 请求间隔: 500ms
2026-03-04 12:10:06 - monitor.monitor_engine - INFO - 监控执行完成: 总数=663, 成功=198, 失败=465, 成功率=29.9%, P95响应时间=0.06s, 耗时=5.85s
2026-03-04 12:10:06 - __main__ - INFO - 接口监控执行时间: 5.85秒 (663个接口)
2026-03-04 12:10:06 - __main__ - INFO - Step 4: 分析监控结果...
2026-03-04 12:10:06 - analyzer.result_analyzer - INFO - 开始分析 663 个监控结果
2026-03-04 12:10:06 - analyzer.aggregators.error_aggregator - INFO - 开始聚合 465 个异常结果
2026-03-04 12:10:06 - analyzer.aggregators.error_aggregator - INFO - 聚合完成，共 462 种异常类型
2026-03-04 12:10:06 - analyzer.aggregators.stats_aggregator - INFO - 开始统计 663 个监控结果
2026-03-04 12:10:06 - analyzer.aggregators.stats_aggregator - INFO - 统计完成: 总数=663, 成功率=29.86%
2026-03-04 12:10:06 - analyzer.alert_logic - INFO - 发现500错误，触发异常告警: Heatmap
2026-03-04 12:10:06 - analyzer.alert_logic - INFO - 开始过滤告警错误，总错误数: 462
2026-03-04 12:10:06 - analyzer.alert_logic - INFO -   -> 通过error_type匹配: HTTP_500
2026-03-04 12:10:06 - analyzer.alert_logic - INFO -   -> 通过error_type匹配: HTTP_500
2026-03-04 12:10:06 - analyzer.alert_logic - INFO - 过滤完成，告警错误数: 2
2026-03-04 12:10:06 - analyzer.alert_logic - INFO - 被过滤的告警错误列表:
2026-03-04 12:10:06 - analyzer.alert_logic - INFO -   1. Heatmap - HTTP_500 (HTTP 500)
2026-03-04 12:10:06 - analyzer.alert_logic - INFO -   2. {Batchid} - HTTP_500 (HTTP 500)
2026-03-04 12:10:06 - analyzer.alert_logic - INFO - 准备发送告警: 类型=error, 优先级=CRITICAL, 接收人=5个, 告警错误=2个
2026-03-04 12:10:06 - analyzer.result_analyzer - INFO - 分析完成: 总数=663, 成功=198, 失败=465, 异常类型=462, 需要告警=True, 告警摘要=2个500错误
2026-03-04 12:10:06 - __main__ - INFO - 分析耗时: 0.00秒
2026-03-04 12:10:06 - __main__ - INFO - Step 5: 发送监控报告...
2026-03-04 12:10:06 - __main__ - INFO - 发现严重错误，发送告警通知
2026-03-04 12:10:06 - notifier.wechat_notifier - INFO - 开始发送监控报告
2026-03-04 12:10:06 - notifier.webhook_client - INFO - 发送企业微信消息 (尝试 1/3)
2026-03-04 12:10:06 - notifier.webhook_client - INFO - 消息发送成功: N/A
2026-03-04 12:10:06 - notifier.wechat_notifier - INFO - 监控报告发送成功: message_id=, retry_count=0
2026-03-04 12:10:06 - __main__ - INFO - 监控报告发送成功
2026-03-04 12:10:06 - __main__ - INFO - ============================================================
2026-03-04 12:10:06 - __main__ - INFO - 监控周期完成: 2026-03-04 12:10:06
2026-03-04 12:10:06 - __main__ - INFO - 总耗时: 6.51秒 (监控执行: 5.85秒, 分析: 0.00秒)
2026-03-04 12:10:06 - __main__ - INFO - 接口总数: 663
2026-03-04 12:10:06 - __main__ - INFO - 成功: 198
2026-03-04 12:10:06 - __main__ - INFO - 失败: 465
2026-03-04 12:10:06 - __main__ - INFO - 成功率: 29.86%
2026-03-04 12:10:06 - __main__ - INFO - 平均响应时间: 0.04秒
2026-03-04 12:10:06 - __main__ - INFO - 状态码分布:
2026-03-04 12:10:06 - __main__ - INFO -   HTTP 200: 198次 (29.9%)
2026-03-04 12:10:06 - __main__ - INFO -   HTTP 400: 372次 (56.1%)
2026-03-04 12:10:06 - __main__ - INFO -   HTTP 401: 89次 (13.4%)
2026-03-04 12:10:06 - __main__ - INFO -   HTTP 415: 2次 (0.3%)
2026-03-04 12:10:06 - __main__ - INFO -   HTTP 500: 2次 (0.3%)
2026-03-04 12:10:06 - __main__ - INFO - ============================================================
2026-03-04 12:10:06 - __main__ - INFO - 下次执行时间: 2026-03-04 12:15:00
2026-03-04 12:15:00 - __main__ - INFO - 开始执行监控周期: 2026-03-04 12:15:00
2026-03-04 12:15:00 - __main__ - INFO - ============================================================
2026-03-04 12:15:00 - __main__ - INFO - 开始监控周期: 2026-03-04 12:15:00
2026-03-04 12:15:00 - __main__ - INFO - ============================================================
2026-03-04 12:15:00 - __main__ - INFO - Step 1: 扫描接口文档...
2026-03-04 12:15:00 - scanner.interface_scanner - INFO - 开始扫描目录: D:\Dev\interface_monitoring\Interface-pool
2026-03-04 12:15:00 - scanner.interface_scanner - INFO - 实际扫描到的文件: 663
2026-03-04 12:15:00 - scanner.interface_scanner - INFO -   1. D:\Dev\interface_monitoring\Interface-pool\user\JPush推送\发送推送_OpenAPI.json
2026-03-04 12:15:00 - scanner.interface_scanner - INFO -   2. D:\Dev\interface_monitoring\Interface-pool\user\Oss管理\同步上传文件到OSS_OpenAPI.json
2026-03-04 12:15:00 - scanner.interface_scanner - INFO -   3. D:\Dev\interface_monitoring\Interface-pool\user\Oss管理\批量同步上传文件到OSS_OpenAPI.json
2026-03-04 12:15:00 - scanner.interface_scanner - INFO -   4. D:\Dev\interface_monitoring\Interface-pool\user\价格计算\个体价格计算_OpenAPI.json
2026-03-04 12:15:00 - scanner.interface_scanner - INFO -   5. D:\Dev\interface_monitoring\Interface-pool\user\价格计算\团体价格计算_OpenAPI.json
2026-03-04 12:15:00 - scanner.interface_scanner - INFO -   ... 还有 658 个文件
2026-03-04 12:15:00 - scanner.interface_scanner - INFO - 找到 663 个接口文档文件
2026-03-04 12:15:00 - scanner.interface_scanner - INFO - 扫描完成，共发现 663 个接口
2026-03-04 12:15:00 - __main__ - INFO - 发现 663 个接口
2026-03-04 12:15:00 - __main__ - INFO - Step 2: 获取认证Token...
2026-03-04 12:15:00 - auth.token_manager - WARNING - 尝试刷新不存在的Token: service=user, 将重新获取
2026-03-04 12:15:00 - auth.providers.http_auth_provider - INFO - 开始获取Token: service=user, method=GET
2026-03-04 12:15:00 - auth.providers.http_auth_provider - INFO - Token获取成功: service=user, expires_at=2026-03-04T12:15:01.277354
2026-03-04 12:15:00 - auth.token_manager - INFO - 强制刷新Token成功: service=user
2026-03-04 12:15:00 - auth.cache - INFO - Token已缓存: service=user, expires_at=2026-03-04 12:15:01.277354, remaining=1s
2026-03-04 12:15:00 - auth.token_manager - WARNING - 尝试刷新不存在的Token: service=nurse, 将重新获取
2026-03-04 12:15:00 - auth.providers.http_auth_provider - INFO - 开始获取Token: service=nurse, method=GET
2026-03-04 12:15:00 - auth.providers.http_auth_provider - INFO - Token获取成功: service=nurse, expires_at=2026-03-04T12:15:01.331504
2026-03-04 12:15:00 - auth.token_manager - INFO - 强制刷新Token成功: service=nurse
2026-03-04 12:15:00 - auth.cache - INFO - Token已缓存: service=nurse, expires_at=2026-03-04 12:15:01.331504, remaining=0s
2026-03-04 12:15:00 - auth.token_manager - WARNING - 尝试刷新不存在的Token: service=admin, 将重新获取
2026-03-04 12:15:00 - auth.providers.http_auth_provider - INFO - 开始获取Token: service=admin, method=POST
2026-03-04 12:15:00 - auth.providers.http_auth_provider - INFO - Token获取成功: service=admin, expires_at=2026-03-04T12:15:01.500642
2026-03-04 12:15:00 - auth.token_manager - INFO - 强制刷新Token成功: service=admin
2026-03-04 12:15:00 - auth.cache - INFO - Token已缓存: service=admin, expires_at=2026-03-04 12:15:01.500642, remaining=0s
2026-03-04 12:15:00 - __main__ - INFO - Step 3: 执行接口监控...
2026-03-04 12:15:00 - monitor.monitor_engine - INFO - 开始执行监控: 663个接口，5线程并发
2026-03-04 12:15:00 - monitor.monitor_engine - INFO - 请求间隔: 500ms
2026-03-04 12:15:06 - monitor.monitor_engine - INFO - 监控执行完成: 总数=663, 成功=198, 失败=465, 成功率=29.9%, P95响应时间=0.06s, 耗时=5.81s
2026-03-04 12:15:06 - __main__ - INFO - 接口监控执行时间: 5.81秒 (663个接口)
2026-03-04 12:15:06 - __main__ - INFO - Step 4: 分析监控结果...
2026-03-04 12:15:06 - analyzer.result_analyzer - INFO - 开始分析 663 个监控结果
2026-03-04 12:15:06 - analyzer.aggregators.error_aggregator - INFO - 开始聚合 465 个异常结果
2026-03-04 12:15:06 - analyzer.aggregators.error_aggregator - INFO - 聚合完成，共 462 种异常类型
2026-03-04 12:15:06 - analyzer.aggregators.stats_aggregator - INFO - 开始统计 663 个监控结果
2026-03-04 12:15:06 - analyzer.aggregators.stats_aggregator - INFO - 统计完成: 总数=663, 成功率=29.86%
2026-03-04 12:15:06 - analyzer.alert_logic - INFO - 发现500错误，触发异常告警: Heatmap
2026-03-04 12:15:06 - analyzer.alert_logic - INFO - 开始过滤告警错误，总错误数: 462
2026-03-04 12:15:06 - analyzer.alert_logic - INFO -   -> 通过error_type匹配: HTTP_500
2026-03-04 12:15:06 - analyzer.alert_logic - INFO -   -> 通过error_type匹配: HTTP_500
2026-03-04 12:15:06 - analyzer.alert_logic - INFO - 过滤完成，告警错误数: 2
2026-03-04 12:15:06 - analyzer.alert_logic - INFO - 被过滤的告警错误列表:
2026-03-04 12:15:06 - analyzer.alert_logic - INFO -   1. Heatmap - HTTP_500 (HTTP 500)
2026-03-04 12:15:06 - analyzer.alert_logic - INFO -   2. {Batchid} - HTTP_500 (HTTP 500)
2026-03-04 12:15:06 - analyzer.alert_logic - INFO - 准备发送告警: 类型=error, 优先级=CRITICAL, 接收人=5个, 告警错误=2个
2026-03-04 12:15:06 - analyzer.result_analyzer - INFO - 分析完成: 总数=663, 成功=198, 失败=465, 异常类型=462, 需要告警=True, 告警摘要=2个500错误
2026-03-04 12:15:06 - __main__ - INFO - 分析耗时: 0.00秒
2026-03-04 12:15:06 - __main__ - INFO - Step 5: 发送监控报告...
2026-03-04 12:15:06 - __main__ - INFO - 发现严重错误，发送告警通知
2026-03-04 12:15:06 - notifier.wechat_notifier - INFO - 开始发送监控报告
2026-03-04 12:15:06 - notifier.webhook_client - INFO - 发送企业微信消息 (尝试 1/3)
2026-03-04 12:15:06 - notifier.webhook_client - INFO - 消息发送成功: N/A
2026-03-04 12:15:06 - notifier.wechat_notifier - INFO - 监控报告发送成功: message_id=, retry_count=0
2026-03-04 12:15:06 - __main__ - INFO - 监控报告发送成功
2026-03-04 12:15:06 - __main__ - INFO - ============================================================
2026-03-04 12:15:06 - __main__ - INFO - 监控周期完成: 2026-03-04 12:15:06
2026-03-04 12:15:06 - __main__ - INFO - 总耗时: 6.43秒 (监控执行: 5.81秒, 分析: 0.00秒)
2026-03-04 12:15:06 - __main__ - INFO - 接口总数: 663
2026-03-04 12:15:06 - __main__ - INFO - 成功: 198
2026-03-04 12:15:06 - __main__ - INFO - 失败: 465
2026-03-04 12:15:06 - __main__ - INFO - 成功率: 29.86%
2026-03-04 12:15:06 - __main__ - INFO - 平均响应时间: 0.04秒
2026-03-04 12:15:06 - __main__ - INFO - 状态码分布:
2026-03-04 12:15:06 - __main__ - INFO -   HTTP 200: 198次 (29.9%)
2026-03-04 12:15:06 - __main__ - INFO -   HTTP 400: 373次 (56.3%)
2026-03-04 12:15:06 - __main__ - INFO -   HTTP 401: 88次 (13.3%)
2026-03-04 12:15:06 - __main__ - INFO -   HTTP 415: 2次 (0.3%)
2026-03-04 12:15:06 - __main__ - INFO -   HTTP 500: 2次 (0.3%)
2026-03-04 12:15:06 - __main__ - INFO - ============================================================
2026-03-04 12:15:06 - __main__ - INFO - 下次执行时间: 2026-03-04 12:20:00
2026-03-04 12:20:00 - __main__ - INFO - 开始执行监控周期: 2026-03-04 12:20:00
2026-03-04 12:20:00 - __main__ - INFO - ============================================================
2026-03-04 12:20:00 - __main__ - INFO - 开始监控周期: 2026-03-04 12:20:00
2026-03-04 12:20:00 - __main__ - INFO - ============================================================
2026-03-04 12:20:00 - __main__ - INFO - Step 1: 扫描接口文档...
2026-03-04 12:20:00 - scanner.interface_scanner - INFO - 开始扫描目录: D:\Dev\interface_monitoring\Interface-pool
2026-03-04 12:20:00 - scanner.interface_scanner - INFO - 实际扫描到的文件: 663
2026-03-04 12:20:00 - scanner.interface_scanner - INFO -   1. D:\Dev\interface_monitoring\Interface-pool\user\JPush推送\发送推送_OpenAPI.json
2026-03-04 12:20:00 - scanner.interface_scanner - INFO -   2. D:\Dev\interface_monitoring\Interface-pool\user\Oss管理\同步上传文件到OSS_OpenAPI.json
2026-03-04 12:20:00 - scanner.interface_scanner - INFO -   3. D:\Dev\interface_monitoring\Interface-pool\user\Oss管理\批量同步上传文件到OSS_OpenAPI.json
2026-03-04 12:20:00 - scanner.interface_scanner - INFO -   4. D:\Dev\interface_monitoring\Interface-pool\user\价格计算\个体价格计算_OpenAPI.json
2026-03-04 12:20:00 - scanner.interface_scanner - INFO -   5. D:\Dev\interface_monitoring\Interface-pool\user\价格计算\团体价格计算_OpenAPI.json
2026-03-04 12:20:00 - scanner.interface_scanner - INFO -   ... 还有 658 个文件
2026-03-04 12:20:00 - scanner.interface_scanner - INFO - 找到 663 个接口文档文件
2026-03-04 12:20:00 - scanner.interface_scanner - INFO - 扫描完成，共发现 663 个接口
2026-03-04 12:20:00 - __main__ - INFO - 发现 663 个接口
2026-03-04 12:20:00 - __main__ - INFO - Step 2: 获取认证Token...
2026-03-04 12:20:00 - auth.token_manager - WARNING - 尝试刷新不存在的Token: service=user, 将重新获取
2026-03-04 12:20:00 - auth.providers.http_auth_provider - INFO - 开始获取Token: service=user, method=GET
2026-03-04 12:20:01 - auth.providers.http_auth_provider - INFO - Token获取成功: service=user, expires_at=2026-03-04T12:20:02.008266
2026-03-04 12:20:01 - auth.token_manager - INFO - 强制刷新Token成功: service=user
2026-03-04 12:20:01 - auth.cache - INFO - Token已缓存: service=user, expires_at=2026-03-04 12:20:02.008266, remaining=1s
2026-03-04 12:20:01 - auth.token_manager - WARNING - 尝试刷新不存在的Token: service=nurse, 将重新获取
2026-03-04 12:20:01 - auth.providers.http_auth_provider - INFO - 开始获取Token: service=nurse, method=GET
2026-03-04 12:20:01 - auth.providers.http_auth_provider - INFO - Token获取成功: service=nurse, expires_at=2026-03-04T12:20:02.076485
2026-03-04 12:20:01 - auth.token_manager - INFO - 强制刷新Token成功: service=nurse
2026-03-04 12:20:01 - auth.cache - INFO - Token已缓存: service=nurse, expires_at=2026-03-04 12:20:02.076485, remaining=0s
2026-03-04 12:20:01 - auth.token_manager - WARNING - 尝试刷新不存在的Token: service=admin, 将重新获取
2026-03-04 12:20:01 - auth.providers.http_auth_provider - INFO - 开始获取Token: service=admin, method=POST
2026-03-04 12:20:01 - auth.providers.http_auth_provider - INFO - Token获取成功: service=admin, expires_at=2026-03-04T12:20:02.522765
2026-03-04 12:20:01 - auth.token_manager - INFO - 强制刷新Token成功: service=admin
2026-03-04 12:20:01 - auth.cache - INFO - Token已缓存: service=admin, expires_at=2026-03-04 12:20:02.522765, remaining=0s
2026-03-04 12:20:01 - __main__ - INFO - Step 3: 执行接口监控...
2026-03-04 12:20:01 - monitor.monitor_engine - INFO - 开始执行监控: 663个接口，5线程并发
2026-03-04 12:20:01 - monitor.monitor_engine - INFO - 请求间隔: 500ms
2026-03-04 12:20:10 - monitor.monitor_engine - INFO - 监控执行完成: 总数=663, 成功=199, 失败=464, 成功率=30.0%, P95响应时间=0.10s, 耗时=9.09s
2026-03-04 12:20:10 - __main__ - INFO - 接口监控执行时间: 9.09秒 (663个接口)
2026-03-04 12:20:10 - __main__ - INFO - Step 4: 分析监控结果...
2026-03-04 12:20:10 - analyzer.result_analyzer - INFO - 开始分析 663 个监控结果
2026-03-04 12:20:10 - analyzer.aggregators.error_aggregator - INFO - 开始聚合 464 个异常结果
2026-03-04 12:20:10 - analyzer.aggregators.error_aggregator - INFO - 聚合完成，共 461 种异常类型
2026-03-04 12:20:10 - analyzer.aggregators.stats_aggregator - INFO - 开始统计 663 个监控结果
2026-03-04 12:20:10 - analyzer.aggregators.stats_aggregator - INFO - 统计完成: 总数=663, 成功率=30.02%
2026-03-04 12:20:10 - analyzer.alert_logic - INFO - 发现500错误，触发异常告警: Heatmap
2026-03-04 12:20:10 - analyzer.alert_logic - INFO - 开始过滤告警错误，总错误数: 461
2026-03-04 12:20:10 - analyzer.alert_logic - INFO -   -> 通过error_type匹配: HTTP_500
2026-03-04 12:20:10 - analyzer.alert_logic - INFO -   -> 通过error_type匹配: HTTP_500
2026-03-04 12:20:10 - analyzer.alert_logic - INFO - 过滤完成，告警错误数: 2
2026-03-04 12:20:10 - analyzer.alert_logic - INFO - 被过滤的告警错误列表:
2026-03-04 12:20:10 - analyzer.alert_logic - INFO -   1. Heatmap - HTTP_500 (HTTP 500)
2026-03-04 12:20:10 - analyzer.alert_logic - INFO -   2. {Batchid} - HTTP_500 (HTTP 500)
2026-03-04 12:20:10 - analyzer.alert_logic - INFO - 准备发送告警: 类型=error, 优先级=CRITICAL, 接收人=5个, 告警错误=2个
2026-03-04 12:20:10 - analyzer.result_analyzer - INFO - 分析完成: 总数=663, 成功=199, 失败=464, 异常类型=461, 需要告警=True, 告警摘要=2个500错误
2026-03-04 12:20:10 - __main__ - INFO - 分析耗时: 0.00秒
2026-03-04 12:20:10 - __main__ - INFO - Step 5: 发送监控报告...
2026-03-04 12:20:10 - __main__ - INFO - 发现严重错误，发送告警通知
2026-03-04 12:20:10 - notifier.wechat_notifier - INFO - 开始发送监控报告
2026-03-04 12:20:10 - notifier.webhook_client - INFO - 发送企业微信消息 (尝试 1/3)
2026-03-04 12:20:10 - notifier.webhook_client - INFO - 消息发送成功: N/A
2026-03-04 12:20:10 - notifier.wechat_notifier - INFO - 监控报告发送成功: message_id=, retry_count=0
2026-03-04 12:20:10 - __main__ - INFO - 监控报告发送成功
2026-03-04 12:20:10 - __main__ - INFO - ============================================================
2026-03-04 12:20:10 - __main__ - INFO - 监控周期完成: 2026-03-04 12:20:10
2026-03-04 12:20:10 - __main__ - INFO - 总耗时: 10.14秒 (监控执行: 9.09秒, 分析: 0.00秒)
2026-03-04 12:20:10 - __main__ - INFO - 接口总数: 663
2026-03-04 12:20:10 - __main__ - INFO - 成功: 199
2026-03-04 12:20:10 - __main__ - INFO - 失败: 464
2026-03-04 12:20:10 - __main__ - INFO - 成功率: 30.02%
2026-03-04 12:20:10 - __main__ - INFO - 平均响应时间: 0.06秒
2026-03-04 12:20:10 - __main__ - INFO - 状态码分布:
2026-03-04 12:20:10 - __main__ - INFO -   HTTP 200: 199次 (30.0%)
2026-03-04 12:20:10 - __main__ - INFO -   HTTP 400: 377次 (56.9%)
2026-03-04 12:20:10 - __main__ - INFO -   HTTP 401: 83次 (12.5%)
2026-03-04 12:20:10 - __main__ - INFO -   HTTP 415: 2次 (0.3%)
2026-03-04 12:20:10 - __main__ - INFO -   HTTP 500: 2次 (0.3%)
2026-03-04 12:20:10 - __main__ - INFO - ============================================================
2026-03-04 12:20:10 - __main__ - INFO - 下次执行时间: 2026-03-04 12:25:00
2026-03-04 12:25:00 - __main__ - INFO - 开始执行监控周期: 2026-03-04 12:25:00
2026-03-04 12:25:00 - __main__ - INFO - ============================================================
2026-03-04 12:25:00 - __main__ - INFO - 开始监控周期: 2026-03-04 12:25:00
2026-03-04 12:25:00 - __main__ - INFO - ============================================================
2026-03-04 12:25:00 - __main__ - INFO - Step 1: 扫描接口文档...
2026-03-04 12:25:00 - scanner.interface_scanner - INFO - 开始扫描目录: D:\Dev\interface_monitoring\Interface-pool
2026-03-04 12:25:01 - scanner.interface_scanner - INFO - 实际扫描到的文件: 663
2026-03-04 12:25:01 - scanner.interface_scanner - INFO -   1. D:\Dev\interface_monitoring\Interface-pool\user\JPush推送\发送推送_OpenAPI.json
2026-03-04 12:25:01 - scanner.interface_scanner - INFO -   2. D:\Dev\interface_monitoring\Interface-pool\user\Oss管理\同步上传文件到OSS_OpenAPI.json
2026-03-04 12:25:01 - scanner.interface_scanner - INFO -   3. D:\Dev\interface_monitoring\Interface-pool\user\Oss管理\批量同步上传文件到OSS_OpenAPI.json
2026-03-04 12:25:01 - scanner.interface_scanner - INFO -   4. D:\Dev\interface_monitoring\Interface-pool\user\价格计算\个体价格计算_OpenAPI.json
2026-03-04 12:25:01 - scanner.interface_scanner - INFO -   5. D:\Dev\interface_monitoring\Interface-pool\user\价格计算\团体价格计算_OpenAPI.json
2026-03-04 12:25:01 - scanner.interface_scanner - INFO -   ... 还有 658 个文件
2026-03-04 12:25:01 - scanner.interface_scanner - INFO - 找到 663 个接口文档文件
2026-03-04 12:25:01 - scanner.interface_scanner - INFO - 扫描完成，共发现 663 个接口
2026-03-04 12:25:01 - __main__ - INFO - 发现 663 个接口
2026-03-04 12:25:01 - __main__ - INFO - Step 2: 获取认证Token...
2026-03-04 12:25:01 - auth.token_manager - WARNING - 尝试刷新不存在的Token: service=user, 将重新获取
2026-03-04 12:25:01 - auth.providers.http_auth_provider - INFO - 开始获取Token: service=user, method=GET
2026-03-04 12:25:01 - auth.providers.http_auth_provider - INFO - Token获取成功: service=user, expires_at=2026-03-04T12:25:02.126710
2026-03-04 12:25:01 - auth.token_manager - INFO - 强制刷新Token成功: service=user
2026-03-04 12:25:01 - auth.cache - INFO - Token已缓存: service=user, expires_at=2026-03-04 12:25:02.126710, remaining=0s
2026-03-04 12:25:01 - auth.token_manager - WARNING - 尝试刷新不存在的Token: service=nurse, 将重新获取
2026-03-04 12:25:01 - auth.providers.http_auth_provider - INFO - 开始获取Token: service=nurse, method=GET
2026-03-04 12:25:01 - auth.providers.http_auth_provider - INFO - Token获取成功: service=nurse, expires_at=2026-03-04T12:25:02.185466
2026-03-04 12:25:01 - auth.token_manager - INFO - 强制刷新Token成功: service=nurse
2026-03-04 12:25:01 - auth.cache - INFO - Token已缓存: service=nurse, expires_at=2026-03-04 12:25:02.185466, remaining=0s
2026-03-04 12:25:01 - auth.token_manager - WARNING - 尝试刷新不存在的Token: service=admin, 将重新获取
2026-03-04 12:25:01 - auth.providers.http_auth_provider - INFO - 开始获取Token: service=admin, method=POST
2026-03-04 12:25:01 - auth.providers.http_auth_provider - INFO - Token获取成功: service=admin, expires_at=2026-03-04T12:25:02.382698
2026-03-04 12:25:01 - auth.token_manager - INFO - 强制刷新Token成功: service=admin
2026-03-04 12:25:01 - auth.cache - INFO - Token已缓存: service=admin, expires_at=2026-03-04 12:25:02.382698, remaining=0s
2026-03-04 12:25:01 - __main__ - INFO - Step 3: 执行接口监控...
2026-03-04 12:25:01 - monitor.monitor_engine - INFO - 开始执行监控: 663个接口，5线程并发
2026-03-04 12:25:01 - monitor.monitor_engine - INFO - 请求间隔: 500ms
2026-03-04 12:25:07 - monitor.monitor_engine - INFO - 监控执行完成: 总数=663, 成功=199, 失败=464, 成功率=30.0%, P95响应时间=0.06s, 耗时=5.72s
2026-03-04 12:25:07 - __main__ - INFO - 接口监控执行时间: 5.72秒 (663个接口)
2026-03-04 12:25:07 - __main__ - INFO - Step 4: 分析监控结果...
2026-03-04 12:25:07 - analyzer.result_analyzer - INFO - 开始分析 663 个监控结果
2026-03-04 12:25:07 - analyzer.aggregators.error_aggregator - INFO - 开始聚合 464 个异常结果
2026-03-04 12:25:07 - analyzer.aggregators.error_aggregator - INFO - 聚合完成，共 461 种异常类型
2026-03-04 12:25:07 - analyzer.aggregators.stats_aggregator - INFO - 开始统计 663 个监控结果
2026-03-04 12:25:07 - analyzer.aggregators.stats_aggregator - INFO - 统计完成: 总数=663, 成功率=30.02%
2026-03-04 12:25:07 - analyzer.alert_logic - INFO - 发现500错误，触发异常告警: Heatmap
2026-03-04 12:25:07 - analyzer.alert_logic - INFO - 开始过滤告警错误，总错误数: 461
2026-03-04 12:25:07 - analyzer.alert_logic - INFO -   -> 通过error_type匹配: HTTP_500
2026-03-04 12:25:07 - analyzer.alert_logic - INFO -   -> 通过error_type匹配: HTTP_500
2026-03-04 12:25:07 - analyzer.alert_logic - INFO - 过滤完成，告警错误数: 2
2026-03-04 12:25:07 - analyzer.alert_logic - INFO - 被过滤的告警错误列表:
2026-03-04 12:25:07 - analyzer.alert_logic - INFO -   1. Heatmap - HTTP_500 (HTTP 500)
2026-03-04 12:25:07 - analyzer.alert_logic - INFO -   2. {Batchid} - HTTP_500 (HTTP 500)
2026-03-04 12:25:07 - analyzer.alert_logic - INFO - 准备发送告警: 类型=error, 优先级=CRITICAL, 接收人=5个, 告警错误=2个
2026-03-04 12:25:07 - analyzer.result_analyzer - INFO - 分析完成: 总数=663, 成功=199, 失败=464, 异常类型=461, 需要告警=True, 告警摘要=2个500错误
2026-03-04 12:25:07 - __main__ - INFO - 分析耗时: 0.00秒
2026-03-04 12:25:07 - __main__ - INFO - Step 5: 发送监控报告...
2026-03-04 12:25:07 - __main__ - INFO - 发现严重错误，发送告警通知
2026-03-04 12:25:07 - notifier.wechat_notifier - INFO - 开始发送监控报告
2026-03-04 12:25:07 - notifier.webhook_client - INFO - 发送企业微信消息 (尝试 1/3)
2026-03-04 12:25:07 - notifier.webhook_client - INFO - 消息发送成功: N/A
2026-03-04 12:25:07 - notifier.wechat_notifier - INFO - 监控报告发送成功: message_id=, retry_count=0
2026-03-04 12:25:07 - __main__ - INFO - 监控报告发送成功
2026-03-04 12:25:07 - __main__ - INFO - ============================================================
2026-03-04 12:25:07 - __main__ - INFO - 监控周期完成: 2026-03-04 12:25:07
2026-03-04 12:25:07 - __main__ - INFO - 总耗时: 6.35秒 (监控执行: 5.72秒, 分析: 0.00秒)
2026-03-04 12:25:07 - __main__ - INFO - 接口总数: 663
2026-03-04 12:25:07 - __main__ - INFO - 成功: 199
2026-03-04 12:25:07 - __main__ - INFO - 失败: 464
2026-03-04 12:25:07 - __main__ - INFO - 成功率: 30.02%
2026-03-04 12:25:07 - __main__ - INFO - 平均响应时间: 0.04秒
2026-03-04 12:25:07 - __main__ - INFO - 状态码分布:
2026-03-04 12:25:07 - __main__ - INFO -   HTTP 200: 199次 (30.0%)
2026-03-04 12:25:07 - __main__ - INFO -   HTTP 400: 373次 (56.3%)
2026-03-04 12:25:07 - __main__ - INFO -   HTTP 401: 87次 (13.1%)
2026-03-04 12:25:07 - __main__ - INFO -   HTTP 415: 2次 (0.3%)
2026-03-04 12:25:07 - __main__ - INFO -   HTTP 500: 2次 (0.3%)
2026-03-04 12:25:07 - __main__ - INFO - ============================================================
2026-03-04 12:25:07 - __main__ - INFO - 下次执行时间: 2026-03-04 12:30:00
2026-03-04 12:30:00 - __main__ - INFO - 开始执行监控周期: 2026-03-04 12:30:00
2026-03-04 12:30:00 - __main__ - INFO - ============================================================
2026-03-04 12:30:00 - __main__ - INFO - 开始监控周期: 2026-03-04 12:30:00
2026-03-04 12:30:00 - __main__ - INFO - ============================================================
2026-03-04 12:30:00 - __main__ - INFO - Step 1: 扫描接口文档...
2026-03-04 12:30:00 - scanner.interface_scanner - INFO - 开始扫描目录: D:\Dev\interface_monitoring\Interface-pool
2026-03-04 12:30:00 - scanner.interface_scanner - INFO - 实际扫描到的文件: 663
2026-03-04 12:30:00 - scanner.interface_scanner - INFO -   1. D:\Dev\interface_monitoring\Interface-pool\user\JPush推送\发送推送_OpenAPI.json
2026-03-04 12:30:00 - scanner.interface_scanner - INFO -   2. D:\Dev\interface_monitoring\Interface-pool\user\Oss管理\同步上传文件到OSS_OpenAPI.json
2026-03-04 12:30:00 - scanner.interface_scanner - INFO -   3. D:\Dev\interface_monitoring\Interface-pool\user\Oss管理\批量同步上传文件到OSS_OpenAPI.json
2026-03-04 12:30:00 - scanner.interface_scanner - INFO -   4. D:\Dev\interface_monitoring\Interface-pool\user\价格计算\个体价格计算_OpenAPI.json
2026-03-04 12:30:00 - scanner.interface_scanner - INFO -   5. D:\Dev\interface_monitoring\Interface-pool\user\价格计算\团体价格计算_OpenAPI.json
2026-03-04 12:30:00 - scanner.interface_scanner - INFO -   ... 还有 658 个文件
2026-03-04 12:30:00 - scanner.interface_scanner - INFO - 找到 663 个接口文档文件
2026-03-04 12:30:00 - scanner.interface_scanner - INFO - 扫描完成，共发现 663 个接口
2026-03-04 12:30:00 - __main__ - INFO - 发现 663 个接口
2026-03-04 12:30:00 - __main__ - INFO - Step 2: 获取认证Token...
2026-03-04 12:30:00 - auth.token_manager - WARNING - 尝试刷新不存在的Token: service=user, 将重新获取
2026-03-04 12:30:00 - auth.providers.http_auth_provider - INFO - 开始获取Token: service=user, method=GET
2026-03-04 12:30:00 - auth.providers.http_auth_provider - INFO - Token获取成功: service=user, expires_at=2026-03-04T12:30:01.718335
2026-03-04 12:30:00 - auth.token_manager - INFO - 强制刷新Token成功: service=user
2026-03-04 12:30:00 - auth.cache - INFO - Token已缓存: service=user, expires_at=2026-03-04 12:30:01.718335, remaining=0s
2026-03-04 12:30:00 - auth.token_manager - WARNING - 尝试刷新不存在的Token: service=nurse, 将重新获取
2026-03-04 12:30:00 - auth.providers.http_auth_provider - INFO - 开始获取Token: service=nurse, method=GET
2026-03-04 12:30:00 - auth.providers.http_auth_provider - INFO - Token获取成功: service=nurse, expires_at=2026-03-04T12:30:01.766879
2026-03-04 12:30:00 - auth.token_manager - INFO - 强制刷新Token成功: service=nurse
2026-03-04 12:30:00 - auth.cache - INFO - Token已缓存: service=nurse, expires_at=2026-03-04 12:30:01.766879, remaining=0s
2026-03-04 12:30:00 - auth.token_manager - WARNING - 尝试刷新不存在的Token: service=admin, 将重新获取
2026-03-04 12:30:00 - auth.providers.http_auth_provider - INFO - 开始获取Token: service=admin, method=POST
2026-03-04 12:30:01 - auth.providers.http_auth_provider - INFO - Token获取成功: service=admin, expires_at=2026-03-04T12:30:02.114351
2026-03-04 12:30:01 - auth.token_manager - INFO - 强制刷新Token成功: service=admin
2026-03-04 12:30:01 - auth.cache - INFO - Token已缓存: service=admin, expires_at=2026-03-04 12:30:02.114351, remaining=0s
2026-03-04 12:30:01 - __main__ - INFO - Step 3: 执行接口监控...
2026-03-04 12:30:01 - monitor.monitor_engine - INFO - 开始执行监控: 663个接口，5线程并发
2026-03-04 12:30:01 - monitor.monitor_engine - INFO - 请求间隔: 500ms
2026-03-04 12:30:06 - monitor.monitor_engine - INFO - 监控执行完成: 总数=663, 成功=197, 失败=466, 成功率=29.7%, P95响应时间=0.06s, 耗时=5.66s
2026-03-04 12:30:06 - __main__ - INFO - 接口监控执行时间: 5.66秒 (663个接口)
2026-03-04 12:30:06 - __main__ - INFO - Step 4: 分析监控结果...
2026-03-04 12:30:06 - analyzer.result_analyzer - INFO - 开始分析 663 个监控结果
2026-03-04 12:30:06 - analyzer.aggregators.error_aggregator - INFO - 开始聚合 466 个异常结果
2026-03-04 12:30:06 - analyzer.aggregators.error_aggregator - INFO - 聚合完成，共 463 种异常类型
2026-03-04 12:30:06 - analyzer.aggregators.stats_aggregator - INFO - 开始统计 663 个监控结果
2026-03-04 12:30:06 - analyzer.aggregators.stats_aggregator - INFO - 统计完成: 总数=663, 成功率=29.71%
2026-03-04 12:30:06 - analyzer.alert_logic - INFO - 发现500错误，触发异常告警: Heatmap
2026-03-04 12:30:06 - analyzer.alert_logic - INFO - 开始过滤告警错误，总错误数: 463
2026-03-04 12:30:06 - analyzer.alert_logic - INFO -   -> 通过error_type匹配: HTTP_500
2026-03-04 12:30:06 - analyzer.alert_logic - INFO -   -> 通过error_type匹配: HTTP_500
2026-03-04 12:30:06 - analyzer.alert_logic - INFO - 过滤完成，告警错误数: 2
2026-03-04 12:30:06 - analyzer.alert_logic - INFO - 被过滤的告警错误列表:
2026-03-04 12:30:06 - analyzer.alert_logic - INFO -   1. Heatmap - HTTP_500 (HTTP 500)
2026-03-04 12:30:06 - analyzer.alert_logic - INFO -   2. {Batchid} - HTTP_500 (HTTP 500)
2026-03-04 12:30:06 - analyzer.alert_logic - INFO - 准备发送告警: 类型=error, 优先级=CRITICAL, 接收人=5个, 告警错误=2个
2026-03-04 12:30:06 - analyzer.result_analyzer - INFO - 分析完成: 总数=663, 成功=197, 失败=466, 异常类型=463, 需要告警=True, 告警摘要=2个500错误
2026-03-04 12:30:06 - __main__ - INFO - 分析耗时: 0.00秒
2026-03-04 12:30:06 - __main__ - INFO - Step 5: 发送监控报告...
2026-03-04 12:30:06 - __main__ - INFO - 发现严重错误，发送告警通知
2026-03-04 12:30:06 - notifier.wechat_notifier - INFO - 开始发送监控报告
2026-03-04 12:30:06 - notifier.webhook_client - INFO - 发送企业微信消息 (尝试 1/3)
2026-03-04 12:30:06 - notifier.webhook_client - INFO - 消息发送成功: N/A
2026-03-04 12:30:06 - notifier.wechat_notifier - INFO - 监控报告发送成功: message_id=, retry_count=0
2026-03-04 12:30:06 - __main__ - INFO - 监控报告发送成功
2026-03-04 12:30:06 - __main__ - INFO - ============================================================
2026-03-04 12:30:06 - __main__ - INFO - 监控周期完成: 2026-03-04 12:30:06
2026-03-04 12:30:06 - __main__ - INFO - 总耗时: 6.49秒 (监控执行: 5.66秒, 分析: 0.00秒)
2026-03-04 12:30:06 - __main__ - INFO - 接口总数: 663
2026-03-04 12:30:06 - __main__ - INFO - 成功: 197
2026-03-04 12:30:06 - __main__ - INFO - 失败: 466
2026-03-04 12:30:06 - __main__ - INFO - 成功率: 29.71%
2026-03-04 12:30:06 - __main__ - INFO - 平均响应时间: 0.04秒
2026-03-04 12:30:06 - __main__ - INFO - 状态码分布:
2026-03-04 12:30:06 - __main__ - INFO -   HTTP 200: 197次 (29.7%)
2026-03-04 12:30:06 - __main__ - INFO -   HTTP 400: 370次 (55.8%)
2026-03-04 12:30:06 - __main__ - INFO -   HTTP 401: 92次 (13.9%)
2026-03-04 12:30:06 - __main__ - INFO -   HTTP 415: 2次 (0.3%)
2026-03-04 12:30:06 - __main__ - INFO -   HTTP 500: 2次 (0.3%)
2026-03-04 12:30:06 - __main__ - INFO - ============================================================
2026-03-04 12:30:06 - __main__ - INFO - 下次执行时间: 2026-03-04 12:35:00
2026-03-04 12:35:00 - __main__ - INFO - 开始执行监控周期: 2026-03-04 12:35:00
2026-03-04 12:35:00 - __main__ - INFO - ============================================================
2026-03-04 12:35:00 - __main__ - INFO - 开始监控周期: 2026-03-04 12:35:00
2026-03-04 12:35:00 - __main__ - INFO - ============================================================
2026-03-04 12:35:00 - __main__ - INFO - Step 1: 扫描接口文档...
2026-03-04 12:35:00 - scanner.interface_scanner - INFO - 开始扫描目录: D:\Dev\interface_monitoring\Interface-pool
2026-03-04 12:35:00 - scanner.interface_scanner - INFO - 实际扫描到的文件: 663
2026-03-04 12:35:00 - scanner.interface_scanner - INFO -   1. D:\Dev\interface_monitoring\Interface-pool\user\JPush推送\发送推送_OpenAPI.json
2026-03-04 12:35:00 - scanner.interface_scanner - INFO -   2. D:\Dev\interface_monitoring\Interface-pool\user\Oss管理\同步上传文件到OSS_OpenAPI.json
2026-03-04 12:35:00 - scanner.interface_scanner - INFO -   3. D:\Dev\interface_monitoring\Interface-pool\user\Oss管理\批量同步上传文件到OSS_OpenAPI.json
2026-03-04 12:35:00 - scanner.interface_scanner - INFO -   4. D:\Dev\interface_monitoring\Interface-pool\user\价格计算\个体价格计算_OpenAPI.json
2026-03-04 12:35:00 - scanner.interface_scanner - INFO -   5. D:\Dev\interface_monitoring\Interface-pool\user\价格计算\团体价格计算_OpenAPI.json
2026-03-04 12:35:00 - scanner.interface_scanner - INFO -   ... 还有 658 个文件
2026-03-04 12:35:00 - scanner.interface_scanner - INFO - 找到 663 个接口文档文件
2026-03-04 12:35:00 - scanner.interface_scanner - INFO - 扫描完成，共发现 663 个接口
2026-03-04 12:35:00 - __main__ - INFO - 发现 663 个接口
2026-03-04 12:35:00 - __main__ - INFO - Step 2: 获取认证Token...
2026-03-04 12:35:00 - auth.token_manager - WARNING - 尝试刷新不存在的Token: service=user, 将重新获取
2026-03-04 12:35:00 - auth.providers.http_auth_provider - INFO - 开始获取Token: service=user, method=GET
2026-03-04 12:35:00 - auth.providers.http_auth_provider - INFO - Token获取成功: service=user, expires_at=2026-03-04T12:35:01.258293
2026-03-04 12:35:00 - auth.token_manager - INFO - 强制刷新Token成功: service=user
2026-03-04 12:35:00 - auth.cache - INFO - Token已缓存: service=user, expires_at=2026-03-04 12:35:01.258293, remaining=1s
2026-03-04 12:35:00 - auth.token_manager - WARNING - 尝试刷新不存在的Token: service=nurse, 将重新获取
2026-03-04 12:35:00 - auth.providers.http_auth_provider - INFO - 开始获取Token: service=nurse, method=GET
2026-03-04 12:35:00 - auth.providers.http_auth_provider - INFO - Token获取成功: service=nurse, expires_at=2026-03-04T12:35:01.308851
2026-03-04 12:35:00 - auth.token_manager - INFO - 强制刷新Token成功: service=nurse
2026-03-04 12:35:00 - auth.cache - INFO - Token已缓存: service=nurse, expires_at=2026-03-04 12:35:01.308851, remaining=0s
2026-03-04 12:35:00 - auth.token_manager - WARNING - 尝试刷新不存在的Token: service=admin, 将重新获取
2026-03-04 12:35:00 - auth.providers.http_auth_provider - INFO - 开始获取Token: service=admin, method=POST
2026-03-04 12:35:00 - auth.providers.http_auth_provider - INFO - Token获取成功: service=admin, expires_at=2026-03-04T12:35:01.492346
2026-03-04 12:35:00 - auth.token_manager - INFO - 强制刷新Token成功: service=admin
2026-03-04 12:35:00 - auth.cache - INFO - Token已缓存: service=admin, expires_at=2026-03-04 12:35:01.492346, remaining=0s
2026-03-04 12:35:00 - __main__ - INFO - Step 3: 执行接口监控...
2026-03-04 12:35:00 - monitor.monitor_engine - INFO - 开始执行监控: 663个接口，5线程并发
2026-03-04 12:35:00 - monitor.monitor_engine - INFO - 请求间隔: 500ms
2026-03-04 12:35:06 - monitor.monitor_engine - INFO - 监控执行完成: 总数=663, 成功=198, 失败=465, 成功率=29.9%, P95响应时间=0.06s, 耗时=5.75s
2026-03-04 12:35:06 - __main__ - INFO - 接口监控执行时间: 5.75秒 (663个接口)
2026-03-04 12:35:06 - __main__ - INFO - Step 4: 分析监控结果...
2026-03-04 12:35:06 - analyzer.result_analyzer - INFO - 开始分析 663 个监控结果
2026-03-04 12:35:06 - analyzer.aggregators.error_aggregator - INFO - 开始聚合 465 个异常结果
2026-03-04 12:35:06 - analyzer.aggregators.error_aggregator - INFO - 聚合完成，共 462 种异常类型
2026-03-04 12:35:06 - analyzer.aggregators.stats_aggregator - INFO - 开始统计 663 个监控结果
2026-03-04 12:35:06 - analyzer.aggregators.stats_aggregator - INFO - 统计完成: 总数=663, 成功率=29.86%
2026-03-04 12:35:06 - analyzer.alert_logic - INFO - 发现500错误，触发异常告警: Heatmap
2026-03-04 12:35:06 - analyzer.alert_logic - INFO - 开始过滤告警错误，总错误数: 462
2026-03-04 12:35:06 - analyzer.alert_logic - INFO -   -> 通过error_type匹配: HTTP_500
2026-03-04 12:35:06 - analyzer.alert_logic - INFO -   -> 通过error_type匹配: HTTP_500
2026-03-04 12:35:06 - analyzer.alert_logic - INFO - 过滤完成，告警错误数: 2
2026-03-04 12:35:06 - analyzer.alert_logic - INFO - 被过滤的告警错误列表:
2026-03-04 12:35:06 - analyzer.alert_logic - INFO -   1. Heatmap - HTTP_500 (HTTP 500)
2026-03-04 12:35:06 - analyzer.alert_logic - INFO -   2. {Batchid} - HTTP_500 (HTTP 500)
2026-03-04 12:35:06 - analyzer.alert_logic - INFO - 准备发送告警: 类型=error, 优先级=CRITICAL, 接收人=5个, 告警错误=2个
2026-03-04 12:35:06 - analyzer.result_analyzer - INFO - 分析完成: 总数=663, 成功=198, 失败=465, 异常类型=462, 需要告警=True, 告警摘要=2个500错误
2026-03-04 12:35:06 - __main__ - INFO - 分析耗时: 0.00秒
2026-03-04 12:35:06 - __main__ - INFO - Step 5: 发送监控报告...
2026-03-04 12:35:06 - __main__ - INFO - 发现严重错误，发送告警通知
2026-03-04 12:35:06 - notifier.wechat_notifier - INFO - 开始发送监控报告
2026-03-04 12:35:06 - notifier.webhook_client - INFO - 发送企业微信消息 (尝试 1/3)
2026-03-04 12:35:06 - notifier.webhook_client - INFO - 消息发送成功: N/A
2026-03-04 12:35:06 - notifier.wechat_notifier - INFO - 监控报告发送成功: message_id=, retry_count=0
2026-03-04 12:35:06 - __main__ - INFO - 监控报告发送成功
2026-03-04 12:35:06 - __main__ - INFO - ============================================================
2026-03-04 12:35:06 - __main__ - INFO - 监控周期完成: 2026-03-04 12:35:06
2026-03-04 12:35:06 - __main__ - INFO - 总耗时: 6.33秒 (监控执行: 5.75秒, 分析: 0.00秒)
2026-03-04 12:35:06 - __main__ - INFO - 接口总数: 663
2026-03-04 12:35:06 - __main__ - INFO - 成功: 198
2026-03-04 12:35:06 - __main__ - INFO - 失败: 465
2026-03-04 12:35:06 - __main__ - INFO - 成功率: 29.86%
2026-03-04 12:35:06 - __main__ - INFO - 平均响应时间: 0.04秒
2026-03-04 12:35:06 - __main__ - INFO - 状态码分布:
2026-03-04 12:35:06 - __main__ - INFO -   HTTP 200: 198次 (29.9%)
2026-03-04 12:35:06 - __main__ - INFO -   HTTP 400: 372次 (56.1%)
2026-03-04 12:35:06 - __main__ - INFO -   HTTP 401: 89次 (13.4%)
2026-03-04 12:35:06 - __main__ - INFO -   HTTP 415: 2次 (0.3%)
2026-03-04 12:35:06 - __main__ - INFO -   HTTP 500: 2次 (0.3%)
2026-03-04 12:35:06 - __main__ - INFO - ============================================================
2026-03-04 12:35:06 - __main__ - INFO - 下次执行时间: 2026-03-04 12:40:00
2026-03-04 12:40:00 - __main__ - INFO - 开始执行监控周期: 2026-03-04 12:40:00
2026-03-04 12:40:00 - __main__ - INFO - ============================================================
2026-03-04 12:40:00 - __main__ - INFO - 开始监控周期: 2026-03-04 12:40:00
2026-03-04 12:40:00 - __main__ - INFO - ============================================================
2026-03-04 12:40:00 - __main__ - INFO - Step 1: 扫描接口文档...
2026-03-04 12:40:00 - scanner.interface_scanner - INFO - 开始扫描目录: D:\Dev\interface_monitoring\Interface-pool
2026-03-04 12:40:00 - scanner.interface_scanner - INFO - 实际扫描到的文件: 663
2026-03-04 12:40:00 - scanner.interface_scanner - INFO -   1. D:\Dev\interface_monitoring\Interface-pool\user\JPush推送\发送推送_OpenAPI.json
2026-03-04 12:40:00 - scanner.interface_scanner - INFO -   2. D:\Dev\interface_monitoring\Interface-pool\user\Oss管理\同步上传文件到OSS_OpenAPI.json
2026-03-04 12:40:00 - scanner.interface_scanner - INFO -   3. D:\Dev\interface_monitoring\Interface-pool\user\Oss管理\批量同步上传文件到OSS_OpenAPI.json
2026-03-04 12:40:00 - scanner.interface_scanner - INFO -   4. D:\Dev\interface_monitoring\Interface-pool\user\价格计算\个体价格计算_OpenAPI.json
2026-03-04 12:40:00 - scanner.interface_scanner - INFO -   5. D:\Dev\interface_monitoring\Interface-pool\user\价格计算\团体价格计算_OpenAPI.json
2026-03-04 12:40:00 - scanner.interface_scanner - INFO -   ... 还有 658 个文件
2026-03-04 12:40:00 - scanner.interface_scanner - INFO - 找到 663 个接口文档文件
2026-03-04 12:40:00 - scanner.interface_scanner - INFO - 扫描完成，共发现 663 个接口
2026-03-04 12:40:00 - __main__ - INFO - 发现 663 个接口
2026-03-04 12:40:00 - __main__ - INFO - Step 2: 获取认证Token...
2026-03-04 12:40:00 - auth.token_manager - WARNING - 尝试刷新不存在的Token: service=user, 将重新获取
2026-03-04 12:40:00 - auth.providers.http_auth_provider - INFO - 开始获取Token: service=user, method=GET
2026-03-04 12:40:00 - auth.providers.http_auth_provider - INFO - Token获取成功: service=user, expires_at=2026-03-04T12:40:01.727745
2026-03-04 12:40:00 - auth.token_manager - INFO - 强制刷新Token成功: service=user
2026-03-04 12:40:00 - auth.cache - INFO - Token已缓存: service=user, expires_at=2026-03-04 12:40:01.727745, remaining=0s
2026-03-04 12:40:00 - auth.token_manager - WARNING - 尝试刷新不存在的Token: service=nurse, 将重新获取
2026-03-04 12:40:00 - auth.providers.http_auth_provider - INFO - 开始获取Token: service=nurse, method=GET
2026-03-04 12:40:00 - auth.providers.http_auth_provider - INFO - Token获取成功: service=nurse, expires_at=2026-03-04T12:40:01.767827
2026-03-04 12:40:00 - auth.token_manager - INFO - 强制刷新Token成功: service=nurse
2026-03-04 12:40:00 - auth.cache - INFO - Token已缓存: service=nurse, expires_at=2026-03-04 12:40:01.767827, remaining=1s
2026-03-04 12:40:00 - auth.token_manager - WARNING - 尝试刷新不存在的Token: service=admin, 将重新获取
2026-03-04 12:40:00 - auth.providers.http_auth_provider - INFO - 开始获取Token: service=admin, method=POST
2026-03-04 12:40:00 - auth.providers.http_auth_provider - INFO - Token获取成功: service=admin, expires_at=2026-03-04T12:40:01.976206
2026-03-04 12:40:00 - auth.token_manager - INFO - 强制刷新Token成功: service=admin
2026-03-04 12:40:00 - auth.cache - INFO - Token已缓存: service=admin, expires_at=2026-03-04 12:40:01.976206, remaining=0s
2026-03-04 12:40:00 - __main__ - INFO - Step 3: 执行接口监控...
2026-03-04 12:40:00 - monitor.monitor_engine - INFO - 开始执行监控: 663个接口，5线程并发
2026-03-04 12:40:00 - monitor.monitor_engine - INFO - 请求间隔: 500ms
2026-03-04 12:40:05 - monitor.monitor_engine - INFO - 监控执行完成: 总数=663, 成功=198, 失败=465, 成功率=29.9%, P95响应时间=0.05s, 耗时=4.65s
2026-03-04 12:40:05 - __main__ - INFO - 接口监控执行时间: 4.65秒 (663个接口)
2026-03-04 12:40:05 - __main__ - INFO - Step 4: 分析监控结果...
2026-03-04 12:40:05 - analyzer.result_analyzer - INFO - 开始分析 663 个监控结果
2026-03-04 12:40:05 - analyzer.aggregators.error_aggregator - INFO - 开始聚合 465 个异常结果
2026-03-04 12:40:05 - analyzer.aggregators.error_aggregator - INFO - 聚合完成，共 462 种异常类型
2026-03-04 12:40:05 - analyzer.aggregators.stats_aggregator - INFO - 开始统计 663 个监控结果
2026-03-04 12:40:05 - analyzer.aggregators.stats_aggregator - INFO - 统计完成: 总数=663, 成功率=29.86%
2026-03-04 12:40:05 - analyzer.alert_logic - INFO - 发现500错误，触发异常告警: Heatmap
2026-03-04 12:40:05 - analyzer.alert_logic - INFO - 开始过滤告警错误，总错误数: 462
2026-03-04 12:40:05 - analyzer.alert_logic - INFO -   -> 通过error_type匹配: HTTP_500
2026-03-04 12:40:05 - analyzer.alert_logic - INFO -   -> 通过error_type匹配: HTTP_500
2026-03-04 12:40:05 - analyzer.alert_logic - INFO - 过滤完成，告警错误数: 2
2026-03-04 12:40:05 - analyzer.alert_logic - INFO - 被过滤的告警错误列表:
2026-03-04 12:40:05 - analyzer.alert_logic - INFO -   1. Heatmap - HTTP_500 (HTTP 500)
2026-03-04 12:40:05 - analyzer.alert_logic - INFO -   2. {Batchid} - HTTP_500 (HTTP 500)
2026-03-04 12:40:05 - analyzer.alert_logic - INFO - 准备发送告警: 类型=error, 优先级=CRITICAL, 接收人=5个, 告警错误=2个
2026-03-04 12:40:05 - analyzer.result_analyzer - INFO - 分析完成: 总数=663, 成功=198, 失败=465, 异常类型=462, 需要告警=True, 告警摘要=2个500错误
2026-03-04 12:40:05 - __main__ - INFO - 分析耗时: 0.00秒
2026-03-04 12:40:05 - __main__ - INFO - Step 5: 发送监控报告...
2026-03-04 12:40:05 - __main__ - INFO - 发现严重错误，发送告警通知
2026-03-04 12:40:05 - notifier.wechat_notifier - INFO - 开始发送监控报告
2026-03-04 12:40:05 - notifier.webhook_client - INFO - 发送企业微信消息 (尝试 1/3)
2026-03-04 12:40:05 - notifier.webhook_client - INFO - 消息发送成功: N/A
2026-03-04 12:40:05 - notifier.wechat_notifier - INFO - 监控报告发送成功: message_id=, retry_count=0
2026-03-04 12:40:05 - __main__ - INFO - 监控报告发送成功
2026-03-04 12:40:05 - __main__ - INFO - ============================================================
2026-03-04 12:40:05 - __main__ - INFO - 监控周期完成: 2026-03-04 12:40:05
2026-03-04 12:40:05 - __main__ - INFO - 总耗时: 5.25秒 (监控执行: 4.65秒, 分析: 0.00秒)
2026-03-04 12:40:05 - __main__ - INFO - 接口总数: 663
2026-03-04 12:40:05 - __main__ - INFO - 成功: 198
2026-03-04 12:40:05 - __main__ - INFO - 失败: 465
2026-03-04 12:40:05 - __main__ - INFO - 成功率: 29.86%
2026-03-04 12:40:05 - __main__ - INFO - 平均响应时间: 0.03秒
2026-03-04 12:40:05 - __main__ - INFO - 状态码分布:
2026-03-04 12:40:05 - __main__ - INFO -   HTTP 200: 198次 (29.9%)
2026-03-04 12:40:05 - __main__ - INFO -   HTTP 400: 376次 (56.7%)
2026-03-04 12:40:05 - __main__ - INFO -   HTTP 401: 85次 (12.8%)
2026-03-04 12:40:05 - __main__ - INFO -   HTTP 415: 2次 (0.3%)
2026-03-04 12:40:05 - __main__ - INFO -   HTTP 500: 2次 (0.3%)
2026-03-04 12:40:05 - __main__ - INFO - ============================================================
2026-03-04 12:40:05 - __main__ - INFO - 下次执行时间: 2026-03-04 12:45:00
2026-03-04 12:45:00 - __main__ - INFO - 开始执行监控周期: 2026-03-04 12:45:00
2026-03-04 12:45:00 - __main__ - INFO - ============================================================
2026-03-04 12:45:00 - __main__ - INFO - 开始监控周期: 2026-03-04 12:45:00
2026-03-04 12:45:00 - __main__ - INFO - ============================================================
2026-03-04 12:45:00 - __main__ - INFO - Step 1: 扫描接口文档...
2026-03-04 12:45:00 - scanner.interface_scanner - INFO - 开始扫描目录: D:\Dev\interface_monitoring\Interface-pool
2026-03-04 12:45:00 - scanner.interface_scanner - INFO - 实际扫描到的文件: 663
2026-03-04 12:45:00 - scanner.interface_scanner - INFO -   1. D:\Dev\interface_monitoring\Interface-pool\user\JPush推送\发送推送_OpenAPI.json
2026-03-04 12:45:00 - scanner.interface_scanner - INFO -   2. D:\Dev\interface_monitoring\Interface-pool\user\Oss管理\同步上传文件到OSS_OpenAPI.json
2026-03-04 12:45:00 - scanner.interface_scanner - INFO -   3. D:\Dev\interface_monitoring\Interface-pool\user\Oss管理\批量同步上传文件到OSS_OpenAPI.json
2026-03-04 12:45:00 - scanner.interface_scanner - INFO -   4. D:\Dev\interface_monitoring\Interface-pool\user\价格计算\个体价格计算_OpenAPI.json
2026-03-04 12:45:00 - scanner.interface_scanner - INFO -   5. D:\Dev\interface_monitoring\Interface-pool\user\价格计算\团体价格计算_OpenAPI.json
2026-03-04 12:45:00 - scanner.interface_scanner - INFO -   ... 还有 658 个文件
2026-03-04 12:45:00 - scanner.interface_scanner - INFO - 找到 663 个接口文档文件
2026-03-04 12:45:01 - scanner.interface_scanner - INFO - 扫描完成，共发现 663 个接口
2026-03-04 12:45:01 - __main__ - INFO - 发现 663 个接口
2026-03-04 12:45:01 - __main__ - INFO - Step 2: 获取认证Token...
2026-03-04 12:45:01 - auth.token_manager - WARNING - 尝试刷新不存在的Token: service=user, 将重新获取
2026-03-04 12:45:01 - auth.providers.http_auth_provider - INFO - 开始获取Token: service=user, method=GET
2026-03-04 12:45:01 - auth.providers.http_auth_provider - INFO - Token获取成功: service=user, expires_at=2026-03-04T12:45:02.107063
2026-03-04 12:45:01 - auth.token_manager - INFO - 强制刷新Token成功: service=user
2026-03-04 12:45:01 - auth.cache - INFO - Token已缓存: service=user, expires_at=2026-03-04 12:45:02.107063, remaining=0s
2026-03-04 12:45:01 - auth.token_manager - WARNING - 尝试刷新不存在的Token: service=nurse, 将重新获取
2026-03-04 12:45:01 - auth.providers.http_auth_provider - INFO - 开始获取Token: service=nurse, method=GET
2026-03-04 12:45:01 - auth.providers.http_auth_provider - INFO - Token获取成功: service=nurse, expires_at=2026-03-04T12:45:02.157509
2026-03-04 12:45:01 - auth.token_manager - INFO - 强制刷新Token成功: service=nurse
2026-03-04 12:45:01 - auth.cache - INFO - Token已缓存: service=nurse, expires_at=2026-03-04 12:45:02.157509, remaining=0s
2026-03-04 12:45:01 - auth.token_manager - WARNING - 尝试刷新不存在的Token: service=admin, 将重新获取
2026-03-04 12:45:01 - auth.providers.http_auth_provider - INFO - 开始获取Token: service=admin, method=POST
2026-03-04 12:45:01 - auth.providers.http_auth_provider - INFO - Token获取成功: service=admin, expires_at=2026-03-04T12:45:02.322842
2026-03-04 12:45:01 - auth.token_manager - INFO - 强制刷新Token成功: service=admin
2026-03-04 12:45:01 - auth.cache - INFO - Token已缓存: service=admin, expires_at=2026-03-04 12:45:02.322842, remaining=0s
2026-03-04 12:45:01 - __main__ - INFO - Step 3: 执行接口监控...
2026-03-04 12:45:01 - monitor.monitor_engine - INFO - 开始执行监控: 663个接口，5线程并发
2026-03-04 12:45:01 - monitor.monitor_engine - INFO - 请求间隔: 500ms
2026-03-04 12:45:06 - monitor.monitor_engine - INFO - 监控执行完成: 总数=663, 成功=198, 失败=465, 成功率=29.9%, P95响应时间=0.05s, 耗时=4.77s
2026-03-04 12:45:06 - __main__ - INFO - 接口监控执行时间: 4.78秒 (663个接口)
2026-03-04 12:45:06 - __main__ - INFO - Step 4: 分析监控结果...
2026-03-04 12:45:06 - analyzer.result_analyzer - INFO - 开始分析 663 个监控结果
2026-03-04 12:45:06 - analyzer.aggregators.error_aggregator - INFO - 开始聚合 465 个异常结果
2026-03-04 12:45:06 - analyzer.aggregators.error_aggregator - INFO - 聚合完成，共 462 种异常类型
2026-03-04 12:45:06 - analyzer.aggregators.stats_aggregator - INFO - 开始统计 663 个监控结果
2026-03-04 12:45:06 - analyzer.aggregators.stats_aggregator - INFO - 统计完成: 总数=663, 成功率=29.86%
2026-03-04 12:45:06 - analyzer.alert_logic - INFO - 发现500错误，触发异常告警: Heatmap
2026-03-04 12:45:06 - analyzer.alert_logic - INFO - 开始过滤告警错误，总错误数: 462
2026-03-04 12:45:06 - analyzer.alert_logic - INFO -   -> 通过error_type匹配: HTTP_500
2026-03-04 12:45:06 - analyzer.alert_logic - INFO -   -> 通过error_type匹配: HTTP_500
2026-03-04 12:45:06 - analyzer.alert_logic - INFO - 过滤完成，告警错误数: 2
2026-03-04 12:45:06 - analyzer.alert_logic - INFO - 被过滤的告警错误列表:
2026-03-04 12:45:06 - analyzer.alert_logic - INFO -   1. Heatmap - HTTP_500 (HTTP 500)
2026-03-04 12:45:06 - analyzer.alert_logic - INFO -   2. {Batchid} - HTTP_500 (HTTP 500)
2026-03-04 12:45:06 - analyzer.alert_logic - INFO - 准备发送告警: 类型=error, 优先级=CRITICAL, 接收人=5个, 告警错误=2个
2026-03-04 12:45:06 - analyzer.result_analyzer - INFO - 分析完成: 总数=663, 成功=198, 失败=465, 异常类型=462, 需要告警=True, 告警摘要=2个500错误
2026-03-04 12:45:06 - __main__ - INFO - 分析耗时: 0.00秒
2026-03-04 12:45:06 - __main__ - INFO - Step 5: 发送监控报告...
2026-03-04 12:45:06 - __main__ - INFO - 发现严重错误，发送告警通知
2026-03-04 12:45:06 - notifier.wechat_notifier - INFO - 开始发送监控报告
2026-03-04 12:45:06 - notifier.webhook_client - INFO - 发送企业微信消息 (尝试 1/3)
2026-03-04 12:45:06 - notifier.webhook_client - INFO - 消息发送成功: N/A
2026-03-04 12:45:06 - notifier.wechat_notifier - INFO - 监控报告发送成功: message_id=, retry_count=0
2026-03-04 12:45:06 - __main__ - INFO - 监控报告发送成功
2026-03-04 12:45:06 - __main__ - INFO - ============================================================
2026-03-04 12:45:06 - __main__ - INFO - 监控周期完成: 2026-03-04 12:45:06
2026-03-04 12:45:06 - __main__ - INFO - 总耗时: 5.36秒 (监控执行: 4.78秒, 分析: 0.00秒)
2026-03-04 12:45:06 - __main__ - INFO - 接口总数: 663
2026-03-04 12:45:06 - __main__ - INFO - 成功: 198
2026-03-04 12:45:06 - __main__ - INFO - 失败: 465
2026-03-04 12:45:06 - __main__ - INFO - 成功率: 29.86%
2026-03-04 12:45:06 - __main__ - INFO - 平均响应时间: 0.03秒
2026-03-04 12:45:06 - __main__ - INFO - 状态码分布:
2026-03-04 12:45:06 - __main__ - INFO -   HTTP 200: 198次 (29.9%)
2026-03-04 12:45:06 - __main__ - INFO -   HTTP 400: 373次 (56.3%)
2026-03-04 12:45:06 - __main__ - INFO -   HTTP 401: 88次 (13.3%)
2026-03-04 12:45:06 - __main__ - INFO -   HTTP 415: 2次 (0.3%)
2026-03-04 12:45:06 - __main__ - INFO -   HTTP 500: 2次 (0.3%)
2026-03-04 12:45:06 - __main__ - INFO - ============================================================
2026-03-04 12:45:06 - __main__ - INFO - 下次执行时间: 2026-03-04 12:50:00
2026-03-04 12:50:00 - __main__ - INFO - 开始执行监控周期: 2026-03-04 12:50:00
2026-03-04 12:50:00 - __main__ - INFO - ============================================================
2026-03-04 12:50:00 - __main__ - INFO - 开始监控周期: 2026-03-04 12:50:00
2026-03-04 12:50:00 - __main__ - INFO - ============================================================
2026-03-04 12:50:00 - __main__ - INFO - Step 1: 扫描接口文档...
2026-03-04 12:50:00 - scanner.interface_scanner - INFO - 开始扫描目录: D:\Dev\interface_monitoring\Interface-pool
2026-03-04 12:50:00 - scanner.interface_scanner - INFO - 实际扫描到的文件: 663
2026-03-04 12:50:00 - scanner.interface_scanner - INFO -   1. D:\Dev\interface_monitoring\Interface-pool\user\JPush推送\发送推送_OpenAPI.json
2026-03-04 12:50:00 - scanner.interface_scanner - INFO -   2. D:\Dev\interface_monitoring\Interface-pool\user\Oss管理\同步上传文件到OSS_OpenAPI.json
2026-03-04 12:50:00 - scanner.interface_scanner - INFO -   3. D:\Dev\interface_monitoring\Interface-pool\user\Oss管理\批量同步上传文件到OSS_OpenAPI.json
2026-03-04 12:50:00 - scanner.interface_scanner - INFO -   4. D:\Dev\interface_monitoring\Interface-pool\user\价格计算\个体价格计算_OpenAPI.json
2026-03-04 12:50:00 - scanner.interface_scanner - INFO -   5. D:\Dev\interface_monitoring\Interface-pool\user\价格计算\团体价格计算_OpenAPI.json
2026-03-04 12:50:00 - scanner.interface_scanner - INFO -   ... 还有 658 个文件
2026-03-04 12:50:00 - scanner.interface_scanner - INFO - 找到 663 个接口文档文件
2026-03-04 12:50:00 - scanner.interface_scanner - INFO - 扫描完成，共发现 663 个接口
2026-03-04 12:50:00 - __main__ - INFO - 发现 663 个接口
2026-03-04 12:50:00 - __main__ - INFO - Step 2: 获取认证Token...
2026-03-04 12:50:00 - auth.token_manager - WARNING - 尝试刷新不存在的Token: service=user, 将重新获取
2026-03-04 12:50:00 - auth.providers.http_auth_provider - INFO - 开始获取Token: service=user, method=GET
2026-03-04 12:50:00 - auth.providers.http_auth_provider - INFO - Token获取成功: service=user, expires_at=2026-03-04T12:50:01.583262
2026-03-04 12:50:00 - auth.token_manager - INFO - 强制刷新Token成功: service=user
2026-03-04 12:50:00 - auth.cache - INFO - Token已缓存: service=user, expires_at=2026-03-04 12:50:01.583262, remaining=0s
2026-03-04 12:50:00 - auth.token_manager - WARNING - 尝试刷新不存在的Token: service=nurse, 将重新获取
2026-03-04 12:50:00 - auth.providers.http_auth_provider - INFO - 开始获取Token: service=nurse, method=GET
2026-03-04 12:50:00 - auth.providers.http_auth_provider - INFO - Token获取成功: service=nurse, expires_at=2026-03-04T12:50:01.617379
2026-03-04 12:50:00 - auth.token_manager - INFO - 强制刷新Token成功: service=nurse
2026-03-04 12:50:00 - auth.cache - INFO - Token已缓存: service=nurse, expires_at=2026-03-04 12:50:01.617379, remaining=1s
2026-03-04 12:50:00 - auth.token_manager - WARNING - 尝试刷新不存在的Token: service=admin, 将重新获取
2026-03-04 12:50:00 - auth.providers.http_auth_provider - INFO - 开始获取Token: service=admin, method=POST
2026-03-04 12:50:01 - auth.providers.http_auth_provider - INFO - Token获取成功: service=admin, expires_at=2026-03-04T12:50:02.790803
2026-03-04 12:50:01 - auth.token_manager - INFO - 强制刷新Token成功: service=admin
2026-03-04 12:50:01 - auth.cache - INFO - Token已缓存: service=admin, expires_at=2026-03-04 12:50:02.790803, remaining=0s
2026-03-04 12:50:01 - __main__ - INFO - Step 3: 执行接口监控...
2026-03-04 12:50:01 - monitor.monitor_engine - INFO - 开始执行监控: 663个接口，5线程并发
2026-03-04 12:50:01 - monitor.monitor_engine - INFO - 请求间隔: 500ms
2026-03-04 12:50:06 - monitor.monitor_engine - INFO - 监控执行完成: 总数=663, 成功=199, 失败=464, 成功率=30.0%, P95响应时间=0.05s, 耗时=4.92s
2026-03-04 12:50:06 - __main__ - INFO - 接口监控执行时间: 4.92秒 (663个接口)
2026-03-04 12:50:06 - __main__ - INFO - Step 4: 分析监控结果...
2026-03-04 12:50:06 - analyzer.result_analyzer - INFO - 开始分析 663 个监控结果
2026-03-04 12:50:06 - analyzer.aggregators.error_aggregator - INFO - 开始聚合 464 个异常结果
2026-03-04 12:50:06 - analyzer.aggregators.error_aggregator - INFO - 聚合完成，共 461 种异常类型
2026-03-04 12:50:06 - analyzer.aggregators.stats_aggregator - INFO - 开始统计 663 个监控结果
2026-03-04 12:50:06 - analyzer.aggregators.stats_aggregator - INFO - 统计完成: 总数=663, 成功率=30.02%
2026-03-04 12:50:06 - analyzer.alert_logic - INFO - 发现500错误，触发异常告警: Heatmap
2026-03-04 12:50:06 - analyzer.alert_logic - INFO - 开始过滤告警错误，总错误数: 461
2026-03-04 12:50:06 - analyzer.alert_logic - INFO -   -> 通过error_type匹配: HTTP_500
2026-03-04 12:50:06 - analyzer.alert_logic - INFO -   -> 通过error_type匹配: HTTP_500
2026-03-04 12:50:06 - analyzer.alert_logic - INFO - 过滤完成，告警错误数: 2
2026-03-04 12:50:06 - analyzer.alert_logic - INFO - 被过滤的告警错误列表:
2026-03-04 12:50:06 - analyzer.alert_logic - INFO -   1. Heatmap - HTTP_500 (HTTP 500)
2026-03-04 12:50:06 - analyzer.alert_logic - INFO -   2. {Batchid} - HTTP_500 (HTTP 500)
2026-03-04 12:50:06 - analyzer.alert_logic - INFO - 准备发送告警: 类型=error, 优先级=CRITICAL, 接收人=5个, 告警错误=2个
2026-03-04 12:50:06 - analyzer.result_analyzer - INFO - 分析完成: 总数=663, 成功=199, 失败=464, 异常类型=461, 需要告警=True, 告警摘要=2个500错误
2026-03-04 12:50:06 - __main__ - INFO - 分析耗时: 0.00秒
2026-03-04 12:50:06 - __main__ - INFO - Step 5: 发送监控报告...
2026-03-04 12:50:06 - __main__ - INFO - 发现严重错误，发送告警通知
2026-03-04 12:50:06 - notifier.wechat_notifier - INFO - 开始发送监控报告
2026-03-04 12:50:06 - notifier.webhook_client - INFO - 发送企业微信消息 (尝试 1/3)
2026-03-04 12:50:06 - notifier.webhook_client - INFO - 消息发送成功: N/A
2026-03-04 12:50:06 - notifier.wechat_notifier - INFO - 监控报告发送成功: message_id=, retry_count=0
2026-03-04 12:50:06 - __main__ - INFO - 监控报告发送成功
2026-03-04 12:50:06 - __main__ - INFO - ============================================================
2026-03-04 12:50:06 - __main__ - INFO - 监控周期完成: 2026-03-04 12:50:06
2026-03-04 12:50:06 - __main__ - INFO - 总耗时: 6.52秒 (监控执行: 4.92秒, 分析: 0.00秒)
2026-03-04 12:50:06 - __main__ - INFO - 接口总数: 663
2026-03-04 12:50:06 - __main__ - INFO - 成功: 199
2026-03-04 12:50:06 - __main__ - INFO - 失败: 464
2026-03-04 12:50:06 - __main__ - INFO - 成功率: 30.02%
2026-03-04 12:50:06 - __main__ - INFO - 平均响应时间: 0.03秒
2026-03-04 12:50:06 - __main__ - INFO - 状态码分布:
2026-03-04 12:50:06 - __main__ - INFO -   HTTP 200: 199次 (30.0%)
2026-03-04 12:50:06 - __main__ - INFO -   HTTP 400: 374次 (56.4%)
2026-03-04 12:50:06 - __main__ - INFO -   HTTP 401: 86次 (13.0%)
2026-03-04 12:50:06 - __main__ - INFO -   HTTP 415: 2次 (0.3%)
2026-03-04 12:50:06 - __main__ - INFO -   HTTP 500: 2次 (0.3%)
2026-03-04 12:50:06 - __main__ - INFO - ============================================================
2026-03-04 12:50:06 - __main__ - INFO - 下次执行时间: 2026-03-04 12:55:00
2026-03-04 12:55:00 - __main__ - INFO - 开始执行监控周期: 2026-03-04 12:55:00
2026-03-04 12:55:00 - __main__ - INFO - ============================================================
2026-03-04 12:55:00 - __main__ - INFO - 开始监控周期: 2026-03-04 12:55:00
2026-03-04 12:55:00 - __main__ - INFO - ============================================================
2026-03-04 12:55:00 - __main__ - INFO - Step 1: 扫描接口文档...
2026-03-04 12:55:00 - scanner.interface_scanner - INFO - 开始扫描目录: D:\Dev\interface_monitoring\Interface-pool
2026-03-04 12:55:00 - scanner.interface_scanner - INFO - 实际扫描到的文件: 663
2026-03-04 12:55:00 - scanner.interface_scanner - INFO -   1. D:\Dev\interface_monitoring\Interface-pool\user\JPush推送\发送推送_OpenAPI.json
2026-03-04 12:55:00 - scanner.interface_scanner - INFO -   2. D:\Dev\interface_monitoring\Interface-pool\user\Oss管理\同步上传文件到OSS_OpenAPI.json
2026-03-04 12:55:00 - scanner.interface_scanner - INFO -   3. D:\Dev\interface_monitoring\Interface-pool\user\Oss管理\批量同步上传文件到OSS_OpenAPI.json
2026-03-04 12:55:00 - scanner.interface_scanner - INFO -   4. D:\Dev\interface_monitoring\Interface-pool\user\价格计算\个体价格计算_OpenAPI.json
2026-03-04 12:55:00 - scanner.interface_scanner - INFO -   5. D:\Dev\interface_monitoring\Interface-pool\user\价格计算\团体价格计算_OpenAPI.json
2026-03-04 12:55:00 - scanner.interface_scanner - INFO -   ... 还有 658 个文件
2026-03-04 12:55:00 - scanner.interface_scanner - INFO - 找到 663 个接口文档文件
2026-03-04 12:55:00 - scanner.interface_scanner - INFO - 扫描完成，共发现 663 个接口
2026-03-04 12:55:00 - __main__ - INFO - 发现 663 个接口
2026-03-04 12:55:00 - __main__ - INFO - Step 2: 获取认证Token...
2026-03-04 12:55:00 - auth.token_manager - WARNING - 尝试刷新不存在的Token: service=user, 将重新获取
2026-03-04 12:55:00 - auth.providers.http_auth_provider - INFO - 开始获取Token: service=user, method=GET
2026-03-04 12:55:00 - auth.providers.http_auth_provider - INFO - Token获取成功: service=user, expires_at=2026-03-04T12:55:01.236485
2026-03-04 12:55:00 - auth.token_manager - INFO - 强制刷新Token成功: service=user
2026-03-04 12:55:00 - auth.cache - INFO - Token已缓存: service=user, expires_at=2026-03-04 12:55:01.236485, remaining=0s
2026-03-04 12:55:00 - auth.token_manager - WARNING - 尝试刷新不存在的Token: service=nurse, 将重新获取
2026-03-04 12:55:00 - auth.providers.http_auth_provider - INFO - 开始获取Token: service=nurse, method=GET
2026-03-04 12:55:00 - auth.providers.http_auth_provider - INFO - Token获取成功: service=nurse, expires_at=2026-03-04T12:55:01.277891
2026-03-04 12:55:00 - auth.token_manager - INFO - 强制刷新Token成功: service=nurse
2026-03-04 12:55:00 - auth.cache - INFO - Token已缓存: service=nurse, expires_at=2026-03-04 12:55:01.277891, remaining=0s
2026-03-04 12:55:00 - auth.token_manager - WARNING - 尝试刷新不存在的Token: service=admin, 将重新获取
2026-03-04 12:55:00 - auth.providers.http_auth_provider - INFO - 开始获取Token: service=admin, method=POST
2026-03-04 12:55:00 - auth.providers.http_auth_provider - INFO - Token获取成功: service=admin, expires_at=2026-03-04T12:55:01.617751
2026-03-04 12:55:00 - auth.token_manager - INFO - 强制刷新Token成功: service=admin
2026-03-04 12:55:00 - auth.cache - INFO - Token已缓存: service=admin, expires_at=2026-03-04 12:55:01.617751, remaining=0s
2026-03-04 12:55:00 - __main__ - INFO - Step 3: 执行接口监控...
2026-03-04 12:55:00 - monitor.monitor_engine - INFO - 开始执行监控: 663个接口，5线程并发
2026-03-04 12:55:00 - monitor.monitor_engine - INFO - 请求间隔: 500ms
2026-03-04 12:55:06 - monitor.monitor_engine - INFO - 监控执行完成: 总数=663, 成功=197, 失败=466, 成功率=29.7%, P95响应时间=0.06s, 耗时=5.71s
2026-03-04 12:55:06 - __main__ - INFO - 接口监控执行时间: 5.71秒 (663个接口)
2026-03-04 12:55:06 - __main__ - INFO - Step 4: 分析监控结果...
2026-03-04 12:55:06 - analyzer.result_analyzer - INFO - 开始分析 663 个监控结果
2026-03-04 12:55:06 - analyzer.aggregators.error_aggregator - INFO - 开始聚合 466 个异常结果
2026-03-04 12:55:06 - analyzer.aggregators.error_aggregator - INFO - 聚合完成，共 463 种异常类型
2026-03-04 12:55:06 - analyzer.aggregators.stats_aggregator - INFO - 开始统计 663 个监控结果
2026-03-04 12:55:06 - analyzer.aggregators.stats_aggregator - INFO - 统计完成: 总数=663, 成功率=29.71%
2026-03-04 12:55:06 - analyzer.alert_logic - INFO - 发现500错误，触发异常告警: Heatmap
2026-03-04 12:55:06 - analyzer.alert_logic - INFO - 开始过滤告警错误，总错误数: 463
2026-03-04 12:55:06 - analyzer.alert_logic - INFO -   -> 通过error_type匹配: HTTP_500
2026-03-04 12:55:06 - analyzer.alert_logic - INFO -   -> 通过error_type匹配: HTTP_500
2026-03-04 12:55:06 - analyzer.alert_logic - INFO - 过滤完成，告警错误数: 2
2026-03-04 12:55:06 - analyzer.alert_logic - INFO - 被过滤的告警错误列表:
2026-03-04 12:55:06 - analyzer.alert_logic - INFO -   1. Heatmap - HTTP_500 (HTTP 500)
2026-03-04 12:55:06 - analyzer.alert_logic - INFO -   2. {Batchid} - HTTP_500 (HTTP 500)
2026-03-04 12:55:06 - analyzer.alert_logic - INFO - 准备发送告警: 类型=error, 优先级=CRITICAL, 接收人=5个, 告警错误=2个
2026-03-04 12:55:06 - analyzer.result_analyzer - INFO - 分析完成: 总数=663, 成功=197, 失败=466, 异常类型=463, 需要告警=True, 告警摘要=2个500错误
2026-03-04 12:55:06 - __main__ - INFO - 分析耗时: 0.00秒
2026-03-04 12:55:06 - __main__ - INFO - Step 5: 发送监控报告...
2026-03-04 12:55:06 - __main__ - INFO - 发现严重错误，发送告警通知
2026-03-04 12:55:06 - notifier.wechat_notifier - INFO - 开始发送监控报告
2026-03-04 12:55:06 - notifier.webhook_client - INFO - 发送企业微信消息 (尝试 1/3)
2026-03-04 12:55:06 - notifier.webhook_client - INFO - 消息发送成功: N/A
2026-03-04 12:55:06 - notifier.wechat_notifier - INFO - 监控报告发送成功: message_id=, retry_count=0
2026-03-04 12:55:06 - __main__ - INFO - 监控报告发送成功
2026-03-04 12:55:06 - __main__ - INFO - ============================================================
2026-03-04 12:55:06 - __main__ - INFO - 监控周期完成: 2026-03-04 12:55:06
2026-03-04 12:55:06 - __main__ - INFO - 总耗时: 6.59秒 (监控执行: 5.71秒, 分析: 0.00秒)
2026-03-04 12:55:06 - __main__ - INFO - 接口总数: 663
2026-03-04 12:55:06 - __main__ - INFO - 成功: 197
2026-03-04 12:55:06 - __main__ - INFO - 失败: 466
2026-03-04 12:55:06 - __main__ - INFO - 成功率: 29.71%
2026-03-04 12:55:06 - __main__ - INFO - 平均响应时间: 0.04秒
2026-03-04 12:55:06 - __main__ - INFO - 状态码分布:
2026-03-04 12:55:06 - __main__ - INFO -   HTTP 200: 197次 (29.7%)
2026-03-04 12:55:06 - __main__ - INFO -   HTTP 400: 373次 (56.3%)
2026-03-04 12:55:06 - __main__ - INFO -   HTTP 401: 89次 (13.4%)
2026-03-04 12:55:06 - __main__ - INFO -   HTTP 415: 2次 (0.3%)
2026-03-04 12:55:06 - __main__ - INFO -   HTTP 500: 2次 (0.3%)
2026-03-04 12:55:06 - __main__ - INFO - ============================================================
2026-03-04 12:55:06 - __main__ - INFO - 下次执行时间: 2026-03-04 13:00:00
2026-03-04 13:00:00 - __main__ - INFO - 开始执行监控周期: 2026-03-04 13:00:00
2026-03-04 13:00:00 - __main__ - INFO - ============================================================
2026-03-04 13:00:00 - __main__ - INFO - 开始监控周期: 2026-03-04 13:00:00
2026-03-04 13:00:00 - __main__ - INFO - ============================================================
2026-03-04 13:00:00 - __main__ - INFO - Step 1: 扫描接口文档...
2026-03-04 13:00:00 - scanner.interface_scanner - INFO - 开始扫描目录: D:\Dev\interface_monitoring\Interface-pool
2026-03-04 13:00:00 - scanner.interface_scanner - INFO - 实际扫描到的文件: 663
2026-03-04 13:00:00 - scanner.interface_scanner - INFO -   1. D:\Dev\interface_monitoring\Interface-pool\user\JPush推送\发送推送_OpenAPI.json
2026-03-04 13:00:00 - scanner.interface_scanner - INFO -   2. D:\Dev\interface_monitoring\Interface-pool\user\Oss管理\同步上传文件到OSS_OpenAPI.json
2026-03-04 13:00:00 - scanner.interface_scanner - INFO -   3. D:\Dev\interface_monitoring\Interface-pool\user\Oss管理\批量同步上传文件到OSS_OpenAPI.json
2026-03-04 13:00:00 - scanner.interface_scanner - INFO -   4. D:\Dev\interface_monitoring\Interface-pool\user\价格计算\个体价格计算_OpenAPI.json
2026-03-04 13:00:00 - scanner.interface_scanner - INFO -   5. D:\Dev\interface_monitoring\Interface-pool\user\价格计算\团体价格计算_OpenAPI.json
2026-03-04 13:00:00 - scanner.interface_scanner - INFO -   ... 还有 658 个文件
2026-03-04 13:00:00 - scanner.interface_scanner - INFO - 找到 663 个接口文档文件
2026-03-04 13:00:00 - scanner.interface_scanner - INFO - 扫描完成，共发现 663 个接口
2026-03-04 13:00:00 - __main__ - INFO - 发现 663 个接口
2026-03-04 13:00:00 - __main__ - INFO - Step 2: 获取认证Token...
2026-03-04 13:00:00 - auth.token_manager - WARNING - 尝试刷新不存在的Token: service=user, 将重新获取
2026-03-04 13:00:00 - auth.providers.http_auth_provider - INFO - 开始获取Token: service=user, method=GET
2026-03-04 13:00:00 - auth.providers.http_auth_provider - INFO - Token获取成功: service=user, expires_at=2026-03-04T13:00:01.990770
2026-03-04 13:00:00 - auth.token_manager - INFO - 强制刷新Token成功: service=user
2026-03-04 13:00:00 - auth.cache - INFO - Token已缓存: service=user, expires_at=2026-03-04 13:00:01.990770, remaining=0s
2026-03-04 13:00:00 - auth.token_manager - WARNING - 尝试刷新不存在的Token: service=nurse, 将重新获取
2026-03-04 13:00:00 - auth.providers.http_auth_provider - INFO - 开始获取Token: service=nurse, method=GET
2026-03-04 13:00:01 - auth.providers.http_auth_provider - INFO - Token获取成功: service=nurse, expires_at=2026-03-04T13:00:02.042407
2026-03-04 13:00:01 - auth.token_manager - INFO - 强制刷新Token成功: service=nurse
2026-03-04 13:00:01 - auth.cache - INFO - Token已缓存: service=nurse, expires_at=2026-03-04 13:00:02.042407, remaining=0s
2026-03-04 13:00:01 - auth.token_manager - WARNING - 尝试刷新不存在的Token: service=admin, 将重新获取
2026-03-04 13:00:01 - auth.providers.http_auth_provider - INFO - 开始获取Token: service=admin, method=POST
2026-03-04 13:00:01 - auth.providers.http_auth_provider - INFO - Token获取成功: service=admin, expires_at=2026-03-04T13:00:02.381090
2026-03-04 13:00:01 - auth.token_manager - INFO - 强制刷新Token成功: service=admin
2026-03-04 13:00:01 - auth.cache - INFO - Token已缓存: service=admin, expires_at=2026-03-04 13:00:02.381090, remaining=0s
2026-03-04 13:00:01 - __main__ - INFO - Step 3: 执行接口监控...
2026-03-04 13:00:01 - monitor.monitor_engine - INFO - 开始执行监控: 663个接口，5线程并发
2026-03-04 13:00:01 - monitor.monitor_engine - INFO - 请求间隔: 500ms
2026-03-04 13:00:06 - monitor.monitor_engine - INFO - 监控执行完成: 总数=663, 成功=198, 失败=465, 成功率=29.9%, P95响应时间=0.06s, 耗时=5.47s
2026-03-04 13:00:06 - __main__ - INFO - 接口监控执行时间: 5.47秒 (663个接口)
2026-03-04 13:00:06 - __main__ - INFO - Step 4: 分析监控结果...
2026-03-04 13:00:06 - analyzer.result_analyzer - INFO - 开始分析 663 个监控结果
2026-03-04 13:00:06 - analyzer.aggregators.error_aggregator - INFO - 开始聚合 465 个异常结果
2026-03-04 13:00:06 - analyzer.aggregators.error_aggregator - INFO - 聚合完成，共 462 种异常类型
2026-03-04 13:00:06 - analyzer.aggregators.stats_aggregator - INFO - 开始统计 663 个监控结果
2026-03-04 13:00:06 - analyzer.aggregators.stats_aggregator - INFO - 统计完成: 总数=663, 成功率=29.86%
2026-03-04 13:00:06 - analyzer.alert_logic - INFO - 发现500错误，触发异常告警: Heatmap
2026-03-04 13:00:06 - analyzer.alert_logic - INFO - 开始过滤告警错误，总错误数: 462
2026-03-04 13:00:06 - analyzer.alert_logic - INFO -   -> 通过error_type匹配: HTTP_500
2026-03-04 13:00:06 - analyzer.alert_logic - INFO -   -> 通过error_type匹配: HTTP_500
2026-03-04 13:00:06 - analyzer.alert_logic - INFO - 过滤完成，告警错误数: 2
2026-03-04 13:00:06 - analyzer.alert_logic - INFO - 被过滤的告警错误列表:
2026-03-04 13:00:06 - analyzer.alert_logic - INFO -   1. Heatmap - HTTP_500 (HTTP 500)
2026-03-04 13:00:06 - analyzer.alert_logic - INFO -   2. {Batchid} - HTTP_500 (HTTP 500)
2026-03-04 13:00:06 - analyzer.alert_logic - INFO - 准备发送告警: 类型=error, 优先级=CRITICAL, 接收人=5个, 告警错误=2个
2026-03-04 13:00:06 - analyzer.result_analyzer - INFO - 分析完成: 总数=663, 成功=198, 失败=465, 异常类型=462, 需要告警=True, 告警摘要=2个500错误
2026-03-04 13:00:06 - __main__ - INFO - 分析耗时: 0.00秒
2026-03-04 13:00:06 - __main__ - INFO - Step 5: 发送监控报告...
2026-03-04 13:00:06 - __main__ - INFO - 发现严重错误，发送告警通知
2026-03-04 13:00:06 - notifier.wechat_notifier - INFO - 开始发送监控报告
2026-03-04 13:00:06 - notifier.webhook_client - INFO - 发送企业微信消息 (尝试 1/3)
2026-03-04 13:00:07 - notifier.webhook_client - INFO - 消息发送成功: N/A
2026-03-04 13:00:07 - notifier.wechat_notifier - INFO - 监控报告发送成功: message_id=, retry_count=0
2026-03-04 13:00:07 - __main__ - INFO - 监控报告发送成功
2026-03-04 13:00:07 - __main__ - INFO - ============================================================
2026-03-04 13:00:07 - __main__ - INFO - 监控周期完成: 2026-03-04 13:00:07
2026-03-04 13:00:07 - __main__ - INFO - 总耗时: 6.38秒 (监控执行: 5.47秒, 分析: 0.00秒)
2026-03-04 13:00:07 - __main__ - INFO - 接口总数: 663
2026-03-04 13:00:07 - __main__ - INFO - 成功: 198
2026-03-04 13:00:07 - __main__ - INFO - 失败: 465
2026-03-04 13:00:07 - __main__ - INFO - 成功率: 29.86%
2026-03-04 13:00:07 - __main__ - INFO - 平均响应时间: 0.04秒
2026-03-04 13:00:07 - __main__ - INFO - 状态码分布:
2026-03-04 13:00:07 - __main__ - INFO -   HTTP 200: 198次 (29.9%)
2026-03-04 13:00:07 - __main__ - INFO -   HTTP 400: 374次 (56.4%)
2026-03-04 13:00:07 - __main__ - INFO -   HTTP 401: 87次 (13.1%)
2026-03-04 13:00:07 - __main__ - INFO -   HTTP 415: 2次 (0.3%)
2026-03-04 13:00:07 - __main__ - INFO -   HTTP 500: 2次 (0.3%)
2026-03-04 13:00:07 - __main__ - INFO - ============================================================
2026-03-04 13:00:07 - __main__ - INFO - 下次执行时间: 2026-03-04 13:05:00
2026-03-04 13:05:00 - __main__ - INFO - 开始执行监控周期: 2026-03-04 13:05:00
2026-03-04 13:05:00 - __main__ - INFO - ============================================================
2026-03-04 13:05:00 - __main__ - INFO - 开始监控周期: 2026-03-04 13:05:00
2026-03-04 13:05:00 - __main__ - INFO - ============================================================
2026-03-04 13:05:00 - __main__ - INFO - Step 1: 扫描接口文档...
2026-03-04 13:05:00 - scanner.interface_scanner - INFO - 开始扫描目录: D:\Dev\interface_monitoring\Interface-pool
2026-03-04 13:05:00 - scanner.interface_scanner - INFO - 实际扫描到的文件: 663
2026-03-04 13:05:00 - scanner.interface_scanner - INFO -   1. D:\Dev\interface_monitoring\Interface-pool\user\JPush推送\发送推送_OpenAPI.json
2026-03-04 13:05:00 - scanner.interface_scanner - INFO -   2. D:\Dev\interface_monitoring\Interface-pool\user\Oss管理\同步上传文件到OSS_OpenAPI.json
2026-03-04 13:05:00 - scanner.interface_scanner - INFO -   3. D:\Dev\interface_monitoring\Interface-pool\user\Oss管理\批量同步上传文件到OSS_OpenAPI.json
2026-03-04 13:05:00 - scanner.interface_scanner - INFO -   4. D:\Dev\interface_monitoring\Interface-pool\user\价格计算\个体价格计算_OpenAPI.json
2026-03-04 13:05:00 - scanner.interface_scanner - INFO -   5. D:\Dev\interface_monitoring\Interface-pool\user\价格计算\团体价格计算_OpenAPI.json
2026-03-04 13:05:00 - scanner.interface_scanner - INFO -   ... 还有 658 个文件
2026-03-04 13:05:00 - scanner.interface_scanner - INFO - 找到 663 个接口文档文件
2026-03-04 13:05:00 - scanner.interface_scanner - INFO - 扫描完成，共发现 663 个接口
2026-03-04 13:05:00 - __main__ - INFO - 发现 663 个接口
2026-03-04 13:05:00 - __main__ - INFO - Step 2: 获取认证Token...
2026-03-04 13:05:00 - auth.token_manager - WARNING - 尝试刷新不存在的Token: service=user, 将重新获取
2026-03-04 13:05:00 - auth.providers.http_auth_provider - INFO - 开始获取Token: service=user, method=GET
2026-03-04 13:05:00 - auth.providers.http_auth_provider - INFO - Token获取成功: service=user, expires_at=2026-03-04T13:05:01.711280
2026-03-04 13:05:00 - auth.token_manager - INFO - 强制刷新Token成功: service=user
2026-03-04 13:05:00 - auth.cache - INFO - Token已缓存: service=user, expires_at=2026-03-04 13:05:01.711280, remaining=0s
2026-03-04 13:05:00 - auth.token_manager - WARNING - 尝试刷新不存在的Token: service=nurse, 将重新获取
2026-03-04 13:05:00 - auth.providers.http_auth_provider - INFO - 开始获取Token: service=nurse, method=GET
2026-03-04 13:05:00 - auth.providers.http_auth_provider - INFO - Token获取成功: service=nurse, expires_at=2026-03-04T13:05:01.768055
2026-03-04 13:05:00 - auth.token_manager - INFO - 强制刷新Token成功: service=nurse
2026-03-04 13:05:00 - auth.cache - INFO - Token已缓存: service=nurse, expires_at=2026-03-04 13:05:01.768055, remaining=0s
2026-03-04 13:05:00 - auth.token_manager - WARNING - 尝试刷新不存在的Token: service=admin, 将重新获取
2026-03-04 13:05:00 - auth.providers.http_auth_provider - INFO - 开始获取Token: service=admin, method=POST
2026-03-04 13:05:00 - auth.providers.http_auth_provider - INFO - Token获取成功: service=admin, expires_at=2026-03-04T13:05:01.953866
2026-03-04 13:05:00 - auth.token_manager - INFO - 强制刷新Token成功: service=admin
2026-03-04 13:05:00 - auth.cache - INFO - Token已缓存: service=admin, expires_at=2026-03-04 13:05:01.953866, remaining=0s
2026-03-04 13:05:00 - __main__ - INFO - Step 3: 执行接口监控...
2026-03-04 13:05:00 - monitor.monitor_engine - INFO - 开始执行监控: 663个接口，5线程并发
2026-03-04 13:05:00 - monitor.monitor_engine - INFO - 请求间隔: 500ms
2026-03-04 13:05:06 - monitor.monitor_engine - INFO - 监控执行完成: 总数=663, 成功=197, 失败=466, 成功率=29.7%, P95响应时间=0.06s, 耗时=5.65s
2026-03-04 13:05:06 - __main__ - INFO - 接口监控执行时间: 5.65秒 (663个接口)
2026-03-04 13:05:06 - __main__ - INFO - Step 4: 分析监控结果...
2026-03-04 13:05:06 - analyzer.result_analyzer - INFO - 开始分析 663 个监控结果
2026-03-04 13:05:06 - analyzer.aggregators.error_aggregator - INFO - 开始聚合 466 个异常结果
2026-03-04 13:05:06 - analyzer.aggregators.error_aggregator - INFO - 聚合完成，共 463 种异常类型
2026-03-04 13:05:06 - analyzer.aggregators.stats_aggregator - INFO - 开始统计 663 个监控结果
2026-03-04 13:05:06 - analyzer.aggregators.stats_aggregator - INFO - 统计完成: 总数=663, 成功率=29.71%
2026-03-04 13:05:06 - analyzer.alert_logic - INFO - 发现500错误，触发异常告警: Heatmap
2026-03-04 13:05:06 - analyzer.alert_logic - INFO - 开始过滤告警错误，总错误数: 463
2026-03-04 13:05:06 - analyzer.alert_logic - INFO -   -> 通过error_type匹配: HTTP_500
2026-03-04 13:05:06 - analyzer.alert_logic - INFO -   -> 通过error_type匹配: HTTP_500
2026-03-04 13:05:06 - analyzer.alert_logic - INFO - 过滤完成，告警错误数: 2
2026-03-04 13:05:06 - analyzer.alert_logic - INFO - 被过滤的告警错误列表:
2026-03-04 13:05:06 - analyzer.alert_logic - INFO -   1. Heatmap - HTTP_500 (HTTP 500)
2026-03-04 13:05:06 - analyzer.alert_logic - INFO -   2. {Batchid} - HTTP_500 (HTTP 500)
2026-03-04 13:05:06 - analyzer.alert_logic - INFO - 准备发送告警: 类型=error, 优先级=CRITICAL, 接收人=5个, 告警错误=2个
2026-03-04 13:05:06 - analyzer.result_analyzer - INFO - 分析完成: 总数=663, 成功=197, 失败=466, 异常类型=463, 需要告警=True, 告警摘要=2个500错误
2026-03-04 13:05:06 - __main__ - INFO - 分析耗时: 0.00秒
2026-03-04 13:05:06 - __main__ - INFO - Step 5: 发送监控报告...
2026-03-04 13:05:06 - __main__ - INFO - 发现严重错误，发送告警通知
2026-03-04 13:05:06 - notifier.wechat_notifier - INFO - 开始发送监控报告
2026-03-04 13:05:06 - notifier.webhook_client - INFO - 发送企业微信消息 (尝试 1/3)
2026-03-04 13:05:06 - notifier.webhook_client - INFO - 消息发送成功: N/A
2026-03-04 13:05:06 - notifier.wechat_notifier - INFO - 监控报告发送成功: message_id=, retry_count=0
2026-03-04 13:05:06 - __main__ - INFO - 监控报告发送成功
2026-03-04 13:05:06 - __main__ - INFO - ============================================================
2026-03-04 13:05:06 - __main__ - INFO - 监控周期完成: 2026-03-04 13:05:06
2026-03-04 13:05:06 - __main__ - INFO - 总耗时: 6.44秒 (监控执行: 5.65秒, 分析: 0.00秒)
2026-03-04 13:05:06 - __main__ - INFO - 接口总数: 663
2026-03-04 13:05:06 - __main__ - INFO - 成功: 197
2026-03-04 13:05:06 - __main__ - INFO - 失败: 466
2026-03-04 13:05:06 - __main__ - INFO - 成功率: 29.71%
2026-03-04 13:05:06 - __main__ - INFO - 平均响应时间: 0.04秒
2026-03-04 13:05:06 - __main__ - INFO - 状态码分布:
2026-03-04 13:05:06 - __main__ - INFO -   HTTP 200: 197次 (29.7%)
2026-03-04 13:05:06 - __main__ - INFO -   HTTP 400: 377次 (56.9%)
2026-03-04 13:05:06 - __main__ - INFO -   HTTP 401: 85次 (12.8%)
2026-03-04 13:05:06 - __main__ - INFO -   HTTP 415: 2次 (0.3%)
2026-03-04 13:05:06 - __main__ - INFO -   HTTP 500: 2次 (0.3%)
2026-03-04 13:05:06 - __main__ - INFO - ============================================================
2026-03-04 13:05:06 - __main__ - INFO - 下次执行时间: 2026-03-04 13:10:00
2026-03-04 13:10:00 - __main__ - INFO - 开始执行监控周期: 2026-03-04 13:10:00
2026-03-04 13:10:00 - __main__ - INFO - ============================================================
2026-03-04 13:10:00 - __main__ - INFO - 开始监控周期: 2026-03-04 13:10:00
2026-03-04 13:10:00 - __main__ - INFO - ============================================================
2026-03-04 13:10:00 - __main__ - INFO - Step 1: 扫描接口文档...
2026-03-04 13:10:00 - scanner.interface_scanner - INFO - 开始扫描目录: D:\Dev\interface_monitoring\Interface-pool
2026-03-04 13:10:01 - scanner.interface_scanner - INFO - 实际扫描到的文件: 663
2026-03-04 13:10:01 - scanner.interface_scanner - INFO -   1. D:\Dev\interface_monitoring\Interface-pool\user\JPush推送\发送推送_OpenAPI.json
2026-03-04 13:10:01 - scanner.interface_scanner - INFO -   2. D:\Dev\interface_monitoring\Interface-pool\user\Oss管理\同步上传文件到OSS_OpenAPI.json
2026-03-04 13:10:01 - scanner.interface_scanner - INFO -   3. D:\Dev\interface_monitoring\Interface-pool\user\Oss管理\批量同步上传文件到OSS_OpenAPI.json
2026-03-04 13:10:01 - scanner.interface_scanner - INFO -   4. D:\Dev\interface_monitoring\Interface-pool\user\价格计算\个体价格计算_OpenAPI.json
2026-03-04 13:10:01 - scanner.interface_scanner - INFO -   5. D:\Dev\interface_monitoring\Interface-pool\user\价格计算\团体价格计算_OpenAPI.json
2026-03-04 13:10:01 - scanner.interface_scanner - INFO -   ... 还有 658 个文件
2026-03-04 13:10:01 - scanner.interface_scanner - INFO - 找到 663 个接口文档文件
2026-03-04 13:10:01 - scanner.interface_scanner - INFO - 扫描完成，共发现 663 个接口
2026-03-04 13:10:01 - __main__ - INFO - 发现 663 个接口
2026-03-04 13:10:01 - __main__ - INFO - Step 2: 获取认证Token...
2026-03-04 13:10:01 - auth.token_manager - WARNING - 尝试刷新不存在的Token: service=user, 将重新获取
2026-03-04 13:10:01 - auth.providers.http_auth_provider - INFO - 开始获取Token: service=user, method=GET
2026-03-04 13:10:01 - auth.providers.http_auth_provider - INFO - Token获取成功: service=user, expires_at=2026-03-04T13:10:02.351320
2026-03-04 13:10:01 - auth.token_manager - INFO - 强制刷新Token成功: service=user
2026-03-04 13:10:01 - auth.cache - INFO - Token已缓存: service=user, expires_at=2026-03-04 13:10:02.351320, remaining=0s
2026-03-04 13:10:01 - auth.token_manager - WARNING - 尝试刷新不存在的Token: service=nurse, 将重新获取
2026-03-04 13:10:01 - auth.providers.http_auth_provider - INFO - 开始获取Token: service=nurse, method=GET
2026-03-04 13:10:01 - auth.providers.http_auth_provider - INFO - Token获取成功: service=nurse, expires_at=2026-03-04T13:10:02.385244
2026-03-04 13:10:01 - auth.token_manager - INFO - 强制刷新Token成功: service=nurse
2026-03-04 13:10:01 - auth.cache - INFO - Token已缓存: service=nurse, expires_at=2026-03-04 13:10:02.385244, remaining=0s
2026-03-04 13:10:01 - auth.token_manager - WARNING - 尝试刷新不存在的Token: service=admin, 将重新获取
2026-03-04 13:10:01 - auth.providers.http_auth_provider - INFO - 开始获取Token: service=admin, method=POST
2026-03-04 13:10:01 - auth.providers.http_auth_provider - INFO - Token获取成功: service=admin, expires_at=2026-03-04T13:10:02.549949
2026-03-04 13:10:01 - auth.token_manager - INFO - 强制刷新Token成功: service=admin
2026-03-04 13:10:01 - auth.cache - INFO - Token已缓存: service=admin, expires_at=2026-03-04 13:10:02.549949, remaining=0s
2026-03-04 13:10:01 - __main__ - INFO - Step 3: 执行接口监控...
2026-03-04 13:10:01 - monitor.monitor_engine - INFO - 开始执行监控: 663个接口，5线程并发
2026-03-04 13:10:01 - monitor.monitor_engine - INFO - 请求间隔: 500ms
2026-03-04 13:10:06 - monitor.monitor_engine - INFO - 监控执行完成: 总数=663, 成功=199, 失败=464, 成功率=30.0%, P95响应时间=0.06s, 耗时=5.37s
2026-03-04 13:10:06 - __main__ - INFO - 接口监控执行时间: 5.37秒 (663个接口)
2026-03-04 13:10:06 - __main__ - INFO - Step 4: 分析监控结果...
2026-03-04 13:10:06 - analyzer.result_analyzer - INFO - 开始分析 663 个监控结果
2026-03-04 13:10:06 - analyzer.aggregators.error_aggregator - INFO - 开始聚合 464 个异常结果
2026-03-04 13:10:06 - analyzer.aggregators.error_aggregator - INFO - 聚合完成，共 461 种异常类型
2026-03-04 13:10:06 - analyzer.aggregators.stats_aggregator - INFO - 开始统计 663 个监控结果
2026-03-04 13:10:06 - analyzer.aggregators.stats_aggregator - INFO - 统计完成: 总数=663, 成功率=30.02%
2026-03-04 13:10:06 - analyzer.alert_logic - INFO - 发现500错误，触发异常告警: Heatmap
2026-03-04 13:10:06 - analyzer.alert_logic - INFO - 开始过滤告警错误，总错误数: 461
2026-03-04 13:10:06 - analyzer.alert_logic - INFO -   -> 通过error_type匹配: HTTP_500
2026-03-04 13:10:06 - analyzer.alert_logic - INFO -   -> 通过error_type匹配: HTTP_500
2026-03-04 13:10:06 - analyzer.alert_logic - INFO - 过滤完成，告警错误数: 2
2026-03-04 13:10:06 - analyzer.alert_logic - INFO - 被过滤的告警错误列表:
2026-03-04 13:10:06 - analyzer.alert_logic - INFO -   1. Heatmap - HTTP_500 (HTTP 500)
2026-03-04 13:10:06 - analyzer.alert_logic - INFO -   2. {Batchid} - HTTP_500 (HTTP 500)
2026-03-04 13:10:06 - analyzer.alert_logic - INFO - 准备发送告警: 类型=error, 优先级=CRITICAL, 接收人=5个, 告警错误=2个
2026-03-04 13:10:06 - analyzer.result_analyzer - INFO - 分析完成: 总数=663, 成功=199, 失败=464, 异常类型=461, 需要告警=True, 告警摘要=2个500错误
2026-03-04 13:10:06 - __main__ - INFO - 分析耗时: 0.00秒
2026-03-04 13:10:06 - __main__ - INFO - Step 5: 发送监控报告...
2026-03-04 13:10:06 - __main__ - INFO - 发现严重错误，发送告警通知
2026-03-04 13:10:06 - notifier.wechat_notifier - INFO - 开始发送监控报告
2026-03-04 13:10:06 - notifier.webhook_client - INFO - 发送企业微信消息 (尝试 1/3)
2026-03-04 13:10:07 - notifier.webhook_client - INFO - 消息发送成功: N/A
2026-03-04 13:10:07 - notifier.wechat_notifier - INFO - 监控报告发送成功: message_id=, retry_count=0
2026-03-04 13:10:07 - __main__ - INFO - 监控报告发送成功
2026-03-04 13:10:07 - __main__ - INFO - ============================================================
2026-03-04 13:10:07 - __main__ - INFO - 监控周期完成: 2026-03-04 13:10:07
2026-03-04 13:10:07 - __main__ - INFO - 总耗时: 6.18秒 (监控执行: 5.37秒, 分析: 0.00秒)
2026-03-04 13:10:07 - __main__ - INFO - 接口总数: 663
2026-03-04 13:10:07 - __main__ - INFO - 成功: 199
2026-03-04 13:10:07 - __main__ - INFO - 失败: 464
2026-03-04 13:10:07 - __main__ - INFO - 成功率: 30.02%
2026-03-04 13:10:07 - __main__ - INFO - 平均响应时间: 0.04秒
2026-03-04 13:10:07 - __main__ - INFO - 状态码分布:
2026-03-04 13:10:07 - __main__ - INFO -   HTTP 200: 199次 (30.0%)
2026-03-04 13:10:07 - __main__ - INFO -   HTTP 400: 374次 (56.4%)
2026-03-04 13:10:07 - __main__ - INFO -   HTTP 401: 86次 (13.0%)
2026-03-04 13:10:07 - __main__ - INFO -   HTTP 415: 2次 (0.3%)
2026-03-04 13:10:07 - __main__ - INFO -   HTTP 500: 2次 (0.3%)
2026-03-04 13:10:07 - __main__ - INFO - ============================================================
2026-03-04 13:10:07 - __main__ - INFO - 下次执行时间: 2026-03-04 13:15:00
2026-03-04 13:15:00 - __main__ - INFO - 开始执行监控周期: 2026-03-04 13:15:00
2026-03-04 13:15:00 - __main__ - INFO - ============================================================
2026-03-04 13:15:00 - __main__ - INFO - 开始监控周期: 2026-03-04 13:15:00
2026-03-04 13:15:00 - __main__ - INFO - ============================================================
2026-03-04 13:15:00 - __main__ - INFO - Step 1: 扫描接口文档...
2026-03-04 13:15:00 - scanner.interface_scanner - INFO - 开始扫描目录: D:\Dev\interface_monitoring\Interface-pool
2026-03-04 13:15:00 - scanner.interface_scanner - INFO - 实际扫描到的文件: 663
2026-03-04 13:15:00 - scanner.interface_scanner - INFO -   1. D:\Dev\interface_monitoring\Interface-pool\user\JPush推送\发送推送_OpenAPI.json
2026-03-04 13:15:00 - scanner.interface_scanner - INFO -   2. D:\Dev\interface_monitoring\Interface-pool\user\Oss管理\同步上传文件到OSS_OpenAPI.json
2026-03-04 13:15:00 - scanner.interface_scanner - INFO -   3. D:\Dev\interface_monitoring\Interface-pool\user\Oss管理\批量同步上传文件到OSS_OpenAPI.json
2026-03-04 13:15:00 - scanner.interface_scanner - INFO -   4. D:\Dev\interface_monitoring\Interface-pool\user\价格计算\个体价格计算_OpenAPI.json
2026-03-04 13:15:00 - scanner.interface_scanner - INFO -   5. D:\Dev\interface_monitoring\Interface-pool\user\价格计算\团体价格计算_OpenAPI.json
2026-03-04 13:15:00 - scanner.interface_scanner - INFO -   ... 还有 658 个文件
2026-03-04 13:15:00 - scanner.interface_scanner - INFO - 找到 663 个接口文档文件
2026-03-04 13:15:00 - scanner.interface_scanner - INFO - 扫描完成，共发现 663 个接口
2026-03-04 13:15:00 - __main__ - INFO - 发现 663 个接口
2026-03-04 13:15:00 - __main__ - INFO - Step 2: 获取认证Token...
2026-03-04 13:15:00 - auth.token_manager - WARNING - 尝试刷新不存在的Token: service=user, 将重新获取
2026-03-04 13:15:00 - auth.providers.http_auth_provider - INFO - 开始获取Token: service=user, method=GET
2026-03-04 13:15:00 - auth.providers.http_auth_provider - INFO - Token获取成功: service=user, expires_at=2026-03-04T13:15:01.467281
2026-03-04 13:15:00 - auth.token_manager - INFO - 强制刷新Token成功: service=user
2026-03-04 13:15:00 - auth.cache - INFO - Token已缓存: service=user, expires_at=2026-03-04 13:15:01.467281, remaining=0s
2026-03-04 13:15:00 - auth.token_manager - WARNING - 尝试刷新不存在的Token: service=nurse, 将重新获取
2026-03-04 13:15:00 - auth.providers.http_auth_provider - INFO - 开始获取Token: service=nurse, method=GET
2026-03-04 13:15:00 - auth.providers.http_auth_provider - INFO - Token获取成功: service=nurse, expires_at=2026-03-04T13:15:01.523857
2026-03-04 13:15:00 - auth.token_manager - INFO - 强制刷新Token成功: service=nurse
2026-03-04 13:15:00 - auth.cache - INFO - Token已缓存: service=nurse, expires_at=2026-03-04 13:15:01.523857, remaining=1s
2026-03-04 13:15:00 - auth.token_manager - WARNING - 尝试刷新不存在的Token: service=admin, 将重新获取
2026-03-04 13:15:00 - auth.providers.http_auth_provider - INFO - 开始获取Token: service=admin, method=POST
2026-03-04 13:15:00 - auth.providers.http_auth_provider - INFO - Token获取成功: service=admin, expires_at=2026-03-04T13:15:01.695557
2026-03-04 13:15:00 - auth.token_manager - INFO - 强制刷新Token成功: service=admin
2026-03-04 13:15:00 - auth.cache - INFO - Token已缓存: service=admin, expires_at=2026-03-04 13:15:01.695557, remaining=1s
2026-03-04 13:15:00 - __main__ - INFO - Step 3: 执行接口监控...
2026-03-04 13:15:00 - monitor.monitor_engine - INFO - 开始执行监控: 663个接口，5线程并发
2026-03-04 13:15:00 - monitor.monitor_engine - INFO - 请求间隔: 500ms
2026-03-04 13:15:06 - monitor.monitor_engine - INFO - 监控执行完成: 总数=663, 成功=198, 失败=465, 成功率=29.9%, P95响应时间=0.06s, 耗时=5.35s
2026-03-04 13:15:06 - __main__ - INFO - 接口监控执行时间: 5.35秒 (663个接口)
2026-03-04 13:15:06 - __main__ - INFO - Step 4: 分析监控结果...
2026-03-04 13:15:06 - analyzer.result_analyzer - INFO - 开始分析 663 个监控结果
2026-03-04 13:15:06 - analyzer.aggregators.error_aggregator - INFO - 开始聚合 465 个异常结果
2026-03-04 13:15:06 - analyzer.aggregators.error_aggregator - INFO - 聚合完成，共 462 种异常类型
2026-03-04 13:15:06 - analyzer.aggregators.stats_aggregator - INFO - 开始统计 663 个监控结果
2026-03-04 13:15:06 - analyzer.aggregators.stats_aggregator - INFO - 统计完成: 总数=663, 成功率=29.86%
2026-03-04 13:15:06 - analyzer.alert_logic - INFO - 发现500错误，触发异常告警: Heatmap
2026-03-04 13:15:06 - analyzer.alert_logic - INFO - 开始过滤告警错误，总错误数: 462
2026-03-04 13:15:06 - analyzer.alert_logic - INFO -   -> 通过error_type匹配: HTTP_500
2026-03-04 13:15:06 - analyzer.alert_logic - INFO -   -> 通过error_type匹配: HTTP_500
2026-03-04 13:15:06 - analyzer.alert_logic - INFO - 过滤完成，告警错误数: 2
2026-03-04 13:15:06 - analyzer.alert_logic - INFO - 被过滤的告警错误列表:
2026-03-04 13:15:06 - analyzer.alert_logic - INFO -   1. Heatmap - HTTP_500 (HTTP 500)
2026-03-04 13:15:06 - analyzer.alert_logic - INFO -   2. {Batchid} - HTTP_500 (HTTP 500)
2026-03-04 13:15:06 - analyzer.alert_logic - INFO - 准备发送告警: 类型=error, 优先级=CRITICAL, 接收人=5个, 告警错误=2个
2026-03-04 13:15:06 - analyzer.result_analyzer - INFO - 分析完成: 总数=663, 成功=198, 失败=465, 异常类型=462, 需要告警=True, 告警摘要=2个500错误
2026-03-04 13:15:06 - __main__ - INFO - 分析耗时: 0.00秒
2026-03-04 13:15:06 - __main__ - INFO - Step 5: 发送监控报告...
2026-03-04 13:15:06 - __main__ - INFO - 发现严重错误，发送告警通知
2026-03-04 13:15:06 - notifier.wechat_notifier - INFO - 开始发送监控报告
2026-03-04 13:15:06 - notifier.webhook_client - INFO - 发送企业微信消息 (尝试 1/3)
2026-03-04 13:15:06 - notifier.webhook_client - INFO - 消息发送成功: N/A
2026-03-04 13:15:06 - notifier.wechat_notifier - INFO - 监控报告发送成功: message_id=, retry_count=0
2026-03-04 13:15:06 - __main__ - INFO - 监控报告发送成功
2026-03-04 13:15:06 - __main__ - INFO - ============================================================
2026-03-04 13:15:06 - __main__ - INFO - 监控周期完成: 2026-03-04 13:15:06
2026-03-04 13:15:06 - __main__ - INFO - 总耗时: 5.96秒 (监控执行: 5.35秒, 分析: 0.00秒)
2026-03-04 13:15:06 - __main__ - INFO - 接口总数: 663
2026-03-04 13:15:06 - __main__ - INFO - 成功: 198
2026-03-04 13:15:06 - __main__ - INFO - 失败: 465
2026-03-04 13:15:06 - __main__ - INFO - 成功率: 29.86%
2026-03-04 13:15:06 - __main__ - INFO - 平均响应时间: 0.04秒
2026-03-04 13:15:06 - __main__ - INFO - 状态码分布:
2026-03-04 13:15:06 - __main__ - INFO -   HTTP 200: 198次 (29.9%)
2026-03-04 13:15:06 - __main__ - INFO -   HTTP 400: 373次 (56.3%)
2026-03-04 13:15:06 - __main__ - INFO -   HTTP 401: 88次 (13.3%)
2026-03-04 13:15:06 - __main__ - INFO -   HTTP 415: 2次 (0.3%)
2026-03-04 13:15:06 - __main__ - INFO -   HTTP 500: 2次 (0.3%)
2026-03-04 13:15:06 - __main__ - INFO - ============================================================
2026-03-04 13:15:06 - __main__ - INFO - 下次执行时间: 2026-03-04 13:20:00
2026-03-04 13:20:00 - __main__ - INFO - 开始执行监控周期: 2026-03-04 13:20:00
2026-03-04 13:20:00 - __main__ - INFO - ============================================================
2026-03-04 13:20:00 - __main__ - INFO - 开始监控周期: 2026-03-04 13:20:00
2026-03-04 13:20:00 - __main__ - INFO - ============================================================
2026-03-04 13:20:00 - __main__ - INFO - Step 1: 扫描接口文档...
2026-03-04 13:20:00 - scanner.interface_scanner - INFO - 开始扫描目录: D:\Dev\interface_monitoring\Interface-pool
2026-03-04 13:20:00 - scanner.interface_scanner - INFO - 实际扫描到的文件: 663
2026-03-04 13:20:00 - scanner.interface_scanner - INFO -   1. D:\Dev\interface_monitoring\Interface-pool\user\JPush推送\发送推送_OpenAPI.json
2026-03-04 13:20:00 - scanner.interface_scanner - INFO -   2. D:\Dev\interface_monitoring\Interface-pool\user\Oss管理\同步上传文件到OSS_OpenAPI.json
2026-03-04 13:20:00 - scanner.interface_scanner - INFO -   3. D:\Dev\interface_monitoring\Interface-pool\user\Oss管理\批量同步上传文件到OSS_OpenAPI.json
2026-03-04 13:20:00 - scanner.interface_scanner - INFO -   4. D:\Dev\interface_monitoring\Interface-pool\user\价格计算\个体价格计算_OpenAPI.json
2026-03-04 13:20:00 - scanner.interface_scanner - INFO -   5. D:\Dev\interface_monitoring\Interface-pool\user\价格计算\团体价格计算_OpenAPI.json
2026-03-04 13:20:00 - scanner.interface_scanner - INFO -   ... 还有 658 个文件
2026-03-04 13:20:00 - scanner.interface_scanner - INFO - 找到 663 个接口文档文件
2026-03-04 13:20:00 - scanner.interface_scanner - INFO - 扫描完成，共发现 663 个接口
2026-03-04 13:20:00 - __main__ - INFO - 发现 663 个接口
2026-03-04 13:20:00 - __main__ - INFO - Step 2: 获取认证Token...
2026-03-04 13:20:00 - auth.token_manager - WARNING - 尝试刷新不存在的Token: service=user, 将重新获取
2026-03-04 13:20:00 - auth.providers.http_auth_provider - INFO - 开始获取Token: service=user, method=GET
2026-03-04 13:20:00 - auth.providers.http_auth_provider - INFO - Token获取成功: service=user, expires_at=2026-03-04T13:20:01.786930
2026-03-04 13:20:00 - auth.token_manager - INFO - 强制刷新Token成功: service=user
2026-03-04 13:20:00 - auth.cache - INFO - Token已缓存: service=user, expires_at=2026-03-04 13:20:01.786930, remaining=0s
2026-03-04 13:20:00 - auth.token_manager - WARNING - 尝试刷新不存在的Token: service=nurse, 将重新获取
2026-03-04 13:20:00 - auth.providers.http_auth_provider - INFO - 开始获取Token: service=nurse, method=GET
2026-03-04 13:20:00 - auth.providers.http_auth_provider - INFO - Token获取成功: service=nurse, expires_at=2026-03-04T13:20:01.840856
2026-03-04 13:20:00 - auth.token_manager - INFO - 强制刷新Token成功: service=nurse
2026-03-04 13:20:00 - auth.cache - INFO - Token已缓存: service=nurse, expires_at=2026-03-04 13:20:01.840856, remaining=1s
2026-03-04 13:20:00 - auth.token_manager - WARNING - 尝试刷新不存在的Token: service=admin, 将重新获取
2026-03-04 13:20:00 - auth.providers.http_auth_provider - INFO - 开始获取Token: service=admin, method=POST
2026-03-04 13:20:01 - auth.providers.http_auth_provider - INFO - Token获取成功: service=admin, expires_at=2026-03-04T13:20:02.016199
2026-03-04 13:20:01 - auth.token_manager - INFO - 强制刷新Token成功: service=admin
2026-03-04 13:20:01 - auth.cache - INFO - Token已缓存: service=admin, expires_at=2026-03-04 13:20:02.016199, remaining=0s
2026-03-04 13:20:01 - __main__ - INFO - Step 3: 执行接口监控...
2026-03-04 13:20:01 - monitor.monitor_engine - INFO - 开始执行监控: 663个接口，5线程并发
2026-03-04 13:20:01 - monitor.monitor_engine - INFO - 请求间隔: 500ms
2026-03-04 13:20:06 - monitor.monitor_engine - INFO - 监控执行完成: 总数=663, 成功=198, 失败=465, 成功率=29.9%, P95响应时间=0.06s, 耗时=5.30s
2026-03-04 13:20:06 - __main__ - INFO - 接口监控执行时间: 5.30秒 (663个接口)
2026-03-04 13:20:06 - __main__ - INFO - Step 4: 分析监控结果...
2026-03-04 13:20:06 - analyzer.result_analyzer - INFO - 开始分析 663 个监控结果
2026-03-04 13:20:06 - analyzer.aggregators.error_aggregator - INFO - 开始聚合 465 个异常结果
2026-03-04 13:20:06 - analyzer.aggregators.error_aggregator - INFO - 聚合完成，共 462 种异常类型
2026-03-04 13:20:06 - analyzer.aggregators.stats_aggregator - INFO - 开始统计 663 个监控结果
2026-03-04 13:20:06 - analyzer.aggregators.stats_aggregator - INFO - 统计完成: 总数=663, 成功率=29.86%
2026-03-04 13:20:06 - analyzer.alert_logic - INFO - 发现500错误，触发异常告警: Heatmap
2026-03-04 13:20:06 - analyzer.alert_logic - INFO - 开始过滤告警错误，总错误数: 462
2026-03-04 13:20:06 - analyzer.alert_logic - INFO -   -> 通过error_type匹配: HTTP_500
2026-03-04 13:20:06 - analyzer.alert_logic - INFO -   -> 通过error_type匹配: HTTP_500
2026-03-04 13:20:06 - analyzer.alert_logic - INFO - 过滤完成，告警错误数: 2
2026-03-04 13:20:06 - analyzer.alert_logic - INFO - 被过滤的告警错误列表:
2026-03-04 13:20:06 - analyzer.alert_logic - INFO -   1. Heatmap - HTTP_500 (HTTP 500)
2026-03-04 13:20:06 - analyzer.alert_logic - INFO -   2. {Batchid} - HTTP_500 (HTTP 500)
2026-03-04 13:20:06 - analyzer.alert_logic - INFO - 准备发送告警: 类型=error, 优先级=CRITICAL, 接收人=5个, 告警错误=2个
2026-03-04 13:20:06 - analyzer.result_analyzer - INFO - 分析完成: 总数=663, 成功=198, 失败=465, 异常类型=462, 需要告警=True, 告警摘要=2个500错误
2026-03-04 13:20:06 - __main__ - INFO - 分析耗时: 0.00秒
2026-03-04 13:20:06 - __main__ - INFO - Step 5: 发送监控报告...
2026-03-04 13:20:06 - __main__ - INFO - 发现严重错误，发送告警通知
2026-03-04 13:20:06 - notifier.wechat_notifier - INFO - 开始发送监控报告
2026-03-04 13:20:06 - notifier.webhook_client - INFO - 发送企业微信消息 (尝试 1/3)
2026-03-04 13:20:06 - notifier.webhook_client - INFO - 消息发送成功: N/A
2026-03-04 13:20:06 - notifier.wechat_notifier - INFO - 监控报告发送成功: message_id=, retry_count=0
2026-03-04 13:20:06 - __main__ - INFO - 监控报告发送成功
2026-03-04 13:20:06 - __main__ - INFO - ============================================================
2026-03-04 13:20:06 - __main__ - INFO - 监控周期完成: 2026-03-04 13:20:06
2026-03-04 13:20:06 - __main__ - INFO - 总耗时: 6.08秒 (监控执行: 5.30秒, 分析: 0.00秒)
2026-03-04 13:20:06 - __main__ - INFO - 接口总数: 663
2026-03-04 13:20:06 - __main__ - INFO - 成功: 198
2026-03-04 13:20:06 - __main__ - INFO - 失败: 465
2026-03-04 13:20:06 - __main__ - INFO - 成功率: 29.86%
2026-03-04 13:20:06 - __main__ - INFO - 平均响应时间: 0.04秒
2026-03-04 13:20:06 - __main__ - INFO - 状态码分布:
2026-03-04 13:20:06 - __main__ - INFO -   HTTP 200: 198次 (29.9%)
2026-03-04 13:20:06 - __main__ - INFO -   HTTP 400: 373次 (56.3%)
2026-03-04 13:20:06 - __main__ - INFO -   HTTP 401: 88次 (13.3%)
2026-03-04 13:20:06 - __main__ - INFO -   HTTP 415: 2次 (0.3%)
2026-03-04 13:20:06 - __main__ - INFO -   HTTP 500: 2次 (0.3%)
2026-03-04 13:20:06 - __main__ - INFO - ============================================================
2026-03-04 13:20:06 - __main__ - INFO - 下次执行时间: 2026-03-04 13:25:00
2026-03-04 13:25:00 - __main__ - INFO - 开始执行监控周期: 2026-03-04 13:25:00
2026-03-04 13:25:00 - __main__ - INFO - ============================================================
2026-03-04 13:25:00 - __main__ - INFO - 开始监控周期: 2026-03-04 13:25:00
2026-03-04 13:25:00 - __main__ - INFO - ============================================================
2026-03-04 13:25:00 - __main__ - INFO - Step 1: 扫描接口文档...
2026-03-04 13:25:00 - scanner.interface_scanner - INFO - 开始扫描目录: D:\Dev\interface_monitoring\Interface-pool
2026-03-04 13:25:00 - scanner.interface_scanner - INFO - 实际扫描到的文件: 663
2026-03-04 13:25:00 - scanner.interface_scanner - INFO -   1. D:\Dev\interface_monitoring\Interface-pool\user\JPush推送\发送推送_OpenAPI.json
2026-03-04 13:25:00 - scanner.interface_scanner - INFO -   2. D:\Dev\interface_monitoring\Interface-pool\user\Oss管理\同步上传文件到OSS_OpenAPI.json
2026-03-04 13:25:00 - scanner.interface_scanner - INFO -   3. D:\Dev\interface_monitoring\Interface-pool\user\Oss管理\批量同步上传文件到OSS_OpenAPI.json
2026-03-04 13:25:00 - scanner.interface_scanner - INFO -   4. D:\Dev\interface_monitoring\Interface-pool\user\价格计算\个体价格计算_OpenAPI.json
2026-03-04 13:25:00 - scanner.interface_scanner - INFO -   5. D:\Dev\interface_monitoring\Interface-pool\user\价格计算\团体价格计算_OpenAPI.json
2026-03-04 13:25:00 - scanner.interface_scanner - INFO -   ... 还有 658 个文件
2026-03-04 13:25:00 - scanner.interface_scanner - INFO - 找到 663 个接口文档文件
2026-03-04 13:25:00 - scanner.interface_scanner - INFO - 扫描完成，共发现 663 个接口
2026-03-04 13:25:00 - __main__ - INFO - 发现 663 个接口
2026-03-04 13:25:00 - __main__ - INFO - Step 2: 获取认证Token...
2026-03-04 13:25:00 - auth.token_manager - WARNING - 尝试刷新不存在的Token: service=user, 将重新获取
2026-03-04 13:25:00 - auth.providers.http_auth_provider - INFO - 开始获取Token: service=user, method=GET
2026-03-04 13:25:00 - auth.providers.http_auth_provider - INFO - Token获取成功: service=user, expires_at=2026-03-04T13:25:01.831415
2026-03-04 13:25:00 - auth.token_manager - INFO - 强制刷新Token成功: service=user
2026-03-04 13:25:00 - auth.cache - INFO - Token已缓存: service=user, expires_at=2026-03-04 13:25:01.831415, remaining=0s
2026-03-04 13:25:00 - auth.token_manager - WARNING - 尝试刷新不存在的Token: service=nurse, 将重新获取
2026-03-04 13:25:00 - auth.providers.http_auth_provider - INFO - 开始获取Token: service=nurse, method=GET
2026-03-04 13:25:00 - auth.providers.http_auth_provider - INFO - Token获取成功: service=nurse, expires_at=2026-03-04T13:25:01.890377
2026-03-04 13:25:00 - auth.token_manager - INFO - 强制刷新Token成功: service=nurse
2026-03-04 13:25:00 - auth.cache - INFO - Token已缓存: service=nurse, expires_at=2026-03-04 13:25:01.890377, remaining=0s
2026-03-04 13:25:00 - auth.token_manager - WARNING - 尝试刷新不存在的Token: service=admin, 将重新获取
2026-03-04 13:25:00 - auth.providers.http_auth_provider - INFO - 开始获取Token: service=admin, method=POST
2026-03-04 13:25:01 - auth.providers.http_auth_provider - INFO - Token获取成功: service=admin, expires_at=2026-03-04T13:25:02.056149
2026-03-04 13:25:01 - auth.token_manager - INFO - 强制刷新Token成功: service=admin
2026-03-04 13:25:01 - auth.cache - INFO - Token已缓存: service=admin, expires_at=2026-03-04 13:25:02.056149, remaining=0s
2026-03-04 13:25:01 - __main__ - INFO - Step 3: 执行接口监控...
2026-03-04 13:25:01 - monitor.monitor_engine - INFO - 开始执行监控: 663个接口，5线程并发
2026-03-04 13:25:01 - monitor.monitor_engine - INFO - 请求间隔: 500ms
2026-03-04 13:25:06 - monitor.monitor_engine - INFO - 监控执行完成: 总数=663, 成功=199, 失败=464, 成功率=30.0%, P95响应时间=0.06s, 耗时=5.18s
2026-03-04 13:25:06 - __main__ - INFO - 接口监控执行时间: 5.18秒 (663个接口)
2026-03-04 13:25:06 - __main__ - INFO - Step 4: 分析监控结果...
2026-03-04 13:25:06 - analyzer.result_analyzer - INFO - 开始分析 663 个监控结果
2026-03-04 13:25:06 - analyzer.aggregators.error_aggregator - INFO - 开始聚合 464 个异常结果
2026-03-04 13:25:06 - analyzer.aggregators.error_aggregator - INFO - 聚合完成，共 461 种异常类型
2026-03-04 13:25:06 - analyzer.aggregators.stats_aggregator - INFO - 开始统计 663 个监控结果
2026-03-04 13:25:06 - analyzer.aggregators.stats_aggregator - INFO - 统计完成: 总数=663, 成功率=30.02%
2026-03-04 13:25:06 - analyzer.alert_logic - INFO - 发现500错误，触发异常告警: Heatmap
2026-03-04 13:25:06 - analyzer.alert_logic - INFO - 开始过滤告警错误，总错误数: 461
2026-03-04 13:25:06 - analyzer.alert_logic - INFO -   -> 通过error_type匹配: HTTP_500
2026-03-04 13:25:06 - analyzer.alert_logic - INFO -   -> 通过error_type匹配: HTTP_500
2026-03-04 13:25:06 - analyzer.alert_logic - INFO - 过滤完成，告警错误数: 2
2026-03-04 13:25:06 - analyzer.alert_logic - INFO - 被过滤的告警错误列表:
2026-03-04 13:25:06 - analyzer.alert_logic - INFO -   1. Heatmap - HTTP_500 (HTTP 500)
2026-03-04 13:25:06 - analyzer.alert_logic - INFO -   2. {Batchid} - HTTP_500 (HTTP 500)
2026-03-04 13:25:06 - analyzer.alert_logic - INFO - 准备发送告警: 类型=error, 优先级=CRITICAL, 接收人=5个, 告警错误=2个
2026-03-04 13:25:06 - analyzer.result_analyzer - INFO - 分析完成: 总数=663, 成功=199, 失败=464, 异常类型=461, 需要告警=True, 告警摘要=2个500错误
2026-03-04 13:25:06 - __main__ - INFO - 分析耗时: 0.00秒
2026-03-04 13:25:06 - __main__ - INFO - Step 5: 发送监控报告...
2026-03-04 13:25:06 - __main__ - INFO - 发现严重错误，发送告警通知
2026-03-04 13:25:06 - notifier.wechat_notifier - INFO - 开始发送监控报告
2026-03-04 13:25:06 - notifier.webhook_client - INFO - 发送企业微信消息 (尝试 1/3)
2026-03-04 13:25:06 - notifier.webhook_client - INFO - 消息发送成功: N/A
2026-03-04 13:25:06 - notifier.wechat_notifier - INFO - 监控报告发送成功: message_id=, retry_count=0
2026-03-04 13:25:06 - __main__ - INFO - 监控报告发送成功
2026-03-04 13:25:06 - __main__ - INFO - ============================================================
2026-03-04 13:25:06 - __main__ - INFO - 监控周期完成: 2026-03-04 13:25:06
2026-03-04 13:25:06 - __main__ - INFO - 总耗时: 5.81秒 (监控执行: 5.18秒, 分析: 0.00秒)
2026-03-04 13:25:06 - __main__ - INFO - 接口总数: 663
2026-03-04 13:25:06 - __main__ - INFO - 成功: 199
2026-03-04 13:25:06 - __main__ - INFO - 失败: 464
2026-03-04 13:25:06 - __main__ - INFO - 成功率: 30.02%
2026-03-04 13:25:06 - __main__ - INFO - 平均响应时间: 0.04秒
2026-03-04 13:25:06 - __main__ - INFO - 状态码分布:
2026-03-04 13:25:06 - __main__ - INFO -   HTTP 200: 199次 (30.0%)
2026-03-04 13:25:06 - __main__ - INFO -   HTTP 400: 373次 (56.3%)
2026-03-04 13:25:06 - __main__ - INFO -   HTTP 401: 87次 (13.1%)
2026-03-04 13:25:06 - __main__ - INFO -   HTTP 415: 2次 (0.3%)
2026-03-04 13:25:06 - __main__ - INFO -   HTTP 500: 2次 (0.3%)
2026-03-04 13:25:06 - __main__ - INFO - ============================================================
2026-03-04 13:25:06 - __main__ - INFO - 下次执行时间: 2026-03-04 13:30:00
2026-03-04 13:30:00 - __main__ - INFO - 开始执行监控周期: 2026-03-04 13:30:00
2026-03-04 13:30:00 - __main__ - INFO - ============================================================
2026-03-04 13:30:00 - __main__ - INFO - 开始监控周期: 2026-03-04 13:30:00
2026-03-04 13:30:00 - __main__ - INFO - ============================================================
2026-03-04 13:30:00 - __main__ - INFO - Step 1: 扫描接口文档...
2026-03-04 13:30:00 - scanner.interface_scanner - INFO - 开始扫描目录: D:\Dev\interface_monitoring\Interface-pool
2026-03-04 13:30:00 - scanner.interface_scanner - INFO - 实际扫描到的文件: 663
2026-03-04 13:30:00 - scanner.interface_scanner - INFO -   1. D:\Dev\interface_monitoring\Interface-pool\user\JPush推送\发送推送_OpenAPI.json
2026-03-04 13:30:00 - scanner.interface_scanner - INFO -   2. D:\Dev\interface_monitoring\Interface-pool\user\Oss管理\同步上传文件到OSS_OpenAPI.json
2026-03-04 13:30:00 - scanner.interface_scanner - INFO -   3. D:\Dev\interface_monitoring\Interface-pool\user\Oss管理\批量同步上传文件到OSS_OpenAPI.json
2026-03-04 13:30:00 - scanner.interface_scanner - INFO -   4. D:\Dev\interface_monitoring\Interface-pool\user\价格计算\个体价格计算_OpenAPI.json
2026-03-04 13:30:00 - scanner.interface_scanner - INFO -   5. D:\Dev\interface_monitoring\Interface-pool\user\价格计算\团体价格计算_OpenAPI.json
2026-03-04 13:30:00 - scanner.interface_scanner - INFO -   ... 还有 658 个文件
2026-03-04 13:30:00 - scanner.interface_scanner - INFO - 找到 663 个接口文档文件
2026-03-04 13:30:00 - scanner.interface_scanner - INFO - 扫描完成，共发现 663 个接口
2026-03-04 13:30:00 - __main__ - INFO - 发现 663 个接口
2026-03-04 13:30:00 - __main__ - INFO - Step 2: 获取认证Token...
2026-03-04 13:30:00 - auth.token_manager - WARNING - 尝试刷新不存在的Token: service=user, 将重新获取
2026-03-04 13:30:00 - auth.providers.http_auth_provider - INFO - 开始获取Token: service=user, method=GET
2026-03-04 13:30:00 - auth.providers.http_auth_provider - INFO - Token获取成功: service=user, expires_at=2026-03-04T13:30:01.774196
2026-03-04 13:30:00 - auth.token_manager - INFO - 强制刷新Token成功: service=user
2026-03-04 13:30:00 - auth.cache - INFO - Token已缓存: service=user, expires_at=2026-03-04 13:30:01.774196, remaining=0s
2026-03-04 13:30:00 - auth.token_manager - WARNING - 尝试刷新不存在的Token: service=nurse, 将重新获取
2026-03-04 13:30:00 - auth.providers.http_auth_provider - INFO - 开始获取Token: service=nurse, method=GET
2026-03-04 13:30:00 - auth.providers.http_auth_provider - INFO - Token获取成功: service=nurse, expires_at=2026-03-04T13:30:01.812002
2026-03-04 13:30:00 - auth.token_manager - INFO - 强制刷新Token成功: service=nurse
2026-03-04 13:30:00 - auth.cache - INFO - Token已缓存: service=nurse, expires_at=2026-03-04 13:30:01.812002, remaining=0s
2026-03-04 13:30:00 - auth.token_manager - WARNING - 尝试刷新不存在的Token: service=admin, 将重新获取
2026-03-04 13:30:00 - auth.providers.http_auth_provider - INFO - 开始获取Token: service=admin, method=POST
2026-03-04 13:30:01 - auth.providers.http_auth_provider - INFO - Token获取成功: service=admin, expires_at=2026-03-04T13:30:02.141538
2026-03-04 13:30:01 - auth.token_manager - INFO - 强制刷新Token成功: service=admin
2026-03-04 13:30:01 - auth.cache - INFO - Token已缓存: service=admin, expires_at=2026-03-04 13:30:02.141538, remaining=0s
2026-03-04 13:30:01 - __main__ - INFO - Step 3: 执行接口监控...
2026-03-04 13:30:01 - monitor.monitor_engine - INFO - 开始执行监控: 663个接口，5线程并发
2026-03-04 13:30:01 - monitor.monitor_engine - INFO - 请求间隔: 500ms
2026-03-04 13:30:06 - monitor.monitor_engine - INFO - 监控执行完成: 总数=663, 成功=198, 失败=465, 成功率=29.9%, P95响应时间=0.05s, 耗时=5.45s
2026-03-04 13:30:06 - __main__ - INFO - 接口监控执行时间: 5.45秒 (663个接口)
2026-03-04 13:30:06 - __main__ - INFO - Step 4: 分析监控结果...
2026-03-04 13:30:06 - analyzer.result_analyzer - INFO - 开始分析 663 个监控结果
2026-03-04 13:30:06 - analyzer.aggregators.error_aggregator - INFO - 开始聚合 465 个异常结果
2026-03-04 13:30:06 - analyzer.aggregators.error_aggregator - INFO - 聚合完成，共 462 种异常类型
2026-03-04 13:30:06 - analyzer.aggregators.stats_aggregator - INFO - 开始统计 663 个监控结果
2026-03-04 13:30:06 - analyzer.aggregators.stats_aggregator - INFO - 统计完成: 总数=663, 成功率=29.86%
2026-03-04 13:30:06 - analyzer.alert_logic - INFO - 发现500错误，触发异常告警: Heatmap
2026-03-04 13:30:06 - analyzer.alert_logic - INFO - 开始过滤告警错误，总错误数: 462
2026-03-04 13:30:06 - analyzer.alert_logic - INFO -   -> 通过error_type匹配: HTTP_500
2026-03-04 13:30:06 - analyzer.alert_logic - INFO -   -> 通过error_type匹配: HTTP_500
2026-03-04 13:30:06 - analyzer.alert_logic - INFO - 过滤完成，告警错误数: 2
2026-03-04 13:30:06 - analyzer.alert_logic - INFO - 被过滤的告警错误列表:
2026-03-04 13:30:06 - analyzer.alert_logic - INFO -   1. Heatmap - HTTP_500 (HTTP 500)
2026-03-04 13:30:06 - analyzer.alert_logic - INFO -   2. {Batchid} - HTTP_500 (HTTP 500)
2026-03-04 13:30:06 - analyzer.alert_logic - INFO - 准备发送告警: 类型=error, 优先级=CRITICAL, 接收人=5个, 告警错误=2个
2026-03-04 13:30:06 - analyzer.result_analyzer - INFO - 分析完成: 总数=663, 成功=198, 失败=465, 异常类型=462, 需要告警=True, 告警摘要=2个500错误
2026-03-04 13:30:06 - __main__ - INFO - 分析耗时: 0.00秒
2026-03-04 13:30:06 - __main__ - INFO - Step 5: 发送监控报告...
2026-03-04 13:30:06 - __main__ - INFO - 发现严重错误，发送告警通知
2026-03-04 13:30:06 - notifier.wechat_notifier - INFO - 开始发送监控报告
2026-03-04 13:30:06 - notifier.webhook_client - INFO - 发送企业微信消息 (尝试 1/3)
2026-03-04 13:30:06 - notifier.webhook_client - INFO - 消息发送成功: N/A
2026-03-04 13:30:06 - notifier.wechat_notifier - INFO - 监控报告发送成功: message_id=, retry_count=0
2026-03-04 13:30:06 - __main__ - INFO - 监控报告发送成功
2026-03-04 13:30:06 - __main__ - INFO - ============================================================
2026-03-04 13:30:06 - __main__ - INFO - 监控周期完成: 2026-03-04 13:30:06
2026-03-04 13:30:06 - __main__ - INFO - 总耗时: 6.18秒 (监控执行: 5.45秒, 分析: 0.00秒)
2026-03-04 13:30:06 - __main__ - INFO - 接口总数: 663
2026-03-04 13:30:06 - __main__ - INFO - 成功: 198
2026-03-04 13:30:06 - __main__ - INFO - 失败: 465
2026-03-04 13:30:06 - __main__ - INFO - 成功率: 29.86%
2026-03-04 13:30:06 - __main__ - INFO - 平均响应时间: 0.04秒
2026-03-04 13:30:06 - __main__ - INFO - 状态码分布:
2026-03-04 13:30:06 - __main__ - INFO -   HTTP 200: 198次 (29.9%)
2026-03-04 13:30:06 - __main__ - INFO -   HTTP 400: 372次 (56.1%)
2026-03-04 13:30:06 - __main__ - INFO -   HTTP 401: 89次 (13.4%)
2026-03-04 13:30:06 - __main__ - INFO -   HTTP 415: 2次 (0.3%)
2026-03-04 13:30:06 - __main__ - INFO -   HTTP 500: 2次 (0.3%)
2026-03-04 13:30:06 - __main__ - INFO - ============================================================
2026-03-04 13:30:06 - __main__ - INFO - 下次执行时间: 2026-03-04 13:35:00
2026-03-04 13:35:00 - __main__ - INFO - 开始执行监控周期: 2026-03-04 13:35:00
2026-03-04 13:35:00 - __main__ - INFO - ============================================================
2026-03-04 13:35:00 - __main__ - INFO - 开始监控周期: 2026-03-04 13:35:00
2026-03-04 13:35:00 - __main__ - INFO - ============================================================
2026-03-04 13:35:00 - __main__ - INFO - Step 1: 扫描接口文档...
2026-03-04 13:35:00 - scanner.interface_scanner - INFO - 开始扫描目录: D:\Dev\interface_monitoring\Interface-pool
2026-03-04 13:35:01 - scanner.interface_scanner - INFO - 实际扫描到的文件: 663
2026-03-04 13:35:01 - scanner.interface_scanner - INFO -   1. D:\Dev\interface_monitoring\Interface-pool\user\JPush推送\发送推送_OpenAPI.json
2026-03-04 13:35:01 - scanner.interface_scanner - INFO -   2. D:\Dev\interface_monitoring\Interface-pool\user\Oss管理\同步上传文件到OSS_OpenAPI.json
2026-03-04 13:35:01 - scanner.interface_scanner - INFO -   3. D:\Dev\interface_monitoring\Interface-pool\user\Oss管理\批量同步上传文件到OSS_OpenAPI.json
2026-03-04 13:35:01 - scanner.interface_scanner - INFO -   4. D:\Dev\interface_monitoring\Interface-pool\user\价格计算\个体价格计算_OpenAPI.json
2026-03-04 13:35:01 - scanner.interface_scanner - INFO -   5. D:\Dev\interface_monitoring\Interface-pool\user\价格计算\团体价格计算_OpenAPI.json
2026-03-04 13:35:01 - scanner.interface_scanner - INFO -   ... 还有 658 个文件
2026-03-04 13:35:01 - scanner.interface_scanner - INFO - 找到 663 个接口文档文件
2026-03-04 13:35:01 - scanner.interface_scanner - INFO - 扫描完成，共发现 663 个接口
2026-03-04 13:35:01 - __main__ - INFO - 发现 663 个接口
2026-03-04 13:35:01 - __main__ - INFO - Step 2: 获取认证Token...
2026-03-04 13:35:01 - auth.token_manager - WARNING - 尝试刷新不存在的Token: service=user, 将重新获取
2026-03-04 13:35:01 - auth.providers.http_auth_provider - INFO - 开始获取Token: service=user, method=GET
2026-03-04 13:35:01 - auth.providers.http_auth_provider - INFO - Token获取成功: service=user, expires_at=2026-03-04T13:35:02.318081
2026-03-04 13:35:01 - auth.token_manager - INFO - 强制刷新Token成功: service=user
2026-03-04 13:35:01 - auth.cache - INFO - Token已缓存: service=user, expires_at=2026-03-04 13:35:02.318081, remaining=0s
2026-03-04 13:35:01 - auth.token_manager - WARNING - 尝试刷新不存在的Token: service=nurse, 将重新获取
2026-03-04 13:35:01 - auth.providers.http_auth_provider - INFO - 开始获取Token: service=nurse, method=GET
2026-03-04 13:35:01 - auth.providers.http_auth_provider - INFO - Token获取成功: service=nurse, expires_at=2026-03-04T13:35:02.356051
2026-03-04 13:35:01 - auth.token_manager - INFO - 强制刷新Token成功: service=nurse
2026-03-04 13:35:01 - auth.cache - INFO - Token已缓存: service=nurse, expires_at=2026-03-04 13:35:02.356051, remaining=0s
2026-03-04 13:35:01 - auth.token_manager - WARNING - 尝试刷新不存在的Token: service=admin, 将重新获取
2026-03-04 13:35:01 - auth.providers.http_auth_provider - INFO - 开始获取Token: service=admin, method=POST
2026-03-04 13:35:01 - auth.providers.http_auth_provider - INFO - Token获取成功: service=admin, expires_at=2026-03-04T13:35:02.521934
2026-03-04 13:35:01 - auth.token_manager - INFO - 强制刷新Token成功: service=admin
2026-03-04 13:35:01 - auth.cache - INFO - Token已缓存: service=admin, expires_at=2026-03-04 13:35:02.521934, remaining=1s
2026-03-04 13:35:01 - __main__ - INFO - Step 3: 执行接口监控...
2026-03-04 13:35:01 - monitor.monitor_engine - INFO - 开始执行监控: 663个接口，5线程并发
2026-03-04 13:35:01 - monitor.monitor_engine - INFO - 请求间隔: 500ms
2026-03-04 13:35:07 - monitor.monitor_engine - INFO - 监控执行完成: 总数=663, 成功=202, 失败=461, 成功率=30.5%, P95响应时间=0.06s, 耗时=5.50s
2026-03-04 13:35:07 - __main__ - INFO - 接口监控执行时间: 5.50秒 (663个接口)
2026-03-04 13:35:07 - __main__ - INFO - Step 4: 分析监控结果...
2026-03-04 13:35:07 - analyzer.result_analyzer - INFO - 开始分析 663 个监控结果
2026-03-04 13:35:07 - analyzer.aggregators.error_aggregator - INFO - 开始聚合 461 个异常结果
2026-03-04 13:35:07 - analyzer.aggregators.error_aggregator - INFO - 聚合完成，共 458 种异常类型
2026-03-04 13:35:07 - analyzer.aggregators.stats_aggregator - INFO - 开始统计 663 个监控结果
2026-03-04 13:35:07 - analyzer.aggregators.stats_aggregator - INFO - 统计完成: 总数=663, 成功率=30.47%
2026-03-04 13:35:07 - analyzer.alert_logic - INFO - 发现500错误，触发异常告警: Heatmap
2026-03-04 13:35:07 - analyzer.alert_logic - INFO - 开始过滤告警错误，总错误数: 458
2026-03-04 13:35:07 - analyzer.alert_logic - INFO -   -> 通过error_type匹配: HTTP_500
2026-03-04 13:35:07 - analyzer.alert_logic - INFO -   -> 通过error_type匹配: HTTP_500
2026-03-04 13:35:07 - analyzer.alert_logic - INFO - 过滤完成，告警错误数: 2
2026-03-04 13:35:07 - analyzer.alert_logic - INFO - 被过滤的告警错误列表:
2026-03-04 13:35:07 - analyzer.alert_logic - INFO -   1. Heatmap - HTTP_500 (HTTP 500)
2026-03-04 13:35:07 - analyzer.alert_logic - INFO -   2. {Batchid} - HTTP_500 (HTTP 500)
2026-03-04 13:35:07 - analyzer.alert_logic - INFO - 准备发送告警: 类型=error, 优先级=CRITICAL, 接收人=5个, 告警错误=2个
2026-03-04 13:35:07 - analyzer.result_analyzer - INFO - 分析完成: 总数=663, 成功=202, 失败=461, 异常类型=458, 需要告警=True, 告警摘要=2个500错误
2026-03-04 13:35:07 - __main__ - INFO - 分析耗时: 0.00秒
2026-03-04 13:35:07 - __main__ - INFO - Step 5: 发送监控报告...
2026-03-04 13:35:07 - __main__ - INFO - 发现严重错误，发送告警通知
2026-03-04 13:35:07 - notifier.wechat_notifier - INFO - 开始发送监控报告
2026-03-04 13:35:07 - notifier.webhook_client - INFO - 发送企业微信消息 (尝试 1/3)
2026-03-04 13:35:07 - notifier.webhook_client - INFO - 消息发送成功: N/A
2026-03-04 13:35:07 - notifier.wechat_notifier - INFO - 监控报告发送成功: message_id=, retry_count=0
2026-03-04 13:35:07 - __main__ - INFO - 监控报告发送成功
2026-03-04 13:35:07 - __main__ - INFO - ============================================================
2026-03-04 13:35:07 - __main__ - INFO - 监控周期完成: 2026-03-04 13:35:07
2026-03-04 13:35:07 - __main__ - INFO - 总耗时: 6.41秒 (监控执行: 5.50秒, 分析: 0.00秒)
2026-03-04 13:35:07 - __main__ - INFO - 接口总数: 663
2026-03-04 13:35:07 - __main__ - INFO - 成功: 202
2026-03-04 13:35:07 - __main__ - INFO - 失败: 461
2026-03-04 13:35:07 - __main__ - INFO - 成功率: 30.47%
2026-03-04 13:35:07 - __main__ - INFO - 平均响应时间: 0.04秒
2026-03-04 13:35:07 - __main__ - INFO - 状态码分布:
2026-03-04 13:35:07 - __main__ - INFO -   HTTP 200: 202次 (30.5%)
2026-03-04 13:35:07 - __main__ - INFO -   HTTP 400: 383次 (57.8%)
2026-03-04 13:35:07 - __main__ - INFO -   HTTP 401: 74次 (11.2%)
2026-03-04 13:35:07 - __main__ - INFO -   HTTP 415: 2次 (0.3%)
2026-03-04 13:35:07 - __main__ - INFO -   HTTP 500: 2次 (0.3%)
2026-03-04 13:35:07 - __main__ - INFO - ============================================================
2026-03-04 13:35:07 - __main__ - INFO - 下次执行时间: 2026-03-04 13:40:00
2026-03-04 14:01:28 - __main__ - INFO - 开始执行监控周期: 2026-03-04 14:01:28
2026-03-04 14:01:28 - __main__ - INFO - ============================================================
2026-03-04 14:01:28 - __main__ - INFO - 开始监控周期: 2026-03-04 14:01:28
2026-03-04 14:01:28 - __main__ - INFO - ============================================================
2026-03-04 14:01:28 - __main__ - INFO - Step 1: 扫描接口文档...
2026-03-04 14:01:28 - scanner.interface_scanner - INFO - 开始扫描目录: D:\Dev\interface_monitoring\Interface-pool
2026-03-04 14:01:28 - scanner.interface_scanner - INFO - 实际扫描到的文件: 663
2026-03-04 14:01:28 - scanner.interface_scanner - INFO -   1. D:\Dev\interface_monitoring\Interface-pool\user\JPush推送\发送推送_OpenAPI.json
2026-03-04 14:01:28 - scanner.interface_scanner - INFO -   2. D:\Dev\interface_monitoring\Interface-pool\user\Oss管理\同步上传文件到OSS_OpenAPI.json
2026-03-04 14:01:28 - scanner.interface_scanner - INFO -   3. D:\Dev\interface_monitoring\Interface-pool\user\Oss管理\批量同步上传文件到OSS_OpenAPI.json
2026-03-04 14:01:28 - scanner.interface_scanner - INFO -   4. D:\Dev\interface_monitoring\Interface-pool\user\价格计算\个体价格计算_OpenAPI.json
2026-03-04 14:01:28 - scanner.interface_scanner - INFO -   5. D:\Dev\interface_monitoring\Interface-pool\user\价格计算\团体价格计算_OpenAPI.json
2026-03-04 14:01:28 - scanner.interface_scanner - INFO -   ... 还有 658 个文件
2026-03-04 14:01:28 - scanner.interface_scanner - INFO - 找到 663 个接口文档文件
2026-03-04 14:01:28 - scanner.interface_scanner - INFO - 扫描完成，共发现 663 个接口
2026-03-04 14:01:28 - __main__ - INFO - 发现 663 个接口
2026-03-04 14:01:28 - __main__ - INFO - Step 2: 获取认证Token...
2026-03-04 14:01:28 - auth.token_manager - WARNING - 尝试刷新不存在的Token: service=user, 将重新获取
2026-03-04 14:01:28 - auth.providers.http_auth_provider - INFO - 开始获取Token: service=user, method=GET
2026-03-04 14:01:28 - auth.providers.http_auth_provider - INFO - Token获取成功: service=user, expires_at=2026-03-04T14:01:29.538552
2026-03-04 14:01:28 - auth.token_manager - INFO - 强制刷新Token成功: service=user
2026-03-04 14:01:28 - auth.cache - INFO - Token已缓存: service=user, expires_at=2026-03-04 14:01:29.538552, remaining=0s
2026-03-04 14:01:28 - auth.token_manager - WARNING - 尝试刷新不存在的Token: service=nurse, 将重新获取
2026-03-04 14:01:28 - auth.providers.http_auth_provider - INFO - 开始获取Token: service=nurse, method=GET
2026-03-04 14:01:28 - auth.providers.http_auth_provider - INFO - Token获取成功: service=nurse, expires_at=2026-03-04T14:01:29.596640
2026-03-04 14:01:28 - auth.token_manager - INFO - 强制刷新Token成功: service=nurse
2026-03-04 14:01:28 - auth.cache - INFO - Token已缓存: service=nurse, expires_at=2026-03-04 14:01:29.596640, remaining=0s
2026-03-04 14:01:28 - auth.token_manager - WARNING - 尝试刷新不存在的Token: service=admin, 将重新获取
2026-03-04 14:01:28 - auth.providers.http_auth_provider - INFO - 开始获取Token: service=admin, method=POST
2026-03-04 14:01:50 - urllib3.connectionpool - WARNING - Retrying (Retry(total=2, connect=None, read=None, redirect=None, status=None)) after connection broken by 'RemoteDisconnected('Remote end closed connection without response')': /maiban-admin/admin/api/v1/auth/login
2026-03-04 14:01:50 - auth.providers.http_auth_provider - INFO - Token获取成功: service=admin, expires_at=2026-03-04T14:01:51.401044
2026-03-04 14:01:50 - auth.token_manager - INFO - 强制刷新Token成功: service=admin
2026-03-04 14:01:50 - auth.cache - INFO - Token已缓存: service=admin, expires_at=2026-03-04 14:01:51.401044, remaining=0s
2026-03-04 14:01:50 - __main__ - INFO - Step 3: 执行接口监控...
2026-03-04 14:01:50 - monitor.monitor_engine - INFO - 开始执行监控: 663个接口，5线程并发
2026-03-04 14:01:50 - monitor.monitor_engine - INFO - 请求间隔: 500ms
2026-03-04 14:01:54 - monitor.monitor_engine - INFO - 监控执行完成: 总数=663, 成功=198, 失败=465, 成功率=29.9%, P95响应时间=0.05s, 耗时=4.44s
2026-03-04 14:01:54 - __main__ - INFO - 接口监控执行时间: 4.45秒 (663个接口)
2026-03-04 14:01:54 - __main__ - INFO - Step 4: 分析监控结果...
2026-03-04 14:01:54 - analyzer.result_analyzer - INFO - 开始分析 663 个监控结果
2026-03-04 14:01:54 - analyzer.aggregators.error_aggregator - INFO - 开始聚合 465 个异常结果
2026-03-04 14:01:54 - analyzer.aggregators.error_aggregator - INFO - 聚合完成，共 462 种异常类型
2026-03-04 14:01:54 - analyzer.aggregators.stats_aggregator - INFO - 开始统计 663 个监控结果
2026-03-04 14:01:54 - analyzer.aggregators.stats_aggregator - INFO - 统计完成: 总数=663, 成功率=29.86%
2026-03-04 14:01:54 - analyzer.alert_logic - INFO - 发现500错误，触发异常告警: Heatmap
2026-03-04 14:01:54 - analyzer.alert_logic - INFO - 开始过滤告警错误，总错误数: 462
2026-03-04 14:01:54 - analyzer.alert_logic - INFO -   -> 通过error_type匹配: HTTP_500
2026-03-04 14:01:54 - analyzer.alert_logic - INFO -   -> 通过error_type匹配: HTTP_500
2026-03-04 14:01:54 - analyzer.alert_logic - INFO - 过滤完成，告警错误数: 2
2026-03-04 14:01:54 - analyzer.alert_logic - INFO - 被过滤的告警错误列表:
2026-03-04 14:01:54 - analyzer.alert_logic - INFO -   1. Heatmap - HTTP_500 (HTTP 500)
2026-03-04 14:01:54 - analyzer.alert_logic - INFO -   2. {Batchid} - HTTP_500 (HTTP 500)
2026-03-04 14:01:54 - analyzer.alert_logic - INFO - 准备发送告警: 类型=error, 优先级=CRITICAL, 接收人=5个, 告警错误=2个
2026-03-04 14:01:54 - analyzer.result_analyzer - INFO - 分析完成: 总数=663, 成功=198, 失败=465, 异常类型=462, 需要告警=True, 告警摘要=2个500错误
2026-03-04 14:01:54 - __main__ - INFO - 分析耗时: 0.00秒
2026-03-04 14:01:54 - __main__ - INFO - Step 5: 发送监控报告...
2026-03-04 14:01:54 - __main__ - INFO - 发现严重错误，发送告警通知
2026-03-04 14:01:54 - notifier.wechat_notifier - INFO - 开始发送监控报告
2026-03-04 14:01:54 - notifier.webhook_client - INFO - 发送企业微信消息 (尝试 1/3)
2026-03-04 14:02:04 - urllib3.connectionpool - WARNING - Retrying (Retry(total=2, connect=None, read=None, redirect=None, status=None)) after connection broken by 'ReadTimeoutError("HTTPSConnectionPool(host='qyapi.weixin.qq.com', port=443): Read timed out. (read timeout=10)")': /cgi-bin/webhook/send?key=651f2841-0a79-4a43-bc50-5761253d6b52
2026-03-04 14:02:05 - notifier.webhook_client - INFO - 消息发送成功: N/A
2026-03-04 14:02:05 - notifier.wechat_notifier - INFO - 监控报告发送成功: message_id=, retry_count=0
2026-03-04 14:02:05 - __main__ - INFO - 监控报告发送成功
2026-03-04 14:02:05 - __main__ - INFO - ============================================================
2026-03-04 14:02:05 - __main__ - INFO - 监控周期完成: 2026-03-04 14:02:05
2026-03-04 14:02:05 - __main__ - INFO - 总耗时: 36.92秒 (监控执行: 4.45秒, 分析: 0.00秒)
2026-03-04 14:02:05 - __main__ - INFO - 接口总数: 663
2026-03-04 14:02:05 - __main__ - INFO - 成功: 198
2026-03-04 14:02:05 - __main__ - INFO - 失败: 465
2026-03-04 14:02:05 - __main__ - INFO - 成功率: 29.86%
2026-03-04 14:02:05 - __main__ - INFO - 平均响应时间: 0.03秒
2026-03-04 14:02:05 - __main__ - INFO - 状态码分布:
2026-03-04 14:02:05 - __main__ - INFO -   HTTP 200: 198次 (29.9%)
2026-03-04 14:02:05 - __main__ - INFO -   HTTP 400: 375次 (56.6%)
2026-03-04 14:02:05 - __main__ - INFO -   HTTP 401: 86次 (13.0%)
2026-03-04 14:02:05 - __main__ - INFO -   HTTP 415: 2次 (0.3%)
2026-03-04 14:02:05 - __main__ - INFO -   HTTP 500: 2次 (0.3%)
2026-03-04 14:02:05 - __main__ - INFO - ============================================================
2026-03-04 14:02:05 - __main__ - INFO - 下次执行时间: 2026-03-04 14:05:00
2026-03-04 14:05:00 - __main__ - INFO - 开始执行监控周期: 2026-03-04 14:05:00
2026-03-04 14:05:00 - __main__ - INFO - ============================================================
2026-03-04 14:05:00 - __main__ - INFO - 开始监控周期: 2026-03-04 14:05:00
2026-03-04 14:05:00 - __main__ - INFO - ============================================================
2026-03-04 14:05:00 - __main__ - INFO - Step 1: 扫描接口文档...
2026-03-04 14:05:00 - scanner.interface_scanner - INFO - 开始扫描目录: D:\Dev\interface_monitoring\Interface-pool
2026-03-04 14:05:00 - scanner.interface_scanner - INFO - 实际扫描到的文件: 663
2026-03-04 14:05:00 - scanner.interface_scanner - INFO -   1. D:\Dev\interface_monitoring\Interface-pool\user\JPush推送\发送推送_OpenAPI.json
2026-03-04 14:05:00 - scanner.interface_scanner - INFO -   2. D:\Dev\interface_monitoring\Interface-pool\user\Oss管理\同步上传文件到OSS_OpenAPI.json
2026-03-04 14:05:00 - scanner.interface_scanner - INFO -   3. D:\Dev\interface_monitoring\Interface-pool\user\Oss管理\批量同步上传文件到OSS_OpenAPI.json
2026-03-04 14:05:00 - scanner.interface_scanner - INFO -   4. D:\Dev\interface_monitoring\Interface-pool\user\价格计算\个体价格计算_OpenAPI.json
2026-03-04 14:05:00 - scanner.interface_scanner - INFO -   5. D:\Dev\interface_monitoring\Interface-pool\user\价格计算\团体价格计算_OpenAPI.json
2026-03-04 14:05:00 - scanner.interface_scanner - INFO -   ... 还有 658 个文件
2026-03-04 14:05:00 - scanner.interface_scanner - INFO - 找到 663 个接口文档文件
2026-03-04 14:05:00 - scanner.interface_scanner - INFO - 扫描完成，共发现 663 个接口
2026-03-04 14:05:00 - __main__ - INFO - 发现 663 个接口
2026-03-04 14:05:00 - __main__ - INFO - Step 2: 获取认证Token...
2026-03-04 14:05:00 - auth.token_manager - WARNING - 尝试刷新不存在的Token: service=user, 将重新获取
2026-03-04 14:05:00 - auth.providers.http_auth_provider - INFO - 开始获取Token: service=user, method=GET
2026-03-04 14:05:00 - auth.providers.http_auth_provider - INFO - Token获取成功: service=user, expires_at=2026-03-04T14:05:01.696189
2026-03-04 14:05:00 - auth.token_manager - INFO - 强制刷新Token成功: service=user
2026-03-04 14:05:00 - auth.cache - INFO - Token已缓存: service=user, expires_at=2026-03-04 14:05:01.696189, remaining=1s
2026-03-04 14:05:00 - auth.token_manager - WARNING - 尝试刷新不存在的Token: service=nurse, 将重新获取
2026-03-04 14:05:00 - auth.providers.http_auth_provider - INFO - 开始获取Token: service=nurse, method=GET
2026-03-04 14:05:00 - auth.providers.http_auth_provider - INFO - Token获取成功: service=nurse, expires_at=2026-03-04T14:05:01.744685
2026-03-04 14:05:00 - auth.token_manager - INFO - 强制刷新Token成功: service=nurse
2026-03-04 14:05:00 - auth.cache - INFO - Token已缓存: service=nurse, expires_at=2026-03-04 14:05:01.744685, remaining=0s
2026-03-04 14:05:00 - auth.token_manager - WARNING - 尝试刷新不存在的Token: service=admin, 将重新获取
2026-03-04 14:05:00 - auth.providers.http_auth_provider - INFO - 开始获取Token: service=admin, method=POST
2026-03-04 14:05:00 - auth.providers.http_auth_provider - INFO - Token获取成功: service=admin, expires_at=2026-03-04T14:05:01.913145
2026-03-04 14:05:00 - auth.token_manager - INFO - 强制刷新Token成功: service=admin
2026-03-04 14:05:00 - auth.cache - INFO - Token已缓存: service=admin, expires_at=2026-03-04 14:05:01.913145, remaining=1s
2026-03-04 14:05:00 - __main__ - INFO - Step 3: 执行接口监控...
2026-03-04 14:05:00 - monitor.monitor_engine - INFO - 开始执行监控: 663个接口，5线程并发
2026-03-04 14:05:00 - monitor.monitor_engine - INFO - 请求间隔: 500ms
2026-03-04 14:05:06 - monitor.monitor_engine - INFO - 监控执行完成: 总数=663, 成功=198, 失败=465, 成功率=29.9%, P95响应时间=0.06s, 耗时=5.49s
2026-03-04 14:05:06 - __main__ - INFO - 接口监控执行时间: 5.49秒 (663个接口)
2026-03-04 14:05:06 - __main__ - INFO - Step 4: 分析监控结果...
2026-03-04 14:05:06 - analyzer.result_analyzer - INFO - 开始分析 663 个监控结果
2026-03-04 14:05:06 - analyzer.aggregators.error_aggregator - INFO - 开始聚合 465 个异常结果
2026-03-04 14:05:06 - analyzer.aggregators.error_aggregator - INFO - 聚合完成，共 462 种异常类型
2026-03-04 14:05:06 - analyzer.aggregators.stats_aggregator - INFO - 开始统计 663 个监控结果
2026-03-04 14:05:06 - analyzer.aggregators.stats_aggregator - INFO - 统计完成: 总数=663, 成功率=29.86%
2026-03-04 14:05:06 - analyzer.alert_logic - INFO - 发现500错误，触发异常告警: Heatmap
2026-03-04 14:05:06 - analyzer.alert_logic - INFO - 开始过滤告警错误，总错误数: 462
2026-03-04 14:05:06 - analyzer.alert_logic - INFO -   -> 通过error_type匹配: HTTP_500
2026-03-04 14:05:06 - analyzer.alert_logic - INFO -   -> 通过error_type匹配: HTTP_500
2026-03-04 14:05:06 - analyzer.alert_logic - INFO - 过滤完成，告警错误数: 2
2026-03-04 14:05:06 - analyzer.alert_logic - INFO - 被过滤的告警错误列表:
2026-03-04 14:05:06 - analyzer.alert_logic - INFO -   1. Heatmap - HTTP_500 (HTTP 500)
2026-03-04 14:05:06 - analyzer.alert_logic - INFO -   2. {Batchid} - HTTP_500 (HTTP 500)
2026-03-04 14:05:06 - analyzer.alert_logic - INFO - 准备发送告警: 类型=error, 优先级=CRITICAL, 接收人=5个, 告警错误=2个
2026-03-04 14:05:06 - analyzer.result_analyzer - INFO - 分析完成: 总数=663, 成功=198, 失败=465, 异常类型=462, 需要告警=True, 告警摘要=2个500错误
2026-03-04 14:05:06 - __main__ - INFO - 分析耗时: 0.00秒
2026-03-04 14:05:06 - __main__ - INFO - Step 5: 发送监控报告...
2026-03-04 14:05:06 - __main__ - INFO - 发现严重错误，发送告警通知
2026-03-04 14:05:06 - notifier.wechat_notifier - INFO - 开始发送监控报告
2026-03-04 14:05:06 - notifier.webhook_client - INFO - 发送企业微信消息 (尝试 1/3)
2026-03-04 14:05:06 - notifier.webhook_client - INFO - 消息发送成功: N/A
2026-03-04 14:05:06 - notifier.wechat_notifier - INFO - 监控报告发送成功: message_id=, retry_count=0
2026-03-04 14:05:06 - __main__ - INFO - 监控报告发送成功
2026-03-04 14:05:06 - __main__ - INFO - ============================================================
2026-03-04 14:05:06 - __main__ - INFO - 监控周期完成: 2026-03-04 14:05:06
2026-03-04 14:05:06 - __main__ - INFO - 总耗时: 6.41秒 (监控执行: 5.49秒, 分析: 0.00秒)
2026-03-04 14:05:06 - __main__ - INFO - 接口总数: 663
2026-03-04 14:05:06 - __main__ - INFO - 成功: 198
2026-03-04 14:05:06 - __main__ - INFO - 失败: 465
2026-03-04 14:05:06 - __main__ - INFO - 成功率: 29.86%
2026-03-04 14:05:06 - __main__ - INFO - 平均响应时间: 0.04秒
2026-03-04 14:05:06 - __main__ - INFO - 状态码分布:
2026-03-04 14:05:06 - __main__ - INFO -   HTTP 200: 198次 (29.9%)
2026-03-04 14:05:06 - __main__ - INFO -   HTTP 400: 374次 (56.4%)
2026-03-04 14:05:06 - __main__ - INFO -   HTTP 401: 87次 (13.1%)
2026-03-04 14:05:06 - __main__ - INFO -   HTTP 415: 2次 (0.3%)
2026-03-04 14:05:06 - __main__ - INFO -   HTTP 500: 2次 (0.3%)
2026-03-04 14:05:06 - __main__ - INFO - ============================================================
2026-03-04 14:05:06 - __main__ - INFO - 下次执行时间: 2026-03-04 14:10:00
2026-03-04 14:10:00 - __main__ - INFO - 开始执行监控周期: 2026-03-04 14:10:00
2026-03-04 14:10:00 - __main__ - INFO - ============================================================
2026-03-04 14:10:00 - __main__ - INFO - 开始监控周期: 2026-03-04 14:10:00
2026-03-04 14:10:00 - __main__ - INFO - ============================================================
2026-03-04 14:10:00 - __main__ - INFO - Step 1: 扫描接口文档...
2026-03-04 14:10:00 - scanner.interface_scanner - INFO - 开始扫描目录: D:\Dev\interface_monitoring\Interface-pool
2026-03-04 14:10:00 - scanner.interface_scanner - INFO - 实际扫描到的文件: 663
2026-03-04 14:10:00 - scanner.interface_scanner - INFO -   1. D:\Dev\interface_monitoring\Interface-pool\user\JPush推送\发送推送_OpenAPI.json
2026-03-04 14:10:00 - scanner.interface_scanner - INFO -   2. D:\Dev\interface_monitoring\Interface-pool\user\Oss管理\同步上传文件到OSS_OpenAPI.json
2026-03-04 14:10:00 - scanner.interface_scanner - INFO -   3. D:\Dev\interface_monitoring\Interface-pool\user\Oss管理\批量同步上传文件到OSS_OpenAPI.json
2026-03-04 14:10:00 - scanner.interface_scanner - INFO -   4. D:\Dev\interface_monitoring\Interface-pool\user\价格计算\个体价格计算_OpenAPI.json
2026-03-04 14:10:00 - scanner.interface_scanner - INFO -   5. D:\Dev\interface_monitoring\Interface-pool\user\价格计算\团体价格计算_OpenAPI.json
2026-03-04 14:10:00 - scanner.interface_scanner - INFO -   ... 还有 658 个文件
2026-03-04 14:10:00 - scanner.interface_scanner - INFO - 找到 663 个接口文档文件
2026-03-04 14:10:00 - scanner.interface_scanner - INFO - 扫描完成，共发现 663 个接口
2026-03-04 14:10:00 - __main__ - INFO - 发现 663 个接口
2026-03-04 14:10:00 - __main__ - INFO - Step 2: 获取认证Token...
2026-03-04 14:10:00 - auth.token_manager - WARNING - 尝试刷新不存在的Token: service=user, 将重新获取
2026-03-04 14:10:00 - auth.providers.http_auth_provider - INFO - 开始获取Token: service=user, method=GET
2026-03-04 14:10:01 - auth.providers.http_auth_provider - INFO - Token获取成功: service=user, expires_at=2026-03-04T14:10:02.025972
2026-03-04 14:10:01 - auth.token_manager - INFO - 强制刷新Token成功: service=user
2026-03-04 14:10:01 - auth.cache - INFO - Token已缓存: service=user, expires_at=2026-03-04 14:10:02.025972, remaining=1s
2026-03-04 14:10:01 - auth.token_manager - WARNING - 尝试刷新不存在的Token: service=nurse, 将重新获取
2026-03-04 14:10:01 - auth.providers.http_auth_provider - INFO - 开始获取Token: service=nurse, method=GET
2026-03-04 14:10:01 - auth.providers.http_auth_provider - INFO - Token获取成功: service=nurse, expires_at=2026-03-04T14:10:02.080064
2026-03-04 14:10:01 - auth.token_manager - INFO - 强制刷新Token成功: service=nurse
2026-03-04 14:10:01 - auth.cache - INFO - Token已缓存: service=nurse, expires_at=2026-03-04 14:10:02.080064, remaining=0s
2026-03-04 14:10:01 - auth.token_manager - WARNING - 尝试刷新不存在的Token: service=admin, 将重新获取
2026-03-04 14:10:01 - auth.providers.http_auth_provider - INFO - 开始获取Token: service=admin, method=POST
2026-03-04 14:10:01 - auth.providers.http_auth_provider - INFO - Token获取成功: service=admin, expires_at=2026-03-04T14:10:02.239221
2026-03-04 14:10:01 - auth.token_manager - INFO - 强制刷新Token成功: service=admin
2026-03-04 14:10:01 - auth.cache - INFO - Token已缓存: service=admin, expires_at=2026-03-04 14:10:02.239221, remaining=1s
2026-03-04 14:10:01 - __main__ - INFO - Step 3: 执行接口监控...
2026-03-04 14:10:01 - monitor.monitor_engine - INFO - 开始执行监控: 663个接口，5线程并发
2026-03-04 14:10:01 - monitor.monitor_engine - INFO - 请求间隔: 500ms
2026-03-04 14:10:05 - monitor.monitor_engine - INFO - 监控执行完成: 总数=663, 成功=198, 失败=465, 成功率=29.9%, P95响应时间=0.05s, 耗时=4.64s
2026-03-04 14:10:05 - __main__ - INFO - 接口监控执行时间: 4.64秒 (663个接口)
2026-03-04 14:10:05 - __main__ - INFO - Step 4: 分析监控结果...
2026-03-04 14:10:05 - analyzer.result_analyzer - INFO - 开始分析 663 个监控结果
2026-03-04 14:10:05 - analyzer.aggregators.error_aggregator - INFO - 开始聚合 465 个异常结果
2026-03-04 14:10:05 - analyzer.aggregators.error_aggregator - INFO - 聚合完成，共 462 种异常类型
2026-03-04 14:10:05 - analyzer.aggregators.stats_aggregator - INFO - 开始统计 663 个监控结果
2026-03-04 14:10:05 - analyzer.aggregators.stats_aggregator - INFO - 统计完成: 总数=663, 成功率=29.86%
2026-03-04 14:10:05 - analyzer.alert_logic - INFO - 发现500错误，触发异常告警: Heatmap
2026-03-04 14:10:05 - analyzer.alert_logic - INFO - 开始过滤告警错误，总错误数: 462
2026-03-04 14:10:05 - analyzer.alert_logic - INFO -   -> 通过error_type匹配: HTTP_500
2026-03-04 14:10:05 - analyzer.alert_logic - INFO -   -> 通过error_type匹配: HTTP_500
2026-03-04 14:10:05 - analyzer.alert_logic - INFO - 过滤完成，告警错误数: 2
2026-03-04 14:10:05 - analyzer.alert_logic - INFO - 被过滤的告警错误列表:
2026-03-04 14:10:05 - analyzer.alert_logic - INFO -   1. Heatmap - HTTP_500 (HTTP 500)
2026-03-04 14:10:05 - analyzer.alert_logic - INFO -   2. {Batchid} - HTTP_500 (HTTP 500)
2026-03-04 14:10:05 - analyzer.alert_logic - INFO - 准备发送告警: 类型=error, 优先级=CRITICAL, 接收人=5个, 告警错误=2个
2026-03-04 14:10:05 - analyzer.result_analyzer - INFO - 分析完成: 总数=663, 成功=198, 失败=465, 异常类型=462, 需要告警=True, 告警摘要=2个500错误
2026-03-04 14:10:05 - __main__ - INFO - 分析耗时: 0.00秒
2026-03-04 14:10:05 - __main__ - INFO - Step 5: 发送监控报告...
2026-03-04 14:10:05 - __main__ - INFO - 发现严重错误，发送告警通知
2026-03-04 14:10:05 - notifier.wechat_notifier - INFO - 开始发送监控报告
2026-03-04 14:10:05 - notifier.webhook_client - INFO - 发送企业微信消息 (尝试 1/3)
2026-03-04 14:10:06 - notifier.webhook_client - INFO - 消息发送成功: N/A
2026-03-04 14:10:06 - notifier.wechat_notifier - INFO - 监控报告发送成功: message_id=, retry_count=0
2026-03-04 14:10:06 - __main__ - INFO - 监控报告发送成功
2026-03-04 14:10:06 - __main__ - INFO - ============================================================
2026-03-04 14:10:06 - __main__ - INFO - 监控周期完成: 2026-03-04 14:10:06
2026-03-04 14:10:06 - __main__ - INFO - 总耗时: 5.37秒 (监控执行: 4.64秒, 分析: 0.00秒)
2026-03-04 14:10:06 - __main__ - INFO - 接口总数: 663
2026-03-04 14:10:06 - __main__ - INFO - 成功: 198
2026-03-04 14:10:06 - __main__ - INFO - 失败: 465
2026-03-04 14:10:06 - __main__ - INFO - 成功率: 29.86%
2026-03-04 14:10:06 - __main__ - INFO - 平均响应时间: 0.03秒
2026-03-04 14:10:06 - __main__ - INFO - 状态码分布:
2026-03-04 14:10:06 - __main__ - INFO -   HTTP 200: 198次 (29.9%)
2026-03-04 14:10:06 - __main__ - INFO -   HTTP 400: 375次 (56.6%)
2026-03-04 14:10:06 - __main__ - INFO -   HTTP 401: 86次 (13.0%)
2026-03-04 14:10:06 - __main__ - INFO -   HTTP 415: 2次 (0.3%)
2026-03-04 14:10:06 - __main__ - INFO -   HTTP 500: 2次 (0.3%)
2026-03-04 14:10:06 - __main__ - INFO - ============================================================
2026-03-04 14:10:06 - __main__ - INFO - 下次执行时间: 2026-03-04 14:15:00
2026-03-04 14:10:45 - config.config_manager - INFO - 检测到配置文件变更: D:\Dev\interface_monitoring\config.yaml
2026-03-04 14:10:45 - config.config_manager - INFO - 开始加载配置文件: D:\Dev\interface_monitoring\config.yaml
2026-03-04 14:10:45 - config.config_manager - INFO - 配置加载并验证成功
2026-03-04 14:10:45 - config.config_manager - INFO - 配置热更新完成
2026-03-04 14:10:45 - config.config_manager - INFO - 检测到配置文件变更: D:\Dev\interface_monitoring\config.yaml
2026-03-04 14:10:45 - config.config_manager - INFO - 开始加载配置文件: D:\Dev\interface_monitoring\config.yaml
2026-03-04 14:10:45 - config.config_manager - INFO - 配置加载并验证成功
2026-03-04 14:10:45 - config.config_manager - INFO - 配置热更新完成
2026-03-04 14:11:01 - config.config_manager - INFO - 检测到配置文件变更: D:\Dev\interface_monitoring\config.yaml
2026-03-04 14:11:01 - config.config_manager - INFO - 开始加载配置文件: D:\Dev\interface_monitoring\config.yaml
2026-03-04 14:11:01 - config.config_manager - INFO - 配置加载并验证成功
2026-03-04 14:11:01 - config.config_manager - INFO - 配置热更新完成
2026-03-04 14:11:01 - config.config_manager - INFO - 检测到配置文件变更: D:\Dev\interface_monitoring\config.yaml
2026-03-04 14:11:01 - config.config_manager - INFO - 开始加载配置文件: D:\Dev\interface_monitoring\config.yaml
2026-03-04 14:11:01 - config.config_manager - INFO - 配置加载并验证成功
2026-03-04 14:11:01 - config.config_manager - INFO - 配置热更新完成
2026-03-04 14:11:01 - config.config_manager - INFO - 检测到配置文件变更: D:\Dev\interface_monitoring\config.yaml
2026-03-04 14:11:01 - config.config_manager - INFO - 开始加载配置文件: D:\Dev\interface_monitoring\config.yaml
2026-03-04 14:11:01 - config.config_manager - INFO - 配置加载并验证成功
2026-03-04 14:11:01 - config.config_manager - INFO - 配置热更新完成
2026-03-04 14:11:01 - config.config_manager - INFO - 检测到配置文件变更: D:\Dev\interface_monitoring\config.yaml
2026-03-04 14:11:01 - config.config_manager - INFO - 开始加载配置文件: D:\Dev\interface_monitoring\config.yaml
2026-03-04 14:11:01 - config.config_manager - INFO - 配置加载并验证成功
2026-03-04 14:11:01 - config.config_manager - INFO - 配置热更新完成
2026-03-04 14:11:01 - config.config_manager - INFO - 检测到配置文件变更: D:\Dev\interface_monitoring\config.yaml
2026-03-04 14:11:01 - config.config_manager - INFO - 开始加载配置文件: D:\Dev\interface_monitoring\config.yaml
2026-03-04 14:11:01 - config.config_manager - INFO - 配置加载并验证成功
2026-03-04 14:11:01 - config.config_manager - INFO - 配置热更新完成
2026-03-04 14:11:01 - config.config_manager - INFO - 检测到配置文件变更: D:\Dev\interface_monitoring\config.yaml
2026-03-04 14:11:01 - config.config_manager - INFO - 开始加载配置文件: D:\Dev\interface_monitoring\config.yaml
2026-03-04 14:11:01 - config.config_manager - INFO - 配置加载并验证成功
2026-03-04 14:11:01 - config.config_manager - INFO - 配置热更新完成
2026-03-04 14:13:24 - root - INFO - 文件日志处理器添加成功
2026-03-04 14:13:24 - __main__ - INFO - ============================================================
2026-03-04 14:13:24 - __main__ - INFO - 接口监控脚本启动
2026-03-04 14:13:24 - __main__ - INFO - ============================================================
2026-03-04 14:13:24 - __main__ - INFO - 清理过期进程锁文件: 11636
2026-03-04 14:13:24 - config.config_manager - INFO - 开始加载配置文件: D:\Dev\interface_monitoring\config.yaml
2026-03-04 14:13:24 - config.config_manager - INFO - 配置加载并验证成功
2026-03-04 14:13:24 - config.config_manager - INFO - 配置热更新监控已启动: D:\Dev\interface_monitoring\config.yaml
2026-03-04 14:13:24 - __main__ - INFO - 配置加载完成
2026-03-04 14:13:24 - __main__ - WARNING - 监控间隔为 5 分钟，但PRD要求为15分钟
2026-03-04 14:13:24 - __main__ - INFO - 开始初始化核心模块...
2026-03-04 14:13:24 - __main__ - INFO - 接口扫描器初始化完成
2026-03-04 14:13:24 - auth.token_manager - INFO - TokenManager已初始化: auto_refresh=True, services=['user', 'nurse', 'admin']
2026-03-04 14:13:24 - auth.providers.base_provider - INFO - 认证提供商已初始化: service=user, token_url=http://120.79.173.8:8201/maiban-user/api/v1/user/auth/dev-login/1, refresh_url=http://120.79.173.8:8201/maiban-user/api/v1/user/auth/refresh, method=GET
2026-03-04 14:13:24 - auth.token_manager - INFO - 已注册认证提供商: service=user, provider=HTTPAuthProvider(service=user, token_url=http://120.79.173.8:8201/maiban-user/api/v1/user/auth/dev-login/1, method=GET, response_field=data)
2026-03-04 14:13:24 - __main__ - INFO - 已注册 user 服务认证提供商
2026-03-04 14:13:24 - auth.providers.base_provider - INFO - 认证提供商已初始化: service=nurse, token_url=http://120.79.173.8:8201/maiban-nurse/api/v1/nurse/auth/dev-login/1, refresh_url=http://120.79.173.8:8201/maiban-nurse/api/v1/nurse/auth/refresh, method=GET
2026-03-04 14:13:24 - auth.token_manager - INFO - 已注册认证提供商: service=nurse, provider=HTTPAuthProvider(service=nurse, token_url=http://120.79.173.8:8201/maiban-nurse/api/v1/nurse/auth/dev-login/1, method=GET, response_field=data)
2026-03-04 14:13:24 - __main__ - INFO - 已注册 nurse 服务认证提供商
2026-03-04 14:13:24 - auth.providers.base_provider - INFO - 认证提供商已初始化: service=admin, token_url=https://maibanjk.com/maiban-admin/admin/api/v1/auth/login, refresh_url=https://maibanjk.com/maiban-admin/admin/api/v1/auth/refresh, method=POST
2026-03-04 14:13:24 - auth.token_manager - INFO - 已注册认证提供商: service=admin, provider=HTTPAuthProvider(service=admin, token_url=https://maibanjk.com/maiban-admin/admin/api/v1/auth/login, method=POST, response_field=data)
2026-03-04 14:13:24 - __main__ - INFO - 已注册 admin 服务认证提供商
2026-03-04 14:13:24 - __main__ - INFO - Token管理器初始化完成
2026-03-04 14:13:24 - monitor.monitor_engine - INFO - 监控引擎初始化完成: 并发数=5, 超时时间=3s, 基础URL=None
2026-03-04 14:13:24 - __main__ - INFO - 监控引擎初始化完成
2026-03-04 14:13:24 - analyzer.result_analyzer - INFO - 结果分析器初始化完成: 批处理大小=1000, 流式处理=禁用
2026-03-04 14:13:24 - __main__ - INFO - 结果分析器初始化完成
2026-03-04 14:13:24 - notifier.wechat_notifier - INFO - 企业微信推送器初始化完成: webhook=https://qyapi.weixin.qq.com/cgi-bin/webhook/send?key=651f2841-0a79-4a43-bc50-5761253d6b52, mentioned_list=2, mentioned_mobile_list=0, max_message_length=4000
2026-03-04 14:13:24 - __main__ - INFO - 企业微信推送器初始化完成
2026-03-04 14:13:24 - __main__ - INFO - 所有核心模块初始化完成
2026-03-04 14:13:24 - __main__ - INFO - 立即执行一次监控周期...
2026-03-04 14:13:24 - __main__ - INFO - ============================================================
2026-03-04 14:13:24 - __main__ - INFO - 开始监控周期: 2026-03-04 14:13:24
2026-03-04 14:13:24 - __main__ - INFO - ============================================================
2026-03-04 14:13:24 - __main__ - INFO - Step 1: 扫描接口文档...
2026-03-04 14:13:24 - scanner.interface_scanner - INFO - 开始扫描目录: D:\Dev\interface_monitoring\Interface-pool
2026-03-04 14:13:24 - scanner.interface_scanner - INFO - 实际扫描到的文件: 663
2026-03-04 14:13:24 - scanner.interface_scanner - INFO -   1. D:\Dev\interface_monitoring\Interface-pool\user\JPush推送\发送推送_OpenAPI.json
2026-03-04 14:13:24 - scanner.interface_scanner - INFO -   2. D:\Dev\interface_monitoring\Interface-pool\user\Oss管理\同步上传文件到OSS_OpenAPI.json
2026-03-04 14:13:24 - scanner.interface_scanner - INFO -   3. D:\Dev\interface_monitoring\Interface-pool\user\Oss管理\批量同步上传文件到OSS_OpenAPI.json
2026-03-04 14:13:24 - scanner.interface_scanner - INFO -   4. D:\Dev\interface_monitoring\Interface-pool\user\价格计算\个体价格计算_OpenAPI.json
2026-03-04 14:13:24 - scanner.interface_scanner - INFO -   5. D:\Dev\interface_monitoring\Interface-pool\user\价格计算\团体价格计算_OpenAPI.json
2026-03-04 14:13:24 - scanner.interface_scanner - INFO -   ... 还有 658 个文件
2026-03-04 14:13:24 - scanner.interface_scanner - INFO - 找到 663 个接口文档文件
2026-03-04 14:13:25 - scanner.interface_scanner - INFO - 扫描完成，共发现 663 个接口
2026-03-04 14:13:25 - __main__ - INFO - 发现 663 个接口
2026-03-04 14:13:25 - __main__ - INFO - Step 2: 获取认证Token...
2026-03-04 14:13:25 - auth.token_manager - WARNING - 尝试刷新不存在的Token: service=user, 将重新获取
2026-03-04 14:13:25 - auth.providers.http_auth_provider - INFO - 开始获取Token: service=user, method=GET
2026-03-04 14:13:25 - auth.providers.http_auth_provider - INFO - Token获取成功: service=user, expires_at=2026-03-04T14:13:26.568691
2026-03-04 14:13:25 - auth.token_manager - INFO - 强制刷新Token成功: service=user
2026-03-04 14:13:25 - auth.cache - INFO - Token已缓存: service=user, expires_at=2026-03-04 14:13:26.568691, remaining=0s
2026-03-04 14:13:25 - auth.token_manager - WARNING - 尝试刷新不存在的Token: service=nurse, 将重新获取
2026-03-04 14:13:25 - auth.providers.http_auth_provider - INFO - 开始获取Token: service=nurse, method=GET
2026-03-04 14:13:25 - auth.providers.http_auth_provider - INFO - Token获取成功: service=nurse, expires_at=2026-03-04T14:13:26.622244
2026-03-04 14:13:25 - auth.token_manager - INFO - 强制刷新Token成功: service=nurse
2026-03-04 14:13:25 - auth.cache - INFO - Token已缓存: service=nurse, expires_at=2026-03-04 14:13:26.622244, remaining=0s
2026-03-04 14:13:25 - auth.token_manager - WARNING - 尝试刷新不存在的Token: service=admin, 将重新获取
2026-03-04 14:13:25 - auth.providers.http_auth_provider - INFO - 开始获取Token: service=admin, method=POST
2026-03-04 14:13:25 - auth.providers.http_auth_provider - INFO - Token获取成功: service=admin, expires_at=2026-03-04T14:13:26.781542
2026-03-04 14:13:25 - auth.token_manager - INFO - 强制刷新Token成功: service=admin
2026-03-04 14:13:25 - auth.cache - INFO - Token已缓存: service=admin, expires_at=2026-03-04 14:13:26.781542, remaining=0s
2026-03-04 14:13:25 - __main__ - INFO - Step 3: 执行接口监控...
2026-03-04 14:13:25 - monitor.monitor_engine - INFO - 开始执行监控: 663个接口，5线程并发
2026-03-04 14:13:25 - monitor.monitor_engine - INFO - 请求间隔: 500ms
2026-03-04 14:13:31 - monitor.monitor_engine - INFO - 监控执行完成: 总数=663, 成功=198, 失败=465, 成功率=29.9%, P95响应时间=0.06s, 耗时=5.35s
2026-03-04 14:13:31 - __main__ - INFO - 接口监控执行时间: 5.35秒 (663个接口)
2026-03-04 14:13:31 - __main__ - INFO - Step 4: 分析监控结果...
2026-03-04 14:13:31 - analyzer.result_analyzer - INFO - 开始分析 663 个监控结果
2026-03-04 14:13:31 - analyzer.aggregators.error_aggregator - INFO - 开始聚合 465 个异常结果
2026-03-04 14:13:31 - analyzer.aggregators.error_aggregator - INFO - 聚合完成，共 462 种异常类型
2026-03-04 14:13:31 - analyzer.aggregators.stats_aggregator - INFO - 开始统计 663 个监控结果
2026-03-04 14:13:31 - analyzer.aggregators.stats_aggregator - INFO - 统计完成: 总数=663, 成功率=29.86%
2026-03-04 14:13:31 - analyzer.alert_logic - INFO - 发现500错误，触发异常告警: Heatmap
2026-03-04 14:13:31 - analyzer.alert_logic - INFO - 开始过滤告警错误，总错误数: 462
2026-03-04 14:13:31 - analyzer.alert_logic - INFO -   -> 通过error_type匹配: HTTP_500
2026-03-04 14:13:31 - analyzer.alert_logic - INFO -   -> 通过error_type匹配: HTTP_500
2026-03-04 14:13:31 - analyzer.alert_logic - INFO - 过滤完成，告警错误数: 2
2026-03-04 14:13:31 - analyzer.alert_logic - INFO - 被过滤的告警错误列表:
2026-03-04 14:13:31 - analyzer.alert_logic - INFO -   1. Heatmap - HTTP_500 (HTTP 500)
2026-03-04 14:13:31 - analyzer.alert_logic - INFO -   2. {Batchid} - HTTP_500 (HTTP 500)
2026-03-04 14:13:31 - analyzer.alert_logic - INFO - 准备发送告警: 类型=error, 优先级=CRITICAL, 接收人=5个, 告警错误=2个
2026-03-04 14:13:31 - analyzer.result_analyzer - INFO - 分析完成: 总数=663, 成功=198, 失败=465, 异常类型=462, 需要告警=True, 告警摘要=2个500错误
2026-03-04 14:13:31 - __main__ - INFO - 分析耗时: 0.00秒
2026-03-04 14:13:31 - __main__ - INFO - Step 5: 发送监控报告...
2026-03-04 14:13:31 - __main__ - INFO - 发现严重错误，发送告警通知
2026-03-04 14:13:31 - notifier.wechat_notifier - INFO - 开始发送监控报告
2026-03-04 14:13:31 - notifier.webhook_client - INFO - 发送企业微信消息 (尝试 1/3)
2026-03-04 14:13:31 - notifier.webhook_client - INFO - 消息发送成功: N/A
2026-03-04 14:13:31 - notifier.wechat_notifier - INFO - 监控报告发送成功: message_id=, retry_count=0
2026-03-04 14:13:31 - __main__ - INFO - 监控报告发送成功
2026-03-04 14:13:31 - __main__ - INFO - ============================================================
2026-03-04 14:13:31 - __main__ - INFO - 监控周期完成: 2026-03-04 14:13:31
2026-03-04 14:13:31 - __main__ - INFO - 总耗时: 6.71秒 (监控执行: 5.35秒, 分析: 0.00秒)
2026-03-04 14:13:31 - __main__ - INFO - 接口总数: 663
2026-03-04 14:13:31 - __main__ - INFO - 成功: 198
2026-03-04 14:13:31 - __main__ - INFO - 失败: 465
2026-03-04 14:13:31 - __main__ - INFO - 成功率: 29.86%
2026-03-04 14:13:31 - __main__ - INFO - 平均响应时间: 0.04秒
2026-03-04 14:13:31 - __main__ - INFO - 状态码分布:
2026-03-04 14:13:31 - __main__ - INFO -   HTTP 200: 198次 (29.9%)
2026-03-04 14:13:31 - __main__ - INFO -   HTTP 400: 375次 (56.6%)
2026-03-04 14:13:31 - __main__ - INFO -   HTTP 401: 86次 (13.0%)
2026-03-04 14:13:31 - __main__ - INFO -   HTTP 415: 2次 (0.3%)
2026-03-04 14:13:31 - __main__ - INFO -   HTTP 500: 2次 (0.3%)
2026-03-04 14:13:31 - __main__ - INFO - ============================================================
2026-03-04 14:13:31 - __main__ - INFO - ============================================================
2026-03-04 14:13:31 - __main__ - INFO - 监控调度器启动成功，间隔 5 分钟
2026-03-04 14:13:31 - __main__ - INFO - 执行模式: 准点时间执行
2026-03-04 14:13:31 - __main__ - INFO - 下次执行时间: 2026-03-04 14:15:00
2026-03-04 14:13:31 - __main__ - INFO - 按 Ctrl+C 可优雅关闭程序
2026-03-04 14:13:31 - __main__ - INFO - ============================================================
2026-03-04 14:15:00 - __main__ - INFO - 开始执行监控周期: 2026-03-04 14:15:00
2026-03-04 14:15:00 - __main__ - INFO - ============================================================
2026-03-04 14:15:00 - __main__ - INFO - 开始监控周期: 2026-03-04 14:15:00
2026-03-04 14:15:00 - __main__ - INFO - ============================================================
2026-03-04 14:15:00 - __main__ - INFO - Step 1: 扫描接口文档...
2026-03-04 14:15:00 - scanner.interface_scanner - INFO - 开始扫描目录: D:\Dev\interface_monitoring\Interface-pool
2026-03-04 14:15:00 - scanner.interface_scanner - INFO - 实际扫描到的文件: 663
2026-03-04 14:15:00 - scanner.interface_scanner - INFO -   1. D:\Dev\interface_monitoring\Interface-pool\user\JPush推送\发送推送_OpenAPI.json
2026-03-04 14:15:00 - scanner.interface_scanner - INFO -   2. D:\Dev\interface_monitoring\Interface-pool\user\Oss管理\同步上传文件到OSS_OpenAPI.json
2026-03-04 14:15:00 - scanner.interface_scanner - INFO -   3. D:\Dev\interface_monitoring\Interface-pool\user\Oss管理\批量同步上传文件到OSS_OpenAPI.json
2026-03-04 14:15:00 - scanner.interface_scanner - INFO -   4. D:\Dev\interface_monitoring\Interface-pool\user\价格计算\个体价格计算_OpenAPI.json
2026-03-04 14:15:00 - scanner.interface_scanner - INFO -   5. D:\Dev\interface_monitoring\Interface-pool\user\价格计算\团体价格计算_OpenAPI.json
2026-03-04 14:15:00 - scanner.interface_scanner - INFO -   ... 还有 658 个文件
2026-03-04 14:15:00 - scanner.interface_scanner - INFO - 找到 663 个接口文档文件
2026-03-04 14:15:00 - scanner.interface_scanner - INFO - 扫描完成，共发现 663 个接口
2026-03-04 14:15:00 - __main__ - INFO - 发现 663 个接口
2026-03-04 14:15:00 - __main__ - INFO - Step 2: 获取认证Token...
2026-03-04 14:15:00 - auth.token_manager - WARNING - 尝试刷新不存在的Token: service=user, 将重新获取
2026-03-04 14:15:00 - auth.providers.http_auth_provider - INFO - 开始获取Token: service=user, method=GET
2026-03-04 14:15:00 - auth.providers.http_auth_provider - INFO - Token获取成功: service=user, expires_at=2026-03-04T14:15:01.769821
2026-03-04 14:15:00 - auth.token_manager - INFO - 强制刷新Token成功: service=user
2026-03-04 14:15:00 - auth.cache - INFO - Token已缓存: service=user, expires_at=2026-03-04 14:15:01.769821, remaining=1s
2026-03-04 14:15:00 - auth.token_manager - WARNING - 尝试刷新不存在的Token: service=nurse, 将重新获取
2026-03-04 14:15:00 - auth.providers.http_auth_provider - INFO - 开始获取Token: service=nurse, method=GET
2026-03-04 14:15:00 - auth.providers.http_auth_provider - INFO - Token获取成功: service=nurse, expires_at=2026-03-04T14:15:01.803818
2026-03-04 14:15:00 - auth.token_manager - INFO - 强制刷新Token成功: service=nurse
2026-03-04 14:15:00 - auth.cache - INFO - Token已缓存: service=nurse, expires_at=2026-03-04 14:15:01.803818, remaining=1s
2026-03-04 14:15:00 - auth.token_manager - WARNING - 尝试刷新不存在的Token: service=admin, 将重新获取
2026-03-04 14:15:00 - auth.providers.http_auth_provider - INFO - 开始获取Token: service=admin, method=POST
2026-03-04 14:15:00 - auth.providers.http_auth_provider - INFO - Token获取成功: service=admin, expires_at=2026-03-04T14:15:01.981307
2026-03-04 14:15:00 - auth.token_manager - INFO - 强制刷新Token成功: service=admin
2026-03-04 14:15:00 - auth.cache - INFO - Token已缓存: service=admin, expires_at=2026-03-04 14:15:01.981307, remaining=0s
2026-03-04 14:15:00 - __main__ - INFO - Step 3: 执行接口监控...
2026-03-04 14:15:00 - monitor.monitor_engine - INFO - 开始执行监控: 663个接口，5线程并发
2026-03-04 14:15:00 - monitor.monitor_engine - INFO - 请求间隔: 500ms
2026-03-04 14:15:05 - monitor.monitor_engine - INFO - 监控执行完成: 总数=663, 成功=198, 失败=465, 成功率=29.9%, P95响应时间=0.05s, 耗时=4.49s
2026-03-04 14:15:05 - __main__ - INFO - 接口监控执行时间: 4.49秒 (663个接口)
2026-03-04 14:15:05 - __main__ - INFO - Step 4: 分析监控结果...
2026-03-04 14:15:05 - analyzer.result_analyzer - INFO - 开始分析 663 个监控结果
2026-03-04 14:15:05 - analyzer.aggregators.error_aggregator - INFO - 开始聚合 465 个异常结果
2026-03-04 14:15:05 - analyzer.aggregators.error_aggregator - INFO - 聚合完成，共 462 种异常类型
2026-03-04 14:15:05 - analyzer.aggregators.stats_aggregator - INFO - 开始统计 663 个监控结果
2026-03-04 14:15:05 - analyzer.aggregators.stats_aggregator - INFO - 统计完成: 总数=663, 成功率=29.86%
2026-03-04 14:15:05 - analyzer.alert_logic - INFO - 发现500错误，触发异常告警: Heatmap
2026-03-04 14:15:05 - analyzer.alert_logic - INFO - 开始过滤告警错误，总错误数: 462
2026-03-04 14:15:05 - analyzer.alert_logic - INFO -   -> 通过error_type匹配: HTTP_500
2026-03-04 14:15:05 - analyzer.alert_logic - INFO -   -> 通过error_type匹配: HTTP_500
2026-03-04 14:15:05 - analyzer.alert_logic - INFO - 过滤完成，告警错误数: 2
2026-03-04 14:15:05 - analyzer.alert_logic - INFO - 被过滤的告警错误列表:
2026-03-04 14:15:05 - analyzer.alert_logic - INFO -   1. Heatmap - HTTP_500 (HTTP 500)
2026-03-04 14:15:05 - analyzer.alert_logic - INFO -   2. {Batchid} - HTTP_500 (HTTP 500)
2026-03-04 14:15:05 - analyzer.alert_logic - INFO - 准备发送告警: 类型=error, 优先级=CRITICAL, 接收人=5个, 告警错误=2个
2026-03-04 14:15:05 - analyzer.result_analyzer - INFO - 分析完成: 总数=663, 成功=198, 失败=465, 异常类型=462, 需要告警=True, 告警摘要=2个500错误
2026-03-04 14:15:05 - __main__ - INFO - 分析耗时: 0.00秒
2026-03-04 14:15:05 - __main__ - INFO - Step 5: 发送监控报告...
2026-03-04 14:15:05 - __main__ - INFO - 发现严重错误，发送告警通知
2026-03-04 14:15:05 - notifier.wechat_notifier - INFO - 开始发送监控报告
2026-03-04 14:15:05 - notifier.webhook_client - INFO - 发送企业微信消息 (尝试 1/3)
2026-03-04 14:15:05 - notifier.webhook_client - INFO - 消息发送成功: N/A
2026-03-04 14:15:05 - notifier.wechat_notifier - INFO - 监控报告发送成功: message_id=, retry_count=0
2026-03-04 14:15:05 - __main__ - INFO - 监控报告发送成功
2026-03-04 14:15:05 - __main__ - INFO - ============================================================
2026-03-04 14:15:05 - __main__ - INFO - 监控周期完成: 2026-03-04 14:15:05
2026-03-04 14:15:05 - __main__ - INFO - 总耗时: 5.19秒 (监控执行: 4.49秒, 分析: 0.00秒)
2026-03-04 14:15:05 - __main__ - INFO - 接口总数: 663
2026-03-04 14:15:05 - __main__ - INFO - 成功: 198
2026-03-04 14:15:05 - __main__ - INFO - 失败: 465
2026-03-04 14:15:05 - __main__ - INFO - 成功率: 29.86%
2026-03-04 14:15:05 - __main__ - INFO - 平均响应时间: 0.03秒
2026-03-04 14:15:05 - __main__ - INFO - 状态码分布:
2026-03-04 14:15:05 - __main__ - INFO -   HTTP 200: 198次 (29.9%)
2026-03-04 14:15:05 - __main__ - INFO -   HTTP 400: 374次 (56.4%)
2026-03-04 14:15:05 - __main__ - INFO -   HTTP 401: 87次 (13.1%)
2026-03-04 14:15:05 - __main__ - INFO -   HTTP 415: 2次 (0.3%)
2026-03-04 14:15:05 - __main__ - INFO -   HTTP 500: 2次 (0.3%)
2026-03-04 14:15:05 - __main__ - INFO - ============================================================
2026-03-04 14:15:05 - __main__ - INFO - 下次执行时间: 2026-03-04 14:20:00
2026-03-04 14:20:00 - __main__ - INFO - 开始执行监控周期: 2026-03-04 14:20:00
2026-03-04 14:20:00 - __main__ - INFO - ============================================================
2026-03-04 14:20:00 - __main__ - INFO - 开始监控周期: 2026-03-04 14:20:00
2026-03-04 14:20:00 - __main__ - INFO - ============================================================
2026-03-04 14:20:00 - __main__ - INFO - Step 1: 扫描接口文档...
2026-03-04 14:20:00 - scanner.interface_scanner - INFO - 开始扫描目录: D:\Dev\interface_monitoring\Interface-pool
2026-03-04 14:20:00 - scanner.interface_scanner - INFO - 实际扫描到的文件: 663
2026-03-04 14:20:00 - scanner.interface_scanner - INFO -   1. D:\Dev\interface_monitoring\Interface-pool\user\JPush推送\发送推送_OpenAPI.json
2026-03-04 14:20:00 - scanner.interface_scanner - INFO -   2. D:\Dev\interface_monitoring\Interface-pool\user\Oss管理\同步上传文件到OSS_OpenAPI.json
2026-03-04 14:20:00 - scanner.interface_scanner - INFO -   3. D:\Dev\interface_monitoring\Interface-pool\user\Oss管理\批量同步上传文件到OSS_OpenAPI.json
2026-03-04 14:20:00 - scanner.interface_scanner - INFO -   4. D:\Dev\interface_monitoring\Interface-pool\user\价格计算\个体价格计算_OpenAPI.json
2026-03-04 14:20:00 - scanner.interface_scanner - INFO -   5. D:\Dev\interface_monitoring\Interface-pool\user\价格计算\团体价格计算_OpenAPI.json
2026-03-04 14:20:00 - scanner.interface_scanner - INFO -   ... 还有 658 个文件
2026-03-04 14:20:00 - scanner.interface_scanner - INFO - 找到 663 个接口文档文件
2026-03-04 14:20:01 - scanner.interface_scanner - INFO - 扫描完成，共发现 663 个接口
2026-03-04 14:20:01 - __main__ - INFO - 发现 663 个接口
2026-03-04 14:20:01 - __main__ - INFO - Step 2: 获取认证Token...
2026-03-04 14:20:01 - auth.token_manager - WARNING - 尝试刷新不存在的Token: service=user, 将重新获取
2026-03-04 14:20:01 - auth.providers.http_auth_provider - INFO - 开始获取Token: service=user, method=GET
2026-03-04 14:20:01 - auth.providers.http_auth_provider - INFO - Token获取成功: service=user, expires_at=2026-03-04T14:20:02.044565
2026-03-04 14:20:01 - auth.token_manager - INFO - 强制刷新Token成功: service=user
2026-03-04 14:20:01 - auth.cache - INFO - Token已缓存: service=user, expires_at=2026-03-04 14:20:02.044565, remaining=0s
2026-03-04 14:20:01 - auth.token_manager - WARNING - 尝试刷新不存在的Token: service=nurse, 将重新获取
2026-03-04 14:20:01 - auth.providers.http_auth_provider - INFO - 开始获取Token: service=nurse, method=GET
2026-03-04 14:20:01 - auth.providers.http_auth_provider - INFO - Token获取成功: service=nurse, expires_at=2026-03-04T14:20:02.100701
2026-03-04 14:20:01 - auth.token_manager - INFO - 强制刷新Token成功: service=nurse
2026-03-04 14:20:01 - auth.cache - INFO - Token已缓存: service=nurse, expires_at=2026-03-04 14:20:02.100701, remaining=0s
2026-03-04 14:20:01 - auth.token_manager - WARNING - 尝试刷新不存在的Token: service=admin, 将重新获取
2026-03-04 14:20:01 - auth.providers.http_auth_provider - INFO - 开始获取Token: service=admin, method=POST
2026-03-04 14:20:01 - auth.providers.http_auth_provider - INFO - Token获取成功: service=admin, expires_at=2026-03-04T14:20:02.242153
2026-03-04 14:20:01 - auth.token_manager - INFO - 强制刷新Token成功: service=admin
2026-03-04 14:20:01 - auth.cache - INFO - Token已缓存: service=admin, expires_at=2026-03-04 14:20:02.242153, remaining=0s
2026-03-04 14:20:01 - __main__ - INFO - Step 3: 执行接口监控...
2026-03-04 14:20:01 - monitor.monitor_engine - INFO - 开始执行监控: 663个接口，5线程并发
2026-03-04 14:20:01 - monitor.monitor_engine - INFO - 请求间隔: 500ms
2026-03-04 14:20:06 - monitor.monitor_engine - INFO - 监控执行完成: 总数=663, 成功=199, 失败=464, 成功率=30.0%, P95响应时间=0.06s, 耗时=5.34s
2026-03-04 14:20:06 - __main__ - INFO - 接口监控执行时间: 5.34秒 (663个接口)
2026-03-04 14:20:06 - __main__ - INFO - Step 4: 分析监控结果...
2026-03-04 14:20:06 - analyzer.result_analyzer - INFO - 开始分析 663 个监控结果
2026-03-04 14:20:06 - analyzer.aggregators.error_aggregator - INFO - 开始聚合 464 个异常结果
2026-03-04 14:20:06 - analyzer.aggregators.error_aggregator - INFO - 聚合完成，共 461 种异常类型
2026-03-04 14:20:06 - analyzer.aggregators.stats_aggregator - INFO - 开始统计 663 个监控结果
2026-03-04 14:20:06 - analyzer.aggregators.stats_aggregator - INFO - 统计完成: 总数=663, 成功率=30.02%
2026-03-04 14:20:06 - analyzer.alert_logic - INFO - 发现500错误，触发异常告警: Heatmap
2026-03-04 14:20:06 - analyzer.alert_logic - INFO - 开始过滤告警错误，总错误数: 461
2026-03-04 14:20:06 - analyzer.alert_logic - INFO -   -> 通过error_type匹配: HTTP_500
2026-03-04 14:20:06 - analyzer.alert_logic - INFO -   -> 通过error_type匹配: HTTP_500
2026-03-04 14:20:06 - analyzer.alert_logic - INFO - 过滤完成，告警错误数: 2
2026-03-04 14:20:06 - analyzer.alert_logic - INFO - 被过滤的告警错误列表:
2026-03-04 14:20:06 - analyzer.alert_logic - INFO -   1. Heatmap - HTTP_500 (HTTP 500)
2026-03-04 14:20:06 - analyzer.alert_logic - INFO -   2. {Batchid} - HTTP_500 (HTTP 500)
2026-03-04 14:20:06 - analyzer.alert_logic - INFO - 准备发送告警: 类型=error, 优先级=CRITICAL, 接收人=5个, 告警错误=2个
2026-03-04 14:20:06 - analyzer.result_analyzer - INFO - 分析完成: 总数=663, 成功=199, 失败=464, 异常类型=461, 需要告警=True, 告警摘要=2个500错误
2026-03-04 14:20:06 - __main__ - INFO - 分析耗时: 0.00秒
2026-03-04 14:20:06 - __main__ - INFO - Step 5: 发送监控报告...
2026-03-04 14:20:06 - __main__ - INFO - 发现严重错误，发送告警通知
2026-03-04 14:20:06 - notifier.wechat_notifier - INFO - 开始发送监控报告
2026-03-04 14:20:06 - notifier.webhook_client - INFO - 发送企业微信消息 (尝试 1/3)
2026-03-04 14:20:06 - notifier.webhook_client - INFO - 消息发送成功: N/A
2026-03-04 14:20:06 - notifier.wechat_notifier - INFO - 监控报告发送成功: message_id=, retry_count=0
2026-03-04 14:20:06 - __main__ - INFO - 监控报告发送成功
2026-03-04 14:20:06 - __main__ - INFO - ============================================================
2026-03-04 14:20:06 - __main__ - INFO - 监控周期完成: 2026-03-04 14:20:06
2026-03-04 14:20:06 - __main__ - INFO - 总耗时: 6.01秒 (监控执行: 5.34秒, 分析: 0.00秒)
2026-03-04 14:20:06 - __main__ - INFO - 接口总数: 663
2026-03-04 14:20:06 - __main__ - INFO - 成功: 199
2026-03-04 14:20:06 - __main__ - INFO - 失败: 464
2026-03-04 14:20:06 - __main__ - INFO - 成功率: 30.02%
2026-03-04 14:20:06 - __main__ - INFO - 平均响应时间: 0.04秒
2026-03-04 14:20:06 - __main__ - INFO - 状态码分布:
2026-03-04 14:20:06 - __main__ - INFO -   HTTP 200: 199次 (30.0%)
2026-03-04 14:20:06 - __main__ - INFO -   HTTP 400: 375次 (56.6%)
2026-03-04 14:20:06 - __main__ - INFO -   HTTP 401: 85次 (12.8%)
2026-03-04 14:20:06 - __main__ - INFO -   HTTP 415: 2次 (0.3%)
2026-03-04 14:20:06 - __main__ - INFO -   HTTP 500: 2次 (0.3%)
2026-03-04 14:20:06 - __main__ - INFO - ============================================================
2026-03-04 14:20:06 - __main__ - INFO - 下次执行时间: 2026-03-04 14:25:00
2026-03-04 14:25:00 - __main__ - INFO - 开始执行监控周期: 2026-03-04 14:25:00
2026-03-04 14:25:00 - __main__ - INFO - ============================================================
2026-03-04 14:25:00 - __main__ - INFO - 开始监控周期: 2026-03-04 14:25:00
2026-03-04 14:25:00 - __main__ - INFO - ============================================================
2026-03-04 14:25:00 - __main__ - INFO - Step 1: 扫描接口文档...
2026-03-04 14:25:00 - scanner.interface_scanner - INFO - 开始扫描目录: D:\Dev\interface_monitoring\Interface-pool
2026-03-04 14:25:00 - scanner.interface_scanner - INFO - 实际扫描到的文件: 663
2026-03-04 14:25:00 - scanner.interface_scanner - INFO -   1. D:\Dev\interface_monitoring\Interface-pool\user\JPush推送\发送推送_OpenAPI.json
2026-03-04 14:25:00 - scanner.interface_scanner - INFO -   2. D:\Dev\interface_monitoring\Interface-pool\user\Oss管理\同步上传文件到OSS_OpenAPI.json
2026-03-04 14:25:00 - scanner.interface_scanner - INFO -   3. D:\Dev\interface_monitoring\Interface-pool\user\Oss管理\批量同步上传文件到OSS_OpenAPI.json
2026-03-04 14:25:00 - scanner.interface_scanner - INFO -   4. D:\Dev\interface_monitoring\Interface-pool\user\价格计算\个体价格计算_OpenAPI.json
2026-03-04 14:25:00 - scanner.interface_scanner - INFO -   5. D:\Dev\interface_monitoring\Interface-pool\user\价格计算\团体价格计算_OpenAPI.json
2026-03-04 14:25:00 - scanner.interface_scanner - INFO -   ... 还有 658 个文件
2026-03-04 14:25:00 - scanner.interface_scanner - INFO - 找到 663 个接口文档文件
2026-03-04 14:25:00 - scanner.interface_scanner - INFO - 扫描完成，共发现 663 个接口
2026-03-04 14:25:00 - __main__ - INFO - 发现 663 个接口
2026-03-04 14:25:00 - __main__ - INFO - Step 2: 获取认证Token...
2026-03-04 14:25:00 - auth.token_manager - WARNING - 尝试刷新不存在的Token: service=user, 将重新获取
2026-03-04 14:25:00 - auth.providers.http_auth_provider - INFO - 开始获取Token: service=user, method=GET
2026-03-04 14:25:00 - auth.providers.http_auth_provider - INFO - Token获取成功: service=user, expires_at=2026-03-04T14:25:01.453196
2026-03-04 14:25:00 - auth.token_manager - INFO - 强制刷新Token成功: service=user
2026-03-04 14:25:00 - auth.cache - INFO - Token已缓存: service=user, expires_at=2026-03-04 14:25:01.453196, remaining=1s
2026-03-04 14:25:00 - auth.token_manager - WARNING - 尝试刷新不存在的Token: service=nurse, 将重新获取
2026-03-04 14:25:00 - auth.providers.http_auth_provider - INFO - 开始获取Token: service=nurse, method=GET
2026-03-04 14:25:00 - auth.providers.http_auth_provider - INFO - Token获取成功: service=nurse, expires_at=2026-03-04T14:25:01.504459
2026-03-04 14:25:00 - auth.token_manager - INFO - 强制刷新Token成功: service=nurse
2026-03-04 14:25:00 - auth.cache - INFO - Token已缓存: service=nurse, expires_at=2026-03-04 14:25:01.504459, remaining=0s
2026-03-04 14:25:00 - auth.token_manager - WARNING - 尝试刷新不存在的Token: service=admin, 将重新获取
2026-03-04 14:25:00 - auth.providers.http_auth_provider - INFO - 开始获取Token: service=admin, method=POST
2026-03-04 14:25:00 - auth.providers.http_auth_provider - INFO - Token获取成功: service=admin, expires_at=2026-03-04T14:25:01.663739
2026-03-04 14:25:00 - auth.token_manager - INFO - 强制刷新Token成功: service=admin
2026-03-04 14:25:00 - auth.cache - INFO - Token已缓存: service=admin, expires_at=2026-03-04 14:25:01.663739, remaining=0s
2026-03-04 14:25:00 - __main__ - INFO - Step 3: 执行接口监控...
2026-03-04 14:25:00 - monitor.monitor_engine - INFO - 开始执行监控: 663个接口，5线程并发
2026-03-04 14:25:00 - monitor.monitor_engine - INFO - 请求间隔: 500ms
2026-03-04 14:25:06 - monitor.monitor_engine - INFO - 监控执行完成: 总数=663, 成功=200, 失败=463, 成功率=30.2%, P95响应时间=0.05s, 耗时=5.34s
2026-03-04 14:25:06 - __main__ - INFO - 接口监控执行时间: 5.34秒 (663个接口)
2026-03-04 14:25:06 - __main__ - INFO - Step 4: 分析监控结果...
2026-03-04 14:25:06 - analyzer.result_analyzer - INFO - 开始分析 663 个监控结果
2026-03-04 14:25:06 - analyzer.aggregators.error_aggregator - INFO - 开始聚合 463 个异常结果
2026-03-04 14:25:06 - analyzer.aggregators.error_aggregator - INFO - 聚合完成，共 460 种异常类型
2026-03-04 14:25:06 - analyzer.aggregators.stats_aggregator - INFO - 开始统计 663 个监控结果
2026-03-04 14:25:06 - analyzer.aggregators.stats_aggregator - INFO - 统计完成: 总数=663, 成功率=30.17%
2026-03-04 14:25:06 - analyzer.alert_logic - INFO - 发现500错误，触发异常告警: Heatmap
2026-03-04 14:25:06 - analyzer.alert_logic - INFO - 开始过滤告警错误，总错误数: 460
2026-03-04 14:25:06 - analyzer.alert_logic - INFO -   -> 通过error_type匹配: HTTP_500
2026-03-04 14:25:06 - analyzer.alert_logic - INFO -   -> 通过error_type匹配: HTTP_500
2026-03-04 14:25:06 - analyzer.alert_logic - INFO - 过滤完成，告警错误数: 2
2026-03-04 14:25:06 - analyzer.alert_logic - INFO - 被过滤的告警错误列表:
2026-03-04 14:25:06 - analyzer.alert_logic - INFO -   1. Heatmap - HTTP_500 (HTTP 500)
2026-03-04 14:25:06 - analyzer.alert_logic - INFO -   2. {Batchid} - HTTP_500 (HTTP 500)
2026-03-04 14:25:06 - analyzer.alert_logic - INFO - 准备发送告警: 类型=error, 优先级=CRITICAL, 接收人=5个, 告警错误=2个
2026-03-04 14:25:06 - analyzer.result_analyzer - INFO - 分析完成: 总数=663, 成功=200, 失败=463, 异常类型=460, 需要告警=True, 告警摘要=2个500错误
2026-03-04 14:25:06 - __main__ - INFO - 分析耗时: 0.00秒
2026-03-04 14:25:06 - __main__ - INFO - Step 5: 发送监控报告...
2026-03-04 14:25:06 - __main__ - INFO - 发现严重错误，发送告警通知
2026-03-04 14:25:06 - notifier.wechat_notifier - INFO - 开始发送监控报告
2026-03-04 14:25:06 - notifier.webhook_client - INFO - 发送企业微信消息 (尝试 1/3)
2026-03-04 14:25:06 - notifier.webhook_client - INFO - 消息发送成功: N/A
2026-03-04 14:25:06 - notifier.wechat_notifier - INFO - 监控报告发送成功: message_id=, retry_count=0
2026-03-04 14:25:06 - __main__ - INFO - 监控报告发送成功
2026-03-04 14:25:06 - __main__ - INFO - ============================================================
2026-03-04 14:25:06 - __main__ - INFO - 监控周期完成: 2026-03-04 14:25:06
2026-03-04 14:25:06 - __main__ - INFO - 总耗时: 6.31秒 (监控执行: 5.34秒, 分析: 0.00秒)
2026-03-04 14:25:06 - __main__ - INFO - 接口总数: 663
2026-03-04 14:25:06 - __main__ - INFO - 成功: 200
2026-03-04 14:25:06 - __main__ - INFO - 失败: 463
2026-03-04 14:25:06 - __main__ - INFO - 成功率: 30.17%
2026-03-04 14:25:06 - __main__ - INFO - 平均响应时间: 0.04秒
2026-03-04 14:25:06 - __main__ - INFO - 状态码分布:
2026-03-04 14:25:06 - __main__ - INFO -   HTTP 200: 200次 (30.2%)
2026-03-04 14:25:06 - __main__ - INFO -   HTTP 400: 377次 (56.9%)
2026-03-04 14:25:06 - __main__ - INFO -   HTTP 401: 82次 (12.4%)
2026-03-04 14:25:06 - __main__ - INFO -   HTTP 415: 2次 (0.3%)
2026-03-04 14:25:06 - __main__ - INFO -   HTTP 500: 2次 (0.3%)
2026-03-04 14:25:06 - __main__ - INFO - ============================================================
2026-03-04 14:25:06 - __main__ - INFO - 下次执行时间: 2026-03-04 14:30:00
2026-03-04 14:30:00 - __main__ - INFO - 开始执行监控周期: 2026-03-04 14:30:00
2026-03-04 14:30:00 - __main__ - INFO - ============================================================
2026-03-04 14:30:00 - __main__ - INFO - 开始监控周期: 2026-03-04 14:30:00
2026-03-04 14:30:00 - __main__ - INFO - ============================================================
2026-03-04 14:30:00 - __main__ - INFO - Step 1: 扫描接口文档...
2026-03-04 14:30:00 - scanner.interface_scanner - INFO - 开始扫描目录: D:\Dev\interface_monitoring\Interface-pool
2026-03-04 14:30:00 - scanner.interface_scanner - INFO - 实际扫描到的文件: 663
2026-03-04 14:30:00 - scanner.interface_scanner - INFO -   1. D:\Dev\interface_monitoring\Interface-pool\user\JPush推送\发送推送_OpenAPI.json
2026-03-04 14:30:00 - scanner.interface_scanner - INFO -   2. D:\Dev\interface_monitoring\Interface-pool\user\Oss管理\同步上传文件到OSS_OpenAPI.json
2026-03-04 14:30:00 - scanner.interface_scanner - INFO -   3. D:\Dev\interface_monitoring\Interface-pool\user\Oss管理\批量同步上传文件到OSS_OpenAPI.json
2026-03-04 14:30:00 - scanner.interface_scanner - INFO -   4. D:\Dev\interface_monitoring\Interface-pool\user\价格计算\个体价格计算_OpenAPI.json
2026-03-04 14:30:00 - scanner.interface_scanner - INFO -   5. D:\Dev\interface_monitoring\Interface-pool\user\价格计算\团体价格计算_OpenAPI.json
2026-03-04 14:30:00 - scanner.interface_scanner - INFO -   ... 还有 658 个文件
2026-03-04 14:30:00 - scanner.interface_scanner - INFO - 找到 663 个接口文档文件
2026-03-04 14:30:00 - scanner.interface_scanner - INFO - 扫描完成，共发现 663 个接口
2026-03-04 14:30:00 - __main__ - INFO - 发现 663 个接口
2026-03-04 14:30:00 - __main__ - INFO - Step 2: 获取认证Token...
2026-03-04 14:30:00 - auth.token_manager - WARNING - 尝试刷新不存在的Token: service=user, 将重新获取
2026-03-04 14:30:00 - auth.providers.http_auth_provider - INFO - 开始获取Token: service=user, method=GET
2026-03-04 14:30:00 - auth.providers.http_auth_provider - INFO - Token获取成功: service=user, expires_at=2026-03-04T14:30:01.865513
2026-03-04 14:30:00 - auth.token_manager - INFO - 强制刷新Token成功: service=user
2026-03-04 14:30:00 - auth.cache - INFO - Token已缓存: service=user, expires_at=2026-03-04 14:30:01.865513, remaining=0s
2026-03-04 14:30:00 - auth.token_manager - WARNING - 尝试刷新不存在的Token: service=nurse, 将重新获取
2026-03-04 14:30:00 - auth.providers.http_auth_provider - INFO - 开始获取Token: service=nurse, method=GET
2026-03-04 14:30:00 - auth.providers.http_auth_provider - INFO - Token获取成功: service=nurse, expires_at=2026-03-04T14:30:01.913930
2026-03-04 14:30:00 - auth.token_manager - INFO - 强制刷新Token成功: service=nurse
2026-03-04 14:30:00 - auth.cache - INFO - Token已缓存: service=nurse, expires_at=2026-03-04 14:30:01.913930, remaining=0s
2026-03-04 14:30:00 - auth.token_manager - WARNING - 尝试刷新不存在的Token: service=admin, 将重新获取
2026-03-04 14:30:00 - auth.providers.http_auth_provider - INFO - 开始获取Token: service=admin, method=POST
2026-03-04 14:30:01 - auth.providers.http_auth_provider - INFO - Token获取成功: service=admin, expires_at=2026-03-04T14:30:02.094823
2026-03-04 14:30:01 - auth.token_manager - INFO - 强制刷新Token成功: service=admin
2026-03-04 14:30:01 - auth.cache - INFO - Token已缓存: service=admin, expires_at=2026-03-04 14:30:02.094823, remaining=0s
2026-03-04 14:30:01 - __main__ - INFO - Step 3: 执行接口监控...
2026-03-04 14:30:01 - monitor.monitor_engine - INFO - 开始执行监控: 663个接口，5线程并发
2026-03-04 14:30:01 - monitor.monitor_engine - INFO - 请求间隔: 500ms
2026-03-04 14:30:06 - monitor.monitor_engine - INFO - 监控执行完成: 总数=663, 成功=198, 失败=465, 成功率=29.9%, P95响应时间=0.06s, 耗时=5.30s
2026-03-04 14:30:06 - __main__ - INFO - 接口监控执行时间: 5.30秒 (663个接口)
2026-03-04 14:30:06 - __main__ - INFO - Step 4: 分析监控结果...
2026-03-04 14:30:06 - analyzer.result_analyzer - INFO - 开始分析 663 个监控结果
2026-03-04 14:30:06 - analyzer.aggregators.error_aggregator - INFO - 开始聚合 465 个异常结果
2026-03-04 14:30:06 - analyzer.aggregators.error_aggregator - INFO - 聚合完成，共 462 种异常类型
2026-03-04 14:30:06 - analyzer.aggregators.stats_aggregator - INFO - 开始统计 663 个监控结果
2026-03-04 14:30:06 - analyzer.aggregators.stats_aggregator - INFO - 统计完成: 总数=663, 成功率=29.86%
2026-03-04 14:30:06 - analyzer.alert_logic - INFO - 发现500错误，触发异常告警: Heatmap
2026-03-04 14:30:06 - analyzer.alert_logic - INFO - 开始过滤告警错误，总错误数: 462
2026-03-04 14:30:06 - analyzer.alert_logic - INFO -   -> 通过error_type匹配: HTTP_500
2026-03-04 14:30:06 - analyzer.alert_logic - INFO -   -> 通过error_type匹配: HTTP_500
2026-03-04 14:30:06 - analyzer.alert_logic - INFO - 过滤完成，告警错误数: 2
2026-03-04 14:30:06 - analyzer.alert_logic - INFO - 被过滤的告警错误列表:
2026-03-04 14:30:06 - analyzer.alert_logic - INFO -   1. Heatmap - HTTP_500 (HTTP 500)
2026-03-04 14:30:06 - analyzer.alert_logic - INFO -   2. {Batchid} - HTTP_500 (HTTP 500)
2026-03-04 14:30:06 - analyzer.alert_logic - INFO - 准备发送告警: 类型=error, 优先级=CRITICAL, 接收人=5个, 告警错误=2个
2026-03-04 14:30:06 - analyzer.result_analyzer - INFO - 分析完成: 总数=663, 成功=198, 失败=465, 异常类型=462, 需要告警=True, 告警摘要=2个500错误
2026-03-04 14:30:06 - __main__ - INFO - 分析耗时: 0.00秒
2026-03-04 14:30:06 - __main__ - INFO - Step 5: 发送监控报告...
2026-03-04 14:30:06 - __main__ - INFO - 发现严重错误，发送告警通知
2026-03-04 14:30:06 - notifier.wechat_notifier - INFO - 开始发送监控报告
2026-03-04 14:30:06 - notifier.webhook_client - INFO - 发送企业微信消息 (尝试 1/3)
2026-03-04 14:30:06 - notifier.webhook_client - INFO - 消息发送成功: N/A
2026-03-04 14:30:06 - notifier.wechat_notifier - INFO - 监控报告发送成功: message_id=, retry_count=0
2026-03-04 14:30:06 - __main__ - INFO - 监控报告发送成功
2026-03-04 14:30:06 - __main__ - INFO - ============================================================
2026-03-04 14:30:06 - __main__ - INFO - 监控周期完成: 2026-03-04 14:30:06
2026-03-04 14:30:06 - __main__ - INFO - 总耗时: 6.23秒 (监控执行: 5.30秒, 分析: 0.00秒)
2026-03-04 14:30:06 - __main__ - INFO - 接口总数: 663
2026-03-04 14:30:06 - __main__ - INFO - 成功: 198
2026-03-04 14:30:06 - __main__ - INFO - 失败: 465
2026-03-04 14:30:06 - __main__ - INFO - 成功率: 29.86%
2026-03-04 14:30:06 - __main__ - INFO - 平均响应时间: 0.04秒
2026-03-04 14:30:06 - __main__ - INFO - 状态码分布:
2026-03-04 14:30:06 - __main__ - INFO -   HTTP 200: 198次 (29.9%)
2026-03-04 14:30:06 - __main__ - INFO -   HTTP 400: 373次 (56.3%)
2026-03-04 14:30:06 - __main__ - INFO -   HTTP 401: 88次 (13.3%)
2026-03-04 14:30:06 - __main__ - INFO -   HTTP 415: 2次 (0.3%)
2026-03-04 14:30:06 - __main__ - INFO -   HTTP 500: 2次 (0.3%)
2026-03-04 14:30:06 - __main__ - INFO - ============================================================
2026-03-04 14:30:06 - __main__ - INFO - 下次执行时间: 2026-03-04 14:35:00
2026-03-04 14:35:00 - __main__ - INFO - 开始执行监控周期: 2026-03-04 14:35:00
2026-03-04 14:35:00 - __main__ - INFO - ============================================================
2026-03-04 14:35:00 - __main__ - INFO - 开始监控周期: 2026-03-04 14:35:00
2026-03-04 14:35:00 - __main__ - INFO - ============================================================
2026-03-04 14:35:00 - __main__ - INFO - Step 1: 扫描接口文档...
2026-03-04 14:35:00 - scanner.interface_scanner - INFO - 开始扫描目录: D:\Dev\interface_monitoring\Interface-pool
2026-03-04 14:35:00 - scanner.interface_scanner - INFO - 实际扫描到的文件: 663
2026-03-04 14:35:00 - scanner.interface_scanner - INFO -   1. D:\Dev\interface_monitoring\Interface-pool\user\JPush推送\发送推送_OpenAPI.json
2026-03-04 14:35:00 - scanner.interface_scanner - INFO -   2. D:\Dev\interface_monitoring\Interface-pool\user\Oss管理\同步上传文件到OSS_OpenAPI.json
2026-03-04 14:35:00 - scanner.interface_scanner - INFO -   3. D:\Dev\interface_monitoring\Interface-pool\user\Oss管理\批量同步上传文件到OSS_OpenAPI.json
2026-03-04 14:35:00 - scanner.interface_scanner - INFO -   4. D:\Dev\interface_monitoring\Interface-pool\user\价格计算\个体价格计算_OpenAPI.json
2026-03-04 14:35:00 - scanner.interface_scanner - INFO -   5. D:\Dev\interface_monitoring\Interface-pool\user\价格计算\团体价格计算_OpenAPI.json
2026-03-04 14:35:00 - scanner.interface_scanner - INFO -   ... 还有 658 个文件
2026-03-04 14:35:00 - scanner.interface_scanner - INFO - 找到 663 个接口文档文件
2026-03-04 14:35:01 - scanner.interface_scanner - INFO - 扫描完成，共发现 663 个接口
2026-03-04 14:35:01 - __main__ - INFO - 发现 663 个接口
2026-03-04 14:35:01 - __main__ - INFO - Step 2: 获取认证Token...
2026-03-04 14:35:01 - auth.token_manager - WARNING - 尝试刷新不存在的Token: service=user, 将重新获取
2026-03-04 14:35:01 - auth.providers.http_auth_provider - INFO - 开始获取Token: service=user, method=GET
2026-03-04 14:35:01 - auth.providers.http_auth_provider - INFO - Token获取成功: service=user, expires_at=2026-03-04T14:35:02.799090
2026-03-04 14:35:01 - auth.token_manager - INFO - 强制刷新Token成功: service=user
2026-03-04 14:35:01 - auth.cache - INFO - Token已缓存: service=user, expires_at=2026-03-04 14:35:02.799090, remaining=0s
2026-03-04 14:35:01 - auth.token_manager - WARNING - 尝试刷新不存在的Token: service=nurse, 将重新获取
2026-03-04 14:35:01 - auth.providers.http_auth_provider - INFO - 开始获取Token: service=nurse, method=GET
2026-03-04 14:35:02 - auth.providers.http_auth_provider - INFO - Token获取成功: service=nurse, expires_at=2026-03-04T14:35:03.178964
2026-03-04 14:35:02 - auth.token_manager - INFO - 强制刷新Token成功: service=nurse
2026-03-04 14:35:02 - auth.cache - INFO - Token已缓存: service=nurse, expires_at=2026-03-04 14:35:03.178964, remaining=0s
2026-03-04 14:35:02 - auth.token_manager - WARNING - 尝试刷新不存在的Token: service=admin, 将重新获取
2026-03-04 14:35:02 - auth.providers.http_auth_provider - INFO - 开始获取Token: service=admin, method=POST
2026-03-04 14:35:02 - auth.providers.http_auth_provider - INFO - Token获取成功: service=admin, expires_at=2026-03-04T14:35:03.334190
2026-03-04 14:35:02 - auth.token_manager - INFO - 强制刷新Token成功: service=admin
2026-03-04 14:35:02 - auth.cache - INFO - Token已缓存: service=admin, expires_at=2026-03-04 14:35:03.334190, remaining=0s
2026-03-04 14:35:02 - __main__ - INFO - Step 3: 执行接口监控...
2026-03-04 14:35:02 - monitor.monitor_engine - INFO - 开始执行监控: 663个接口，5线程并发
2026-03-04 14:35:02 - monitor.monitor_engine - INFO - 请求间隔: 500ms
2026-03-04 14:35:10 - monitor.monitor_engine - INFO - 监控执行完成: 总数=663, 成功=201, 失败=462, 成功率=30.3%, P95响应时间=0.10s, 耗时=7.71s
2026-03-04 14:35:10 - __main__ - INFO - 接口监控执行时间: 7.71秒 (663个接口)
2026-03-04 14:35:10 - __main__ - INFO - Step 4: 分析监控结果...
2026-03-04 14:35:10 - analyzer.result_analyzer - INFO - 开始分析 663 个监控结果
2026-03-04 14:35:10 - analyzer.aggregators.error_aggregator - INFO - 开始聚合 462 个异常结果
2026-03-04 14:35:10 - analyzer.aggregators.error_aggregator - INFO - 聚合完成，共 459 种异常类型
2026-03-04 14:35:10 - analyzer.aggregators.stats_aggregator - INFO - 开始统计 663 个监控结果
2026-03-04 14:35:10 - analyzer.aggregators.stats_aggregator - INFO - 统计完成: 总数=663, 成功率=30.32%
2026-03-04 14:35:10 - analyzer.alert_logic - INFO - 发现500错误，触发异常告警: Heatmap
2026-03-04 14:35:10 - analyzer.alert_logic - INFO - 开始过滤告警错误，总错误数: 459
2026-03-04 14:35:10 - analyzer.alert_logic - INFO -   -> 通过error_type匹配: HTTP_500
2026-03-04 14:35:10 - analyzer.alert_logic - INFO -   -> 通过error_type匹配: HTTP_500
2026-03-04 14:35:10 - analyzer.alert_logic - INFO -   -> 通过error_type匹配: HTTP_404
2026-03-04 14:35:10 - analyzer.alert_logic - INFO -   -> 通过error_type匹配: HTTP_404
2026-03-04 14:35:10 - analyzer.alert_logic - INFO - 过滤完成，告警错误数: 4
2026-03-04 14:35:10 - analyzer.alert_logic - INFO - 被过滤的告警错误列表:
2026-03-04 14:35:10 - analyzer.alert_logic - INFO -   1. Heatmap - HTTP_500 (HTTP 500)
2026-03-04 14:35:10 - analyzer.alert_logic - INFO -   2. {Batchid} - HTTP_500 (HTTP 500)
2026-03-04 14:35:10 - analyzer.alert_logic - INFO -   3. Upload - HTTP_404 (HTTP 404)
2026-03-04 14:35:10 - analyzer.alert_logic - INFO -   4. Upload - HTTP_404 (HTTP 404)
2026-03-04 14:35:10 - analyzer.alert_logic - INFO - 准备发送告警: 类型=error, 优先级=CRITICAL, 接收人=5个, 告警错误=4个
2026-03-04 14:35:10 - analyzer.result_analyzer - INFO - 分析完成: 总数=663, 成功=201, 失败=462, 异常类型=459, 需要告警=True, 告警摘要=2个500错误，2个404错误
2026-03-04 14:35:10 - __main__ - INFO - 分析耗时: 0.00秒
2026-03-04 14:35:10 - __main__ - INFO - Step 5: 发送监控报告...
2026-03-04 14:35:10 - __main__ - INFO - 发现严重错误，发送告警通知
2026-03-04 14:35:10 - notifier.wechat_notifier - INFO - 开始发送监控报告
2026-03-04 14:35:10 - notifier.webhook_client - INFO - 发送企业微信消息 (尝试 1/3)
2026-03-04 14:35:10 - notifier.webhook_client - INFO - 消息发送成功: N/A
2026-03-04 14:35:10 - notifier.wechat_notifier - INFO - 监控报告发送成功: message_id=, retry_count=0
2026-03-04 14:35:10 - __main__ - INFO - 监控报告发送成功
2026-03-04 14:35:10 - __main__ - INFO - ============================================================
2026-03-04 14:35:10 - __main__ - INFO - 监控周期完成: 2026-03-04 14:35:10
2026-03-04 14:35:10 - __main__ - INFO - 总耗时: 9.39秒 (监控执行: 7.71秒, 分析: 0.00秒)
2026-03-04 14:35:10 - __main__ - INFO - 接口总数: 663
2026-03-04 14:35:10 - __main__ - INFO - 成功: 201
2026-03-04 14:35:10 - __main__ - INFO - 失败: 462
2026-03-04 14:35:10 - __main__ - INFO - 成功率: 30.32%
2026-03-04 14:35:10 - __main__ - INFO - 平均响应时间: 0.05秒
2026-03-04 14:35:10 - __main__ - INFO - 状态码分布:
2026-03-04 14:35:10 - __main__ - INFO -   HTTP 200: 201次 (30.3%)
2026-03-04 14:35:10 - __main__ - INFO -   HTTP 400: 378次 (57.0%)
2026-03-04 14:35:10 - __main__ - INFO -   HTTP 401: 77次 (11.6%)
2026-03-04 14:35:10 - __main__ - INFO -   HTTP 404: 2次 (0.3%)
2026-03-04 14:35:10 - __main__ - INFO -   HTTP 405: 1次 (0.2%)
2026-03-04 14:35:10 - __main__ - INFO -   HTTP 415: 2次 (0.3%)
2026-03-04 14:35:10 - __main__ - INFO -   HTTP 500: 2次 (0.3%)
2026-03-04 14:35:10 - __main__ - INFO - ============================================================
2026-03-04 14:35:10 - __main__ - INFO - 下次执行时间: 2026-03-04 14:40:00
2026-03-04 14:40:00 - __main__ - INFO - 开始执行监控周期: 2026-03-04 14:40:00
2026-03-04 14:40:00 - __main__ - INFO - ============================================================
2026-03-04 14:40:00 - __main__ - INFO - 开始监控周期: 2026-03-04 14:40:00
2026-03-04 14:40:00 - __main__ - INFO - ============================================================
2026-03-04 14:40:00 - __main__ - INFO - Step 1: 扫描接口文档...
2026-03-04 14:40:00 - scanner.interface_scanner - INFO - 开始扫描目录: D:\Dev\interface_monitoring\Interface-pool
2026-03-04 14:40:00 - scanner.interface_scanner - INFO - 实际扫描到的文件: 663
2026-03-04 14:40:00 - scanner.interface_scanner - INFO -   1. D:\Dev\interface_monitoring\Interface-pool\user\JPush推送\发送推送_OpenAPI.json
2026-03-04 14:40:00 - scanner.interface_scanner - INFO -   2. D:\Dev\interface_monitoring\Interface-pool\user\Oss管理\同步上传文件到OSS_OpenAPI.json
2026-03-04 14:40:00 - scanner.interface_scanner - INFO -   3. D:\Dev\interface_monitoring\Interface-pool\user\Oss管理\批量同步上传文件到OSS_OpenAPI.json
2026-03-04 14:40:00 - scanner.interface_scanner - INFO -   4. D:\Dev\interface_monitoring\Interface-pool\user\价格计算\个体价格计算_OpenAPI.json
2026-03-04 14:40:00 - scanner.interface_scanner - INFO -   5. D:\Dev\interface_monitoring\Interface-pool\user\价格计算\团体价格计算_OpenAPI.json
2026-03-04 14:40:00 - scanner.interface_scanner - INFO -   ... 还有 658 个文件
2026-03-04 14:40:00 - scanner.interface_scanner - INFO - 找到 663 个接口文档文件
2026-03-04 14:40:00 - scanner.interface_scanner - INFO - 扫描完成，共发现 663 个接口
2026-03-04 14:40:00 - __main__ - INFO - 发现 663 个接口
2026-03-04 14:40:00 - __main__ - INFO - Step 2: 获取认证Token...
2026-03-04 14:40:00 - auth.token_manager - WARNING - 尝试刷新不存在的Token: service=user, 将重新获取
2026-03-04 14:40:00 - auth.providers.http_auth_provider - INFO - 开始获取Token: service=user, method=GET
2026-03-04 14:40:00 - auth.providers.http_auth_provider - INFO - Token获取成功: service=user, expires_at=2026-03-04T14:40:01.649819
2026-03-04 14:40:00 - auth.token_manager - INFO - 强制刷新Token成功: service=user
2026-03-04 14:40:00 - auth.cache - INFO - Token已缓存: service=user, expires_at=2026-03-04 14:40:01.649819, remaining=0s
2026-03-04 14:40:00 - auth.token_manager - WARNING - 尝试刷新不存在的Token: service=nurse, 将重新获取
2026-03-04 14:40:00 - auth.providers.http_auth_provider - INFO - 开始获取Token: service=nurse, method=GET
2026-03-04 14:40:00 - auth.providers.http_auth_provider - INFO - Token获取成功: service=nurse, expires_at=2026-03-04T14:40:01.711151
2026-03-04 14:40:00 - auth.token_manager - INFO - 强制刷新Token成功: service=nurse
2026-03-04 14:40:00 - auth.cache - INFO - Token已缓存: service=nurse, expires_at=2026-03-04 14:40:01.711151, remaining=0s
2026-03-04 14:40:00 - auth.token_manager - WARNING - 尝试刷新不存在的Token: service=admin, 将重新获取
2026-03-04 14:40:00 - auth.providers.http_auth_provider - INFO - 开始获取Token: service=admin, method=POST
2026-03-04 14:40:00 - auth.providers.http_auth_provider - INFO - Token获取成功: service=admin, expires_at=2026-03-04T14:40:01.862474
2026-03-04 14:40:00 - auth.token_manager - INFO - 强制刷新Token成功: service=admin
2026-03-04 14:40:00 - auth.cache - INFO - Token已缓存: service=admin, expires_at=2026-03-04 14:40:01.862474, remaining=0s
2026-03-04 14:40:00 - __main__ - INFO - Step 3: 执行接口监控...
2026-03-04 14:40:00 - monitor.monitor_engine - INFO - 开始执行监控: 663个接口，5线程并发
2026-03-04 14:40:00 - monitor.monitor_engine - INFO - 请求间隔: 500ms
2026-03-04 14:40:05 - monitor.monitor_engine - INFO - 监控执行完成: 总数=663, 成功=198, 失败=465, 成功率=29.9%, P95响应时间=0.05s, 耗时=4.83s
2026-03-04 14:40:05 - __main__ - INFO - 接口监控执行时间: 4.83秒 (663个接口)
2026-03-04 14:40:05 - __main__ - INFO - Step 4: 分析监控结果...
2026-03-04 14:40:05 - analyzer.result_analyzer - INFO - 开始分析 663 个监控结果
2026-03-04 14:40:05 - analyzer.aggregators.error_aggregator - INFO - 开始聚合 465 个异常结果
2026-03-04 14:40:05 - analyzer.aggregators.error_aggregator - INFO - 聚合完成，共 462 种异常类型
2026-03-04 14:40:05 - analyzer.aggregators.stats_aggregator - INFO - 开始统计 663 个监控结果
2026-03-04 14:40:05 - analyzer.aggregators.stats_aggregator - INFO - 统计完成: 总数=663, 成功率=29.86%
2026-03-04 14:40:05 - analyzer.alert_logic - INFO - 发现500错误，触发异常告警: Heatmap
2026-03-04 14:40:05 - analyzer.alert_logic - INFO - 开始过滤告警错误，总错误数: 462
2026-03-04 14:40:05 - analyzer.alert_logic - INFO -   -> 通过error_type匹配: HTTP_500
2026-03-04 14:40:05 - analyzer.alert_logic - INFO -   -> 通过error_type匹配: HTTP_500
2026-03-04 14:40:05 - analyzer.alert_logic - INFO -   -> 通过error_type匹配: HTTP_404
2026-03-04 14:40:05 - analyzer.alert_logic - INFO -   -> 通过error_type匹配: HTTP_404
2026-03-04 14:40:05 - analyzer.alert_logic - INFO - 过滤完成，告警错误数: 4
2026-03-04 14:40:05 - analyzer.alert_logic - INFO - 被过滤的告警错误列表:
2026-03-04 14:40:05 - analyzer.alert_logic - INFO -   1. Heatmap - HTTP_500 (HTTP 500)
2026-03-04 14:40:05 - analyzer.alert_logic - INFO -   2. {Batchid} - HTTP_500 (HTTP 500)
2026-03-04 14:40:05 - analyzer.alert_logic - INFO -   3. Upload - HTTP_404 (HTTP 404)
2026-03-04 14:40:05 - analyzer.alert_logic - INFO -   4. Upload - HTTP_404 (HTTP 404)
2026-03-04 14:40:05 - analyzer.alert_logic - INFO - 准备发送告警: 类型=error, 优先级=CRITICAL, 接收人=5个, 告警错误=4个
2026-03-04 14:40:05 - analyzer.result_analyzer - INFO - 分析完成: 总数=663, 成功=198, 失败=465, 异常类型=462, 需要告警=True, 告警摘要=2个500错误，2个404错误
2026-03-04 14:40:05 - __main__ - INFO - 分析耗时: 0.01秒
2026-03-04 14:40:05 - __main__ - INFO - Step 5: 发送监控报告...
2026-03-04 14:40:05 - __main__ - INFO - 发现严重错误，发送告警通知
2026-03-04 14:40:05 - notifier.wechat_notifier - INFO - 开始发送监控报告
2026-03-04 14:40:05 - notifier.webhook_client - INFO - 发送企业微信消息 (尝试 1/3)
2026-03-04 14:40:05 - notifier.webhook_client - INFO - 消息发送成功: N/A
2026-03-04 14:40:05 - notifier.wechat_notifier - INFO - 监控报告发送成功: message_id=, retry_count=0
2026-03-04 14:40:05 - __main__ - INFO - 监控报告发送成功
2026-03-04 14:40:05 - __main__ - INFO - ============================================================
2026-03-04 14:40:05 - __main__ - INFO - 监控周期完成: 2026-03-04 14:40:05
2026-03-04 14:40:05 - __main__ - INFO - 总耗时: 5.50秒 (监控执行: 4.83秒, 分析: 0.01秒)
2026-03-04 14:40:05 - __main__ - INFO - 接口总数: 663
2026-03-04 14:40:05 - __main__ - INFO - 成功: 198
2026-03-04 14:40:05 - __main__ - INFO - 失败: 465
2026-03-04 14:40:05 - __main__ - INFO - 成功率: 29.86%
2026-03-04 14:40:05 - __main__ - INFO - 平均响应时间: 0.03秒
2026-03-04 14:40:05 - __main__ - INFO - 状态码分布:
2026-03-04 14:40:05 - __main__ - INFO -   HTTP 200: 198次 (29.9%)
2026-03-04 14:40:05 - __main__ - INFO -   HTTP 400: 376次 (56.7%)
2026-03-04 14:40:05 - __main__ - INFO -   HTTP 401: 82次 (12.4%)
2026-03-04 14:40:05 - __main__ - INFO -   HTTP 404: 2次 (0.3%)
2026-03-04 14:40:05 - __main__ - INFO -   HTTP 405: 1次 (0.2%)
2026-03-04 14:40:05 - __main__ - INFO -   HTTP 415: 2次 (0.3%)
2026-03-04 14:40:05 - __main__ - INFO -   HTTP 500: 2次 (0.3%)
2026-03-04 14:40:05 - __main__ - INFO - ============================================================
2026-03-04 14:40:05 - __main__ - INFO - 下次执行时间: 2026-03-04 14:45:00
2026-03-04 14:45:00 - __main__ - INFO - 开始执行监控周期: 2026-03-04 14:45:00
2026-03-04 14:45:00 - __main__ - INFO - ============================================================
2026-03-04 14:45:00 - __main__ - INFO - 开始监控周期: 2026-03-04 14:45:00
2026-03-04 14:45:00 - __main__ - INFO - ============================================================
2026-03-04 14:45:00 - __main__ - INFO - Step 1: 扫描接口文档...
2026-03-04 14:45:00 - scanner.interface_scanner - INFO - 开始扫描目录: D:\Dev\interface_monitoring\Interface-pool
2026-03-04 14:45:00 - scanner.interface_scanner - INFO - 实际扫描到的文件: 663
2026-03-04 14:45:00 - scanner.interface_scanner - INFO -   1. D:\Dev\interface_monitoring\Interface-pool\user\JPush推送\发送推送_OpenAPI.json
2026-03-04 14:45:00 - scanner.interface_scanner - INFO -   2. D:\Dev\interface_monitoring\Interface-pool\user\Oss管理\同步上传文件到OSS_OpenAPI.json
2026-03-04 14:45:00 - scanner.interface_scanner - INFO -   3. D:\Dev\interface_monitoring\Interface-pool\user\Oss管理\批量同步上传文件到OSS_OpenAPI.json
2026-03-04 14:45:00 - scanner.interface_scanner - INFO -   4. D:\Dev\interface_monitoring\Interface-pool\user\价格计算\个体价格计算_OpenAPI.json
2026-03-04 14:45:00 - scanner.interface_scanner - INFO -   5. D:\Dev\interface_monitoring\Interface-pool\user\价格计算\团体价格计算_OpenAPI.json
2026-03-04 14:45:00 - scanner.interface_scanner - INFO -   ... 还有 658 个文件
2026-03-04 14:45:00 - scanner.interface_scanner - INFO - 找到 663 个接口文档文件
2026-03-04 14:45:00 - scanner.interface_scanner - INFO - 扫描完成，共发现 663 个接口
2026-03-04 14:45:00 - __main__ - INFO - 发现 663 个接口
2026-03-04 14:45:00 - __main__ - INFO - Step 2: 获取认证Token...
2026-03-04 14:45:00 - auth.token_manager - WARNING - 尝试刷新不存在的Token: service=user, 将重新获取
2026-03-04 14:45:00 - auth.providers.http_auth_provider - INFO - 开始获取Token: service=user, method=GET
2026-03-04 14:45:00 - auth.providers.http_auth_provider - INFO - Token获取成功: service=user, expires_at=2026-03-04T14:45:01.192707
2026-03-04 14:45:00 - auth.token_manager - INFO - 强制刷新Token成功: service=user
2026-03-04 14:45:00 - auth.cache - INFO - Token已缓存: service=user, expires_at=2026-03-04 14:45:01.192707, remaining=1s
2026-03-04 14:45:00 - auth.token_manager - WARNING - 尝试刷新不存在的Token: service=nurse, 将重新获取
2026-03-04 14:45:00 - auth.providers.http_auth_provider - INFO - 开始获取Token: service=nurse, method=GET
2026-03-04 14:45:00 - auth.providers.http_auth_provider - INFO - Token获取成功: service=nurse, expires_at=2026-03-04T14:45:01.233673
2026-03-04 14:45:00 - auth.token_manager - INFO - 强制刷新Token成功: service=nurse
2026-03-04 14:45:00 - auth.cache - INFO - Token已缓存: service=nurse, expires_at=2026-03-04 14:45:01.233673, remaining=1s
2026-03-04 14:45:00 - auth.token_manager - WARNING - 尝试刷新不存在的Token: service=admin, 将重新获取
2026-03-04 14:45:00 - auth.providers.http_auth_provider - INFO - 开始获取Token: service=admin, method=POST
2026-03-04 14:45:00 - auth.providers.http_auth_provider - INFO - Token获取成功: service=admin, expires_at=2026-03-04T14:45:01.381904
2026-03-04 14:45:00 - auth.token_manager - INFO - 强制刷新Token成功: service=admin
2026-03-04 14:45:00 - auth.cache - INFO - Token已缓存: service=admin, expires_at=2026-03-04 14:45:01.381904, remaining=1s
2026-03-04 14:45:00 - __main__ - INFO - Step 3: 执行接口监控...
2026-03-04 14:45:00 - monitor.monitor_engine - INFO - 开始执行监控: 663个接口，5线程并发
2026-03-04 14:45:00 - monitor.monitor_engine - INFO - 请求间隔: 500ms
2026-03-04 14:45:05 - monitor.monitor_engine - INFO - 监控执行完成: 总数=663, 成功=197, 失败=466, 成功率=29.7%, P95响应时间=0.05s, 耗时=4.77s
2026-03-04 14:45:05 - __main__ - INFO - 接口监控执行时间: 4.77秒 (663个接口)
2026-03-04 14:45:05 - __main__ - INFO - Step 4: 分析监控结果...
2026-03-04 14:45:05 - analyzer.result_analyzer - INFO - 开始分析 663 个监控结果
2026-03-04 14:45:05 - analyzer.aggregators.error_aggregator - INFO - 开始聚合 466 个异常结果
2026-03-04 14:45:05 - analyzer.aggregators.error_aggregator - INFO - 聚合完成，共 463 种异常类型
2026-03-04 14:45:05 - analyzer.aggregators.stats_aggregator - INFO - 开始统计 663 个监控结果
2026-03-04 14:45:05 - analyzer.aggregators.stats_aggregator - INFO - 统计完成: 总数=663, 成功率=29.71%
2026-03-04 14:45:05 - analyzer.alert_logic - INFO - 发现500错误，触发异常告警: Heatmap
2026-03-04 14:45:05 - analyzer.alert_logic - INFO - 开始过滤告警错误，总错误数: 463
2026-03-04 14:45:05 - analyzer.alert_logic - INFO -   -> 通过error_type匹配: HTTP_500
2026-03-04 14:45:05 - analyzer.alert_logic - INFO -   -> 通过error_type匹配: HTTP_500
2026-03-04 14:45:05 - analyzer.alert_logic - INFO -   -> 通过error_type匹配: HTTP_404
2026-03-04 14:45:05 - analyzer.alert_logic - INFO -   -> 通过error_type匹配: HTTP_404
2026-03-04 14:45:05 - analyzer.alert_logic - INFO - 过滤完成，告警错误数: 4
2026-03-04 14:45:05 - analyzer.alert_logic - INFO - 被过滤的告警错误列表:
2026-03-04 14:45:05 - analyzer.alert_logic - INFO -   1. Heatmap - HTTP_500 (HTTP 500)
2026-03-04 14:45:05 - analyzer.alert_logic - INFO -   2. {Batchid} - HTTP_500 (HTTP 500)
2026-03-04 14:45:05 - analyzer.alert_logic - INFO -   3. Upload - HTTP_404 (HTTP 404)
2026-03-04 14:45:05 - analyzer.alert_logic - INFO -   4. Upload - HTTP_404 (HTTP 404)
2026-03-04 14:45:05 - analyzer.alert_logic - INFO - 准备发送告警: 类型=error, 优先级=CRITICAL, 接收人=5个, 告警错误=4个
2026-03-04 14:45:05 - analyzer.result_analyzer - INFO - 分析完成: 总数=663, 成功=197, 失败=466, 异常类型=463, 需要告警=True, 告警摘要=2个500错误，2个404错误
2026-03-04 14:45:05 - __main__ - INFO - 分析耗时: 0.01秒
2026-03-04 14:45:05 - __main__ - INFO - Step 5: 发送监控报告...
2026-03-04 14:45:05 - __main__ - INFO - 发现严重错误，发送告警通知
2026-03-04 14:45:05 - notifier.wechat_notifier - INFO - 开始发送监控报告
2026-03-04 14:45:05 - notifier.webhook_client - INFO - 发送企业微信消息 (尝试 1/3)
2026-03-04 14:45:05 - notifier.webhook_client - INFO - 消息发送成功: N/A
2026-03-04 14:45:05 - notifier.wechat_notifier - INFO - 监控报告发送成功: message_id=, retry_count=0
2026-03-04 14:45:05 - __main__ - INFO - 监控报告发送成功
2026-03-04 14:45:05 - __main__ - INFO - ============================================================
2026-03-04 14:45:05 - __main__ - INFO - 监控周期完成: 2026-03-04 14:45:05
2026-03-04 14:45:05 - __main__ - INFO - 总耗时: 5.29秒 (监控执行: 4.77秒, 分析: 0.01秒)
2026-03-04 14:45:05 - __main__ - INFO - 接口总数: 663
2026-03-04 14:45:05 - __main__ - INFO - 成功: 197
2026-03-04 14:45:05 - __main__ - INFO - 失败: 466
2026-03-04 14:45:05 - __main__ - INFO - 成功率: 29.71%
2026-03-04 14:45:05 - __main__ - INFO - 平均响应时间: 0.03秒
2026-03-04 14:45:05 - __main__ - INFO - 状态码分布:
2026-03-04 14:45:05 - __main__ - INFO -   HTTP 200: 197次 (29.7%)
2026-03-04 14:45:05 - __main__ - INFO -   HTTP 400: 374次 (56.4%)
2026-03-04 14:45:05 - __main__ - INFO -   HTTP 401: 85次 (12.8%)
2026-03-04 14:45:05 - __main__ - INFO -   HTTP 404: 2次 (0.3%)
2026-03-04 14:45:05 - __main__ - INFO -   HTTP 405: 1次 (0.2%)
2026-03-04 14:45:05 - __main__ - INFO -   HTTP 415: 2次 (0.3%)
2026-03-04 14:45:05 - __main__ - INFO -   HTTP 500: 2次 (0.3%)
2026-03-04 14:45:05 - __main__ - INFO - ============================================================
2026-03-04 14:45:05 - __main__ - INFO - 下次执行时间: 2026-03-04 14:50:00
2026-03-04 14:50:00 - __main__ - INFO - 开始执行监控周期: 2026-03-04 14:50:00
2026-03-04 14:50:00 - __main__ - INFO - ============================================================
2026-03-04 14:50:00 - __main__ - INFO - 开始监控周期: 2026-03-04 14:50:00
2026-03-04 14:50:00 - __main__ - INFO - ============================================================
2026-03-04 14:50:00 - __main__ - INFO - Step 1: 扫描接口文档...
2026-03-04 14:50:00 - scanner.interface_scanner - INFO - 开始扫描目录: D:\Dev\interface_monitoring\Interface-pool
2026-03-04 14:50:00 - scanner.interface_scanner - INFO - 实际扫描到的文件: 663
2026-03-04 14:50:00 - scanner.interface_scanner - INFO -   1. D:\Dev\interface_monitoring\Interface-pool\user\JPush推送\发送推送_OpenAPI.json
2026-03-04 14:50:00 - scanner.interface_scanner - INFO -   2. D:\Dev\interface_monitoring\Interface-pool\user\Oss管理\同步上传文件到OSS_OpenAPI.json
2026-03-04 14:50:00 - scanner.interface_scanner - INFO -   3. D:\Dev\interface_monitoring\Interface-pool\user\Oss管理\批量同步上传文件到OSS_OpenAPI.json
2026-03-04 14:50:00 - scanner.interface_scanner - INFO -   4. D:\Dev\interface_monitoring\Interface-pool\user\价格计算\个体价格计算_OpenAPI.json
2026-03-04 14:50:00 - scanner.interface_scanner - INFO -   5. D:\Dev\interface_monitoring\Interface-pool\user\价格计算\团体价格计算_OpenAPI.json
2026-03-04 14:50:00 - scanner.interface_scanner - INFO -   ... 还有 658 个文件
2026-03-04 14:50:00 - scanner.interface_scanner - INFO - 找到 663 个接口文档文件
2026-03-04 14:50:00 - scanner.interface_scanner - INFO - 扫描完成，共发现 663 个接口
2026-03-04 14:50:00 - __main__ - INFO - 发现 663 个接口
2026-03-04 14:50:00 - __main__ - INFO - Step 2: 获取认证Token...
2026-03-04 14:50:00 - auth.token_manager - WARNING - 尝试刷新不存在的Token: service=user, 将重新获取
2026-03-04 14:50:00 - auth.providers.http_auth_provider - INFO - 开始获取Token: service=user, method=GET
2026-03-04 14:50:00 - auth.providers.http_auth_provider - INFO - Token获取成功: service=user, expires_at=2026-03-04T14:50:01.597075
2026-03-04 14:50:00 - auth.token_manager - INFO - 强制刷新Token成功: service=user
2026-03-04 14:50:00 - auth.cache - INFO - Token已缓存: service=user, expires_at=2026-03-04 14:50:01.597075, remaining=0s
2026-03-04 14:50:00 - auth.token_manager - WARNING - 尝试刷新不存在的Token: service=nurse, 将重新获取
2026-03-04 14:50:00 - auth.providers.http_auth_provider - INFO - 开始获取Token: service=nurse, method=GET
2026-03-04 14:50:00 - auth.providers.http_auth_provider - INFO - Token获取成功: service=nurse, expires_at=2026-03-04T14:50:01.640905
2026-03-04 14:50:00 - auth.token_manager - INFO - 强制刷新Token成功: service=nurse
2026-03-04 14:50:00 - auth.cache - INFO - Token已缓存: service=nurse, expires_at=2026-03-04 14:50:01.640905, remaining=0s
2026-03-04 14:50:00 - auth.token_manager - WARNING - 尝试刷新不存在的Token: service=admin, 将重新获取
2026-03-04 14:50:00 - auth.providers.http_auth_provider - INFO - 开始获取Token: service=admin, method=POST
2026-03-04 14:50:00 - auth.providers.http_auth_provider - INFO - Token获取成功: service=admin, expires_at=2026-03-04T14:50:01.798315
2026-03-04 14:50:00 - auth.token_manager - INFO - 强制刷新Token成功: service=admin
2026-03-04 14:50:00 - auth.cache - INFO - Token已缓存: service=admin, expires_at=2026-03-04 14:50:01.798315, remaining=0s
2026-03-04 14:50:00 - __main__ - INFO - Step 3: 执行接口监控...
2026-03-04 14:50:00 - monitor.monitor_engine - INFO - 开始执行监控: 663个接口，5线程并发
2026-03-04 14:50:00 - monitor.monitor_engine - INFO - 请求间隔: 500ms
2026-03-04 14:50:05 - monitor.monitor_engine - INFO - 监控执行完成: 总数=663, 成功=198, 失败=465, 成功率=29.9%, P95响应时间=0.06s, 耗时=5.03s
2026-03-04 14:50:05 - __main__ - INFO - 接口监控执行时间: 5.04秒 (663个接口)
2026-03-04 14:50:05 - __main__ - INFO - Step 4: 分析监控结果...
2026-03-04 14:50:05 - analyzer.result_analyzer - INFO - 开始分析 663 个监控结果
2026-03-04 14:50:05 - analyzer.aggregators.error_aggregator - INFO - 开始聚合 465 个异常结果
2026-03-04 14:50:05 - analyzer.aggregators.error_aggregator - INFO - 聚合完成，共 462 种异常类型
2026-03-04 14:50:05 - analyzer.aggregators.stats_aggregator - INFO - 开始统计 663 个监控结果
2026-03-04 14:50:05 - analyzer.aggregators.stats_aggregator - INFO - 统计完成: 总数=663, 成功率=29.86%
2026-03-04 14:50:05 - analyzer.alert_logic - INFO - 发现500错误，触发异常告警: Heatmap
2026-03-04 14:50:05 - analyzer.alert_logic - INFO - 开始过滤告警错误，总错误数: 462
2026-03-04 14:50:05 - analyzer.alert_logic - INFO -   -> 通过error_type匹配: HTTP_500
2026-03-04 14:50:05 - analyzer.alert_logic - INFO -   -> 通过error_type匹配: HTTP_500
2026-03-04 14:50:05 - analyzer.alert_logic - INFO -   -> 通过error_type匹配: HTTP_404
2026-03-04 14:50:05 - analyzer.alert_logic - INFO -   -> 通过error_type匹配: HTTP_404
2026-03-04 14:50:05 - analyzer.alert_logic - INFO - 过滤完成，告警错误数: 4
2026-03-04 14:50:05 - analyzer.alert_logic - INFO - 被过滤的告警错误列表:
2026-03-04 14:50:05 - analyzer.alert_logic - INFO -   1. Heatmap - HTTP_500 (HTTP 500)
2026-03-04 14:50:05 - analyzer.alert_logic - INFO -   2. {Batchid} - HTTP_500 (HTTP 500)
2026-03-04 14:50:05 - analyzer.alert_logic - INFO -   3. Upload - HTTP_404 (HTTP 404)
2026-03-04 14:50:05 - analyzer.alert_logic - INFO -   4. Upload - HTTP_404 (HTTP 404)
2026-03-04 14:50:05 - analyzer.alert_logic - INFO - 准备发送告警: 类型=error, 优先级=CRITICAL, 接收人=5个, 告警错误=4个
2026-03-04 14:50:05 - analyzer.result_analyzer - INFO - 分析完成: 总数=663, 成功=198, 失败=465, 异常类型=462, 需要告警=True, 告警摘要=2个500错误，2个404错误
2026-03-04 14:50:05 - __main__ - INFO - 分析耗时: 0.01秒
2026-03-04 14:50:05 - __main__ - INFO - Step 5: 发送监控报告...
2026-03-04 14:50:05 - __main__ - INFO - 发现严重错误，发送告警通知
2026-03-04 14:50:05 - notifier.wechat_notifier - INFO - 开始发送监控报告
2026-03-04 14:50:05 - notifier.webhook_client - INFO - 发送企业微信消息 (尝试 1/3)
2026-03-04 14:50:06 - notifier.webhook_client - INFO - 消息发送成功: N/A
2026-03-04 14:50:06 - notifier.wechat_notifier - INFO - 监控报告发送成功: message_id=, retry_count=0
2026-03-04 14:50:06 - __main__ - INFO - 监控报告发送成功
2026-03-04 14:50:06 - __main__ - INFO - ============================================================
2026-03-04 14:50:06 - __main__ - INFO - 监控周期完成: 2026-03-04 14:50:06
2026-03-04 14:50:06 - __main__ - INFO - 总耗时: 5.73秒 (监控执行: 5.04秒, 分析: 0.01秒)
2026-03-04 14:50:06 - __main__ - INFO - 接口总数: 663
2026-03-04 14:50:06 - __main__ - INFO - 成功: 198
2026-03-04 14:50:06 - __main__ - INFO - 失败: 465
2026-03-04 14:50:06 - __main__ - INFO - 成功率: 29.86%
2026-03-04 14:50:06 - __main__ - INFO - 平均响应时间: 0.03秒
2026-03-04 14:50:06 - __main__ - INFO - 状态码分布:
2026-03-04 14:50:06 - __main__ - INFO -   HTTP 200: 198次 (29.9%)
2026-03-04 14:50:06 - __main__ - INFO -   HTTP 400: 373次 (56.3%)
2026-03-04 14:50:06 - __main__ - INFO -   HTTP 401: 85次 (12.8%)
2026-03-04 14:50:06 - __main__ - INFO -   HTTP 404: 2次 (0.3%)
2026-03-04 14:50:06 - __main__ - INFO -   HTTP 405: 1次 (0.2%)
2026-03-04 14:50:06 - __main__ - INFO -   HTTP 415: 2次 (0.3%)
2026-03-04 14:50:06 - __main__ - INFO -   HTTP 500: 2次 (0.3%)
2026-03-04 14:50:06 - __main__ - INFO - ============================================================
2026-03-04 14:50:06 - __main__ - INFO - 下次执行时间: 2026-03-04 14:55:00
2026-03-04 14:55:00 - __main__ - INFO - 开始执行监控周期: 2026-03-04 14:55:00
2026-03-04 14:55:00 - __main__ - INFO - ============================================================
2026-03-04 14:55:00 - __main__ - INFO - 开始监控周期: 2026-03-04 14:55:00
2026-03-04 14:55:00 - __main__ - INFO - ============================================================
2026-03-04 14:55:00 - __main__ - INFO - Step 1: 扫描接口文档...
2026-03-04 14:55:00 - scanner.interface_scanner - INFO - 开始扫描目录: D:\Dev\interface_monitoring\Interface-pool
2026-03-04 14:55:00 - scanner.interface_scanner - INFO - 实际扫描到的文件: 663
2026-03-04 14:55:00 - scanner.interface_scanner - INFO -   1. D:\Dev\interface_monitoring\Interface-pool\user\JPush推送\发送推送_OpenAPI.json
2026-03-04 14:55:00 - scanner.interface_scanner - INFO -   2. D:\Dev\interface_monitoring\Interface-pool\user\Oss管理\同步上传文件到OSS_OpenAPI.json
2026-03-04 14:55:00 - scanner.interface_scanner - INFO -   3. D:\Dev\interface_monitoring\Interface-pool\user\Oss管理\批量同步上传文件到OSS_OpenAPI.json
2026-03-04 14:55:00 - scanner.interface_scanner - INFO -   4. D:\Dev\interface_monitoring\Interface-pool\user\价格计算\个体价格计算_OpenAPI.json
2026-03-04 14:55:00 - scanner.interface_scanner - INFO -   5. D:\Dev\interface_monitoring\Interface-pool\user\价格计算\团体价格计算_OpenAPI.json
2026-03-04 14:55:00 - scanner.interface_scanner - INFO -   ... 还有 658 个文件
2026-03-04 14:55:00 - scanner.interface_scanner - INFO - 找到 663 个接口文档文件
2026-03-04 14:55:00 - scanner.interface_scanner - INFO - 扫描完成，共发现 663 个接口
2026-03-04 14:55:00 - __main__ - INFO - 发现 663 个接口
2026-03-04 14:55:00 - __main__ - INFO - Step 2: 获取认证Token...
2026-03-04 14:55:00 - auth.token_manager - WARNING - 尝试刷新不存在的Token: service=user, 将重新获取
2026-03-04 14:55:00 - auth.providers.http_auth_provider - INFO - 开始获取Token: service=user, method=GET
2026-03-04 14:55:00 - auth.providers.http_auth_provider - INFO - Token获取成功: service=user, expires_at=2026-03-04T14:55:01.438096
2026-03-04 14:55:00 - auth.token_manager - INFO - 强制刷新Token成功: service=user
2026-03-04 14:55:00 - auth.cache - INFO - Token已缓存: service=user, expires_at=2026-03-04 14:55:01.438096, remaining=0s
2026-03-04 14:55:00 - auth.token_manager - WARNING - 尝试刷新不存在的Token: service=nurse, 将重新获取
2026-03-04 14:55:00 - auth.providers.http_auth_provider - INFO - 开始获取Token: service=nurse, method=GET
2026-03-04 14:55:00 - auth.providers.http_auth_provider - INFO - Token获取成功: service=nurse, expires_at=2026-03-04T14:55:01.484619
2026-03-04 14:55:00 - auth.token_manager - INFO - 强制刷新Token成功: service=nurse
2026-03-04 14:55:00 - auth.cache - INFO - Token已缓存: service=nurse, expires_at=2026-03-04 14:55:01.484619, remaining=1s
2026-03-04 14:55:00 - auth.token_manager - WARNING - 尝试刷新不存在的Token: service=admin, 将重新获取
2026-03-04 14:55:00 - auth.providers.http_auth_provider - INFO - 开始获取Token: service=admin, method=POST
2026-03-04 14:55:00 - auth.providers.http_auth_provider - INFO - Token获取成功: service=admin, expires_at=2026-03-04T14:55:01.652886
2026-03-04 14:55:00 - auth.token_manager - INFO - 强制刷新Token成功: service=admin
2026-03-04 14:55:00 - auth.cache - INFO - Token已缓存: service=admin, expires_at=2026-03-04 14:55:01.652886, remaining=0s
2026-03-04 14:55:00 - __main__ - INFO - Step 3: 执行接口监控...
2026-03-04 14:55:00 - monitor.monitor_engine - INFO - 开始执行监控: 663个接口，5线程并发
2026-03-04 14:55:00 - monitor.monitor_engine - INFO - 请求间隔: 500ms
2026-03-04 14:55:05 - monitor.monitor_engine - INFO - 监控执行完成: 总数=663, 成功=197, 失败=466, 成功率=29.7%, P95响应时间=0.05s, 耗时=4.67s
2026-03-04 14:55:05 - __main__ - INFO - 接口监控执行时间: 4.67秒 (663个接口)
2026-03-04 14:55:05 - __main__ - INFO - Step 4: 分析监控结果...
2026-03-04 14:55:05 - analyzer.result_analyzer - INFO - 开始分析 663 个监控结果
2026-03-04 14:55:05 - analyzer.aggregators.error_aggregator - INFO - 开始聚合 466 个异常结果
2026-03-04 14:55:05 - analyzer.aggregators.error_aggregator - INFO - 聚合完成，共 463 种异常类型
2026-03-04 14:55:05 - analyzer.aggregators.stats_aggregator - INFO - 开始统计 663 个监控结果
2026-03-04 14:55:05 - analyzer.aggregators.stats_aggregator - INFO - 统计完成: 总数=663, 成功率=29.71%
2026-03-04 14:55:05 - analyzer.alert_logic - INFO - 发现500错误，触发异常告警: Heatmap
2026-03-04 14:55:05 - analyzer.alert_logic - INFO - 开始过滤告警错误，总错误数: 463
2026-03-04 14:55:05 - analyzer.alert_logic - INFO -   -> 通过error_type匹配: HTTP_500
2026-03-04 14:55:05 - analyzer.alert_logic - INFO -   -> 通过error_type匹配: HTTP_500
2026-03-04 14:55:05 - analyzer.alert_logic - INFO -   -> 通过error_type匹配: HTTP_404
2026-03-04 14:55:05 - analyzer.alert_logic - INFO -   -> 通过error_type匹配: HTTP_404
2026-03-04 14:55:05 - analyzer.alert_logic - INFO - 过滤完成，告警错误数: 4
2026-03-04 14:55:05 - analyzer.alert_logic - INFO - 被过滤的告警错误列表:
2026-03-04 14:55:05 - analyzer.alert_logic - INFO -   1. Heatmap - HTTP_500 (HTTP 500)
2026-03-04 14:55:05 - analyzer.alert_logic - INFO -   2. {Batchid} - HTTP_500 (HTTP 500)
2026-03-04 14:55:05 - analyzer.alert_logic - INFO -   3. Upload - HTTP_404 (HTTP 404)
2026-03-04 14:55:05 - analyzer.alert_logic - INFO -   4. Upload - HTTP_404 (HTTP 404)
2026-03-04 14:55:05 - analyzer.alert_logic - INFO - 准备发送告警: 类型=error, 优先级=CRITICAL, 接收人=5个, 告警错误=4个
2026-03-04 14:55:05 - analyzer.result_analyzer - INFO - 分析完成: 总数=663, 成功=197, 失败=466, 异常类型=463, 需要告警=True, 告警摘要=2个500错误，2个404错误
2026-03-04 14:55:05 - __main__ - INFO - 分析耗时: 0.01秒
2026-03-04 14:55:05 - __main__ - INFO - Step 5: 发送监控报告...
2026-03-04 14:55:05 - __main__ - INFO - 发现严重错误，发送告警通知
2026-03-04 14:55:05 - notifier.wechat_notifier - INFO - 开始发送监控报告
2026-03-04 14:55:05 - notifier.webhook_client - INFO - 发送企业微信消息 (尝试 1/3)
2026-03-04 14:55:05 - notifier.webhook_client - INFO - 消息发送成功: N/A
2026-03-04 14:55:05 - notifier.wechat_notifier - INFO - 监控报告发送成功: message_id=, retry_count=0
2026-03-04 14:55:05 - __main__ - INFO - 监控报告发送成功
2026-03-04 14:55:05 - __main__ - INFO - ============================================================
2026-03-04 14:55:05 - __main__ - INFO - 监控周期完成: 2026-03-04 14:55:05
2026-03-04 14:55:05 - __main__ - INFO - 总耗时: 5.42秒 (监控执行: 4.67秒, 分析: 0.01秒)
2026-03-04 14:55:05 - __main__ - INFO - 接口总数: 663
2026-03-04 14:55:05 - __main__ - INFO - 成功: 197
2026-03-04 14:55:05 - __main__ - INFO - 失败: 466
2026-03-04 14:55:05 - __main__ - INFO - 成功率: 29.71%
2026-03-04 14:55:05 - __main__ - INFO - 平均响应时间: 0.03秒
2026-03-04 14:55:05 - __main__ - INFO - 状态码分布:
2026-03-04 14:55:05 - __main__ - INFO -   HTTP 200: 197次 (29.7%)
2026-03-04 14:55:05 - __main__ - INFO -   HTTP 400: 372次 (56.1%)
2026-03-04 14:55:05 - __main__ - INFO -   HTTP 401: 87次 (13.1%)
2026-03-04 14:55:05 - __main__ - INFO -   HTTP 404: 2次 (0.3%)
2026-03-04 14:55:05 - __main__ - INFO -   HTTP 405: 1次 (0.2%)
2026-03-04 14:55:05 - __main__ - INFO -   HTTP 415: 2次 (0.3%)
2026-03-04 14:55:05 - __main__ - INFO -   HTTP 500: 2次 (0.3%)
2026-03-04 14:55:05 - __main__ - INFO - ============================================================
2026-03-04 14:55:05 - __main__ - INFO - 下次执行时间: 2026-03-04 15:00:00
2026-03-04 15:00:00 - __main__ - INFO - 开始执行监控周期: 2026-03-04 15:00:00
2026-03-04 15:00:00 - __main__ - INFO - ============================================================
2026-03-04 15:00:00 - __main__ - INFO - 开始监控周期: 2026-03-04 15:00:00
2026-03-04 15:00:00 - __main__ - INFO - ============================================================
2026-03-04 15:00:00 - __main__ - INFO - Step 1: 扫描接口文档...
2026-03-04 15:00:00 - scanner.interface_scanner - INFO - 开始扫描目录: D:\Dev\interface_monitoring\Interface-pool
2026-03-04 15:00:00 - scanner.interface_scanner - INFO - 实际扫描到的文件: 663
2026-03-04 15:00:00 - scanner.interface_scanner - INFO -   1. D:\Dev\interface_monitoring\Interface-pool\user\JPush推送\发送推送_OpenAPI.json
2026-03-04 15:00:00 - scanner.interface_scanner - INFO -   2. D:\Dev\interface_monitoring\Interface-pool\user\Oss管理\同步上传文件到OSS_OpenAPI.json
2026-03-04 15:00:00 - scanner.interface_scanner - INFO -   3. D:\Dev\interface_monitoring\Interface-pool\user\Oss管理\批量同步上传文件到OSS_OpenAPI.json
2026-03-04 15:00:00 - scanner.interface_scanner - INFO -   4. D:\Dev\interface_monitoring\Interface-pool\user\价格计算\个体价格计算_OpenAPI.json
2026-03-04 15:00:00 - scanner.interface_scanner - INFO -   5. D:\Dev\interface_monitoring\Interface-pool\user\价格计算\团体价格计算_OpenAPI.json
2026-03-04 15:00:00 - scanner.interface_scanner - INFO -   ... 还有 658 个文件
2026-03-04 15:00:00 - scanner.interface_scanner - INFO - 找到 663 个接口文档文件
2026-03-04 15:00:00 - scanner.interface_scanner - INFO - 扫描完成，共发现 663 个接口
2026-03-04 15:00:00 - __main__ - INFO - 发现 663 个接口
2026-03-04 15:00:00 - __main__ - INFO - Step 2: 获取认证Token...
2026-03-04 15:00:00 - auth.token_manager - WARNING - 尝试刷新不存在的Token: service=user, 将重新获取
2026-03-04 15:00:00 - auth.providers.http_auth_provider - INFO - 开始获取Token: service=user, method=GET
2026-03-04 15:00:00 - auth.providers.http_auth_provider - INFO - Token获取成功: service=user, expires_at=2026-03-04T15:00:01.965526
2026-03-04 15:00:00 - auth.token_manager - INFO - 强制刷新Token成功: service=user
2026-03-04 15:00:00 - auth.cache - INFO - Token已缓存: service=user, expires_at=2026-03-04 15:00:01.965526, remaining=0s
2026-03-04 15:00:00 - auth.token_manager - WARNING - 尝试刷新不存在的Token: service=nurse, 将重新获取
2026-03-04 15:00:00 - auth.providers.http_auth_provider - INFO - 开始获取Token: service=nurse, method=GET
2026-03-04 15:00:01 - auth.providers.http_auth_provider - INFO - Token获取成功: service=nurse, expires_at=2026-03-04T15:00:02.006687
2026-03-04 15:00:01 - auth.token_manager - INFO - 强制刷新Token成功: service=nurse
2026-03-04 15:00:01 - auth.cache - INFO - Token已缓存: service=nurse, expires_at=2026-03-04 15:00:02.006687, remaining=1s
2026-03-04 15:00:01 - auth.token_manager - WARNING - 尝试刷新不存在的Token: service=admin, 将重新获取
2026-03-04 15:00:01 - auth.providers.http_auth_provider - INFO - 开始获取Token: service=admin, method=POST
2026-03-04 15:00:01 - auth.providers.http_auth_provider - INFO - Token获取成功: service=admin, expires_at=2026-03-04T15:00:02.141596
2026-03-04 15:00:01 - auth.token_manager - INFO - 强制刷新Token成功: service=admin
2026-03-04 15:00:01 - auth.cache - INFO - Token已缓存: service=admin, expires_at=2026-03-04 15:00:02.141596, remaining=0s
2026-03-04 15:00:01 - __main__ - INFO - Step 3: 执行接口监控...
2026-03-04 15:00:01 - monitor.monitor_engine - INFO - 开始执行监控: 663个接口，5线程并发
2026-03-04 15:00:01 - monitor.monitor_engine - INFO - 请求间隔: 500ms
2026-03-04 15:00:05 - monitor.monitor_engine - INFO - 监控执行完成: 总数=663, 成功=199, 失败=464, 成功率=30.0%, P95响应时间=0.05s, 耗时=4.69s
2026-03-04 15:00:05 - __main__ - INFO - 接口监控执行时间: 4.69秒 (663个接口)
2026-03-04 15:00:05 - __main__ - INFO - Step 4: 分析监控结果...
2026-03-04 15:00:05 - analyzer.result_analyzer - INFO - 开始分析 663 个监控结果
2026-03-04 15:00:05 - analyzer.aggregators.error_aggregator - INFO - 开始聚合 464 个异常结果
2026-03-04 15:00:05 - analyzer.aggregators.error_aggregator - INFO - 聚合完成，共 461 种异常类型
2026-03-04 15:00:05 - analyzer.aggregators.stats_aggregator - INFO - 开始统计 663 个监控结果
2026-03-04 15:00:05 - analyzer.aggregators.stats_aggregator - INFO - 统计完成: 总数=663, 成功率=30.02%
2026-03-04 15:00:05 - analyzer.alert_logic - INFO - 发现500错误，触发异常告警: Heatmap
2026-03-04 15:00:05 - analyzer.alert_logic - INFO - 开始过滤告警错误，总错误数: 461
2026-03-04 15:00:05 - analyzer.alert_logic - INFO -   -> 通过error_type匹配: HTTP_500
2026-03-04 15:00:05 - analyzer.alert_logic - INFO -   -> 通过error_type匹配: HTTP_500
2026-03-04 15:00:05 - analyzer.alert_logic - INFO -   -> 通过error_type匹配: HTTP_404
2026-03-04 15:00:05 - analyzer.alert_logic - INFO -   -> 通过error_type匹配: HTTP_404
2026-03-04 15:00:05 - analyzer.alert_logic - INFO - 过滤完成，告警错误数: 4
2026-03-04 15:00:05 - analyzer.alert_logic - INFO - 被过滤的告警错误列表:
2026-03-04 15:00:05 - analyzer.alert_logic - INFO -   1. Heatmap - HTTP_500 (HTTP 500)
2026-03-04 15:00:05 - analyzer.alert_logic - INFO -   2. {Batchid} - HTTP_500 (HTTP 500)
2026-03-04 15:00:05 - analyzer.alert_logic - INFO -   3. Upload - HTTP_404 (HTTP 404)
2026-03-04 15:00:05 - analyzer.alert_logic - INFO -   4. Upload - HTTP_404 (HTTP 404)
2026-03-04 15:00:05 - analyzer.alert_logic - INFO - 准备发送告警: 类型=error, 优先级=CRITICAL, 接收人=5个, 告警错误=4个
2026-03-04 15:00:05 - analyzer.result_analyzer - INFO - 分析完成: 总数=663, 成功=199, 失败=464, 异常类型=461, 需要告警=True, 告警摘要=2个500错误，2个404错误
2026-03-04 15:00:05 - __main__ - INFO - 分析耗时: 0.00秒
2026-03-04 15:00:05 - __main__ - INFO - Step 5: 发送监控报告...
2026-03-04 15:00:05 - __main__ - INFO - 发现严重错误，发送告警通知
2026-03-04 15:00:05 - notifier.wechat_notifier - INFO - 开始发送监控报告
2026-03-04 15:00:05 - notifier.webhook_client - INFO - 发送企业微信消息 (尝试 1/3)
2026-03-04 15:00:06 - notifier.webhook_client - INFO - 消息发送成功: N/A
2026-03-04 15:00:06 - notifier.wechat_notifier - INFO - 监控报告发送成功: message_id=, retry_count=0
2026-03-04 15:00:06 - __main__ - INFO - 监控报告发送成功
2026-03-04 15:00:06 - __main__ - INFO - ============================================================
2026-03-04 15:00:06 - __main__ - INFO - 监控周期完成: 2026-03-04 15:00:06
2026-03-04 15:00:06 - __main__ - INFO - 总耗时: 5.21秒 (监控执行: 4.69秒, 分析: 0.00秒)
2026-03-04 15:00:06 - __main__ - INFO - 接口总数: 663
2026-03-04 15:00:06 - __main__ - INFO - 成功: 199
2026-03-04 15:00:06 - __main__ - INFO - 失败: 464
2026-03-04 15:00:06 - __main__ - INFO - 成功率: 30.02%
2026-03-04 15:00:06 - __main__ - INFO - 平均响应时间: 0.03秒
2026-03-04 15:00:06 - __main__ - INFO - 状态码分布:
2026-03-04 15:00:06 - __main__ - INFO -   HTTP 200: 199次 (30.0%)
2026-03-04 15:00:06 - __main__ - INFO -   HTTP 400: 376次 (56.7%)
2026-03-04 15:00:06 - __main__ - INFO -   HTTP 401: 81次 (12.2%)
2026-03-04 15:00:06 - __main__ - INFO -   HTTP 404: 2次 (0.3%)
2026-03-04 15:00:06 - __main__ - INFO -   HTTP 405: 1次 (0.2%)
2026-03-04 15:00:06 - __main__ - INFO -   HTTP 415: 2次 (0.3%)
2026-03-04 15:00:06 - __main__ - INFO -   HTTP 500: 2次 (0.3%)
2026-03-04 15:00:06 - __main__ - INFO - ============================================================
2026-03-04 15:00:06 - __main__ - INFO - 下次执行时间: 2026-03-04 15:05:00
2026-03-04 15:05:00 - __main__ - INFO - 开始执行监控周期: 2026-03-04 15:05:00
2026-03-04 15:05:00 - __main__ - INFO - ============================================================
2026-03-04 15:05:00 - __main__ - INFO - 开始监控周期: 2026-03-04 15:05:00
2026-03-04 15:05:00 - __main__ - INFO - ============================================================
2026-03-04 15:05:00 - __main__ - INFO - Step 1: 扫描接口文档...
2026-03-04 15:05:00 - scanner.interface_scanner - INFO - 开始扫描目录: D:\Dev\interface_monitoring\Interface-pool
2026-03-04 15:05:00 - scanner.interface_scanner - INFO - 实际扫描到的文件: 663
2026-03-04 15:05:00 - scanner.interface_scanner - INFO -   1. D:\Dev\interface_monitoring\Interface-pool\user\JPush推送\发送推送_OpenAPI.json
2026-03-04 15:05:00 - scanner.interface_scanner - INFO -   2. D:\Dev\interface_monitoring\Interface-pool\user\Oss管理\同步上传文件到OSS_OpenAPI.json
2026-03-04 15:05:00 - scanner.interface_scanner - INFO -   3. D:\Dev\interface_monitoring\Interface-pool\user\Oss管理\批量同步上传文件到OSS_OpenAPI.json
2026-03-04 15:05:00 - scanner.interface_scanner - INFO -   4. D:\Dev\interface_monitoring\Interface-pool\user\价格计算\个体价格计算_OpenAPI.json
2026-03-04 15:05:00 - scanner.interface_scanner - INFO -   5. D:\Dev\interface_monitoring\Interface-pool\user\价格计算\团体价格计算_OpenAPI.json
2026-03-04 15:05:00 - scanner.interface_scanner - INFO -   ... 还有 658 个文件
2026-03-04 15:05:00 - scanner.interface_scanner - INFO - 找到 663 个接口文档文件
2026-03-04 15:05:00 - scanner.interface_scanner - INFO - 扫描完成，共发现 663 个接口
2026-03-04 15:05:00 - __main__ - INFO - 发现 663 个接口
2026-03-04 15:05:00 - __main__ - INFO - Step 2: 获取认证Token...
2026-03-04 15:05:00 - auth.token_manager - WARNING - 尝试刷新不存在的Token: service=user, 将重新获取
2026-03-04 15:05:00 - auth.providers.http_auth_provider - INFO - 开始获取Token: service=user, method=GET
2026-03-04 15:05:00 - auth.providers.http_auth_provider - INFO - Token获取成功: service=user, expires_at=2026-03-04T15:05:01.280751
2026-03-04 15:05:00 - auth.token_manager - INFO - 强制刷新Token成功: service=user
2026-03-04 15:05:00 - auth.cache - INFO - Token已缓存: service=user, expires_at=2026-03-04 15:05:01.280751, remaining=0s
2026-03-04 15:05:00 - auth.token_manager - WARNING - 尝试刷新不存在的Token: service=nurse, 将重新获取
2026-03-04 15:05:00 - auth.providers.http_auth_provider - INFO - 开始获取Token: service=nurse, method=GET
2026-03-04 15:05:00 - auth.providers.http_auth_provider - INFO - Token获取成功: service=nurse, expires_at=2026-03-04T15:05:01.322990
2026-03-04 15:05:00 - auth.token_manager - INFO - 强制刷新Token成功: service=nurse
2026-03-04 15:05:00 - auth.cache - INFO - Token已缓存: service=nurse, expires_at=2026-03-04 15:05:01.322990, remaining=0s
2026-03-04 15:05:00 - auth.token_manager - WARNING - 尝试刷新不存在的Token: service=admin, 将重新获取
2026-03-04 15:05:00 - auth.providers.http_auth_provider - INFO - 开始获取Token: service=admin, method=POST
2026-03-04 15:05:00 - auth.providers.http_auth_provider - INFO - Token获取成功: service=admin, expires_at=2026-03-04T15:05:01.508390
2026-03-04 15:05:00 - auth.token_manager - INFO - 强制刷新Token成功: service=admin
2026-03-04 15:05:00 - auth.cache - INFO - Token已缓存: service=admin, expires_at=2026-03-04 15:05:01.508390, remaining=0s
2026-03-04 15:05:00 - __main__ - INFO - Step 3: 执行接口监控...
2026-03-04 15:05:00 - monitor.monitor_engine - INFO - 开始执行监控: 663个接口，5线程并发
2026-03-04 15:05:00 - monitor.monitor_engine - INFO - 请求间隔: 500ms
2026-03-04 15:05:09 - monitor.monitor_engine - INFO - 监控执行完成: 总数=663, 成功=196, 失败=467, 成功率=29.6%, P95响应时间=0.10s, 耗时=8.66s
2026-03-04 15:05:09 - __main__ - INFO - 接口监控执行时间: 8.67秒 (663个接口)
2026-03-04 15:05:09 - __main__ - INFO - Step 4: 分析监控结果...
2026-03-04 15:05:09 - analyzer.result_analyzer - INFO - 开始分析 663 个监控结果
2026-03-04 15:05:09 - analyzer.aggregators.error_aggregator - INFO - 开始聚合 467 个异常结果
2026-03-04 15:05:09 - analyzer.aggregators.error_aggregator - INFO - 聚合完成，共 464 种异常类型
2026-03-04 15:05:09 - analyzer.aggregators.stats_aggregator - INFO - 开始统计 663 个监控结果
2026-03-04 15:05:09 - analyzer.aggregators.stats_aggregator - INFO - 统计完成: 总数=663, 成功率=29.56%
2026-03-04 15:05:09 - analyzer.alert_logic - INFO - 发现500错误，触发异常告警: Heatmap
2026-03-04 15:05:09 - analyzer.alert_logic - INFO - 开始过滤告警错误，总错误数: 464
2026-03-04 15:05:09 - analyzer.alert_logic - INFO -   -> 通过error_type匹配: HTTP_500
2026-03-04 15:05:09 - analyzer.alert_logic - INFO -   -> 通过error_type匹配: HTTP_500
2026-03-04 15:05:09 - analyzer.alert_logic - INFO -   -> 通过error_type匹配: HTTP_404
2026-03-04 15:05:09 - analyzer.alert_logic - INFO -   -> 通过error_type匹配: HTTP_404
2026-03-04 15:05:09 - analyzer.alert_logic - INFO - 过滤完成，告警错误数: 4
2026-03-04 15:05:09 - analyzer.alert_logic - INFO - 被过滤的告警错误列表:
2026-03-04 15:05:09 - analyzer.alert_logic - INFO -   1. Heatmap - HTTP_500 (HTTP 500)
2026-03-04 15:05:09 - analyzer.alert_logic - INFO -   2. {Batchid} - HTTP_500 (HTTP 500)
2026-03-04 15:05:09 - analyzer.alert_logic - INFO -   3. Upload - HTTP_404 (HTTP 404)
2026-03-04 15:05:09 - analyzer.alert_logic - INFO -   4. Upload - HTTP_404 (HTTP 404)
2026-03-04 15:05:09 - analyzer.alert_logic - INFO - 准备发送告警: 类型=error, 优先级=CRITICAL, 接收人=5个, 告警错误=4个
2026-03-04 15:05:09 - analyzer.result_analyzer - INFO - 分析完成: 总数=663, 成功=196, 失败=467, 异常类型=464, 需要告警=True, 告警摘要=2个500错误，2个404错误
2026-03-04 15:05:09 - __main__ - INFO - 分析耗时: 0.00秒
2026-03-04 15:05:09 - __main__ - INFO - Step 5: 发送监控报告...
2026-03-04 15:05:09 - __main__ - INFO - 发现严重错误，发送告警通知
2026-03-04 15:05:09 - notifier.wechat_notifier - INFO - 开始发送监控报告
2026-03-04 15:05:09 - notifier.webhook_client - INFO - 发送企业微信消息 (尝试 1/3)
2026-03-04 15:05:09 - notifier.webhook_client - INFO - 消息发送成功: N/A
2026-03-04 15:05:09 - notifier.wechat_notifier - INFO - 监控报告发送成功: message_id=, retry_count=0
2026-03-04 15:05:09 - __main__ - INFO - 监控报告发送成功
2026-03-04 15:05:09 - __main__ - INFO - ============================================================
2026-03-04 15:05:09 - __main__ - INFO - 监控周期完成: 2026-03-04 15:05:09
2026-03-04 15:05:09 - __main__ - INFO - 总耗时: 9.28秒 (监控执行: 8.67秒, 分析: 0.00秒)
2026-03-04 15:05:09 - __main__ - INFO - 接口总数: 663
2026-03-04 15:05:09 - __main__ - INFO - 成功: 196
2026-03-04 15:05:09 - __main__ - INFO - 失败: 467
2026-03-04 15:05:09 - __main__ - INFO - 成功率: 29.56%
2026-03-04 15:05:09 - __main__ - INFO - 平均响应时间: 0.05秒
2026-03-04 15:05:09 - __main__ - INFO - 状态码分布:
2026-03-04 15:05:09 - __main__ - INFO -   HTTP 200: 196次 (29.6%)
2026-03-04 15:05:09 - __main__ - INFO -   HTTP 400: 373次 (56.3%)
2026-03-04 15:05:09 - __main__ - INFO -   HTTP 401: 87次 (13.1%)
2026-03-04 15:05:09 - __main__ - INFO -   HTTP 404: 2次 (0.3%)
2026-03-04 15:05:09 - __main__ - INFO -   HTTP 405: 1次 (0.2%)
2026-03-04 15:05:09 - __main__ - INFO -   HTTP 415: 2次 (0.3%)
2026-03-04 15:05:09 - __main__ - INFO -   HTTP 500: 2次 (0.3%)
2026-03-04 15:05:09 - __main__ - INFO - ============================================================
2026-03-04 15:05:09 - __main__ - INFO - 下次执行时间: 2026-03-04 15:10:00
2026-03-04 15:10:00 - __main__ - INFO - 开始执行监控周期: 2026-03-04 15:10:00
2026-03-04 15:10:00 - __main__ - INFO - ============================================================
2026-03-04 15:10:00 - __main__ - INFO - 开始监控周期: 2026-03-04 15:10:00
2026-03-04 15:10:00 - __main__ - INFO - ============================================================
2026-03-04 15:10:00 - __main__ - INFO - Step 1: 扫描接口文档...
2026-03-04 15:10:00 - scanner.interface_scanner - INFO - 开始扫描目录: D:\Dev\interface_monitoring\Interface-pool
2026-03-04 15:10:00 - scanner.interface_scanner - INFO - 实际扫描到的文件: 663
2026-03-04 15:10:00 - scanner.interface_scanner - INFO -   1. D:\Dev\interface_monitoring\Interface-pool\user\JPush推送\发送推送_OpenAPI.json
2026-03-04 15:10:00 - scanner.interface_scanner - INFO -   2. D:\Dev\interface_monitoring\Interface-pool\user\Oss管理\同步上传文件到OSS_OpenAPI.json
2026-03-04 15:10:00 - scanner.interface_scanner - INFO -   3. D:\Dev\interface_monitoring\Interface-pool\user\Oss管理\批量同步上传文件到OSS_OpenAPI.json
2026-03-04 15:10:00 - scanner.interface_scanner - INFO -   4. D:\Dev\interface_monitoring\Interface-pool\user\价格计算\个体价格计算_OpenAPI.json
2026-03-04 15:10:00 - scanner.interface_scanner - INFO -   5. D:\Dev\interface_monitoring\Interface-pool\user\价格计算\团体价格计算_OpenAPI.json
2026-03-04 15:10:00 - scanner.interface_scanner - INFO -   ... 还有 658 个文件
2026-03-04 15:10:00 - scanner.interface_scanner - INFO - 找到 663 个接口文档文件
2026-03-04 15:10:00 - scanner.interface_scanner - INFO - 扫描完成，共发现 663 个接口
2026-03-04 15:10:00 - __main__ - INFO - 发现 663 个接口
2026-03-04 15:10:00 - __main__ - INFO - Step 2: 获取认证Token...
2026-03-04 15:10:00 - auth.token_manager - WARNING - 尝试刷新不存在的Token: service=user, 将重新获取
2026-03-04 15:10:00 - auth.providers.http_auth_provider - INFO - 开始获取Token: service=user, method=GET
2026-03-04 15:10:00 - auth.providers.http_auth_provider - INFO - Token获取成功: service=user, expires_at=2026-03-04T15:10:01.672927
2026-03-04 15:10:00 - auth.token_manager - INFO - 强制刷新Token成功: service=user
2026-03-04 15:10:00 - auth.cache - INFO - Token已缓存: service=user, expires_at=2026-03-04 15:10:01.672927, remaining=1s
2026-03-04 15:10:00 - auth.token_manager - WARNING - 尝试刷新不存在的Token: service=nurse, 将重新获取
2026-03-04 15:10:00 - auth.providers.http_auth_provider - INFO - 开始获取Token: service=nurse, method=GET
2026-03-04 15:10:00 - auth.providers.http_auth_provider - INFO - Token获取成功: service=nurse, expires_at=2026-03-04T15:10:01.711929
2026-03-04 15:10:00 - auth.token_manager - INFO - 强制刷新Token成功: service=nurse
2026-03-04 15:10:00 - auth.cache - INFO - Token已缓存: service=nurse, expires_at=2026-03-04 15:10:01.711929, remaining=1s
2026-03-04 15:10:00 - auth.token_manager - WARNING - 尝试刷新不存在的Token: service=admin, 将重新获取
2026-03-04 15:10:00 - auth.providers.http_auth_provider - INFO - 开始获取Token: service=admin, method=POST
2026-03-04 15:10:00 - auth.providers.http_auth_provider - INFO - Token获取成功: service=admin, expires_at=2026-03-04T15:10:01.849897
2026-03-04 15:10:00 - auth.token_manager - INFO - 强制刷新Token成功: service=admin
2026-03-04 15:10:00 - auth.cache - INFO - Token已缓存: service=admin, expires_at=2026-03-04 15:10:01.849897, remaining=0s
2026-03-04 15:10:00 - __main__ - INFO - Step 3: 执行接口监控...
2026-03-04 15:10:00 - monitor.monitor_engine - INFO - 开始执行监控: 663个接口，5线程并发
2026-03-04 15:10:00 - monitor.monitor_engine - INFO - 请求间隔: 500ms
2026-03-04 15:10:05 - monitor.monitor_engine - INFO - 监控执行完成: 总数=663, 成功=197, 失败=466, 成功率=29.7%, P95响应时间=0.05s, 耗时=4.32s
2026-03-04 15:10:05 - __main__ - INFO - 接口监控执行时间: 4.32秒 (663个接口)
2026-03-04 15:10:05 - __main__ - INFO - Step 4: 分析监控结果...
2026-03-04 15:10:05 - analyzer.result_analyzer - INFO - 开始分析 663 个监控结果
2026-03-04 15:10:05 - analyzer.aggregators.error_aggregator - INFO - 开始聚合 466 个异常结果
2026-03-04 15:10:05 - analyzer.aggregators.error_aggregator - INFO - 聚合完成，共 463 种异常类型
2026-03-04 15:10:05 - analyzer.aggregators.stats_aggregator - INFO - 开始统计 663 个监控结果
2026-03-04 15:10:05 - analyzer.aggregators.stats_aggregator - INFO - 统计完成: 总数=663, 成功率=29.71%
2026-03-04 15:10:05 - analyzer.alert_logic - INFO - 发现500错误，触发异常告警: Heatmap
2026-03-04 15:10:05 - analyzer.alert_logic - INFO - 开始过滤告警错误，总错误数: 463
2026-03-04 15:10:05 - analyzer.alert_logic - INFO -   -> 通过error_type匹配: HTTP_500
2026-03-04 15:10:05 - analyzer.alert_logic - INFO -   -> 通过error_type匹配: HTTP_500
2026-03-04 15:10:05 - analyzer.alert_logic - INFO -   -> 通过error_type匹配: HTTP_404
2026-03-04 15:10:05 - analyzer.alert_logic - INFO -   -> 通过error_type匹配: HTTP_404
2026-03-04 15:10:05 - analyzer.alert_logic - INFO - 过滤完成，告警错误数: 4
2026-03-04 15:10:05 - analyzer.alert_logic - INFO - 被过滤的告警错误列表:
2026-03-04 15:10:05 - analyzer.alert_logic - INFO -   1. Heatmap - HTTP_500 (HTTP 500)
2026-03-04 15:10:05 - analyzer.alert_logic - INFO -   2. {Batchid} - HTTP_500 (HTTP 500)
2026-03-04 15:10:05 - analyzer.alert_logic - INFO -   3. Upload - HTTP_404 (HTTP 404)
2026-03-04 15:10:05 - analyzer.alert_logic - INFO -   4. Upload - HTTP_404 (HTTP 404)
2026-03-04 15:10:05 - analyzer.alert_logic - INFO - 准备发送告警: 类型=error, 优先级=CRITICAL, 接收人=5个, 告警错误=4个
2026-03-04 15:10:05 - analyzer.result_analyzer - INFO - 分析完成: 总数=663, 成功=197, 失败=466, 异常类型=463, 需要告警=True, 告警摘要=2个500错误，2个404错误
2026-03-04 15:10:05 - __main__ - INFO - 分析耗时: 0.00秒
2026-03-04 15:10:05 - __main__ - INFO - Step 5: 发送监控报告...
2026-03-04 15:10:05 - __main__ - INFO - 发现严重错误，发送告警通知
2026-03-04 15:10:05 - notifier.wechat_notifier - INFO - 开始发送监控报告
2026-03-04 15:10:05 - notifier.webhook_client - INFO - 发送企业微信消息 (尝试 1/3)
2026-03-04 15:10:05 - notifier.webhook_client - INFO - 消息发送成功: N/A
2026-03-04 15:10:05 - notifier.wechat_notifier - INFO - 监控报告发送成功: message_id=, retry_count=0
2026-03-04 15:10:05 - __main__ - INFO - 监控报告发送成功
2026-03-04 15:10:05 - __main__ - INFO - ============================================================
2026-03-04 15:10:05 - __main__ - INFO - 监控周期完成: 2026-03-04 15:10:05
2026-03-04 15:10:05 - __main__ - INFO - 总耗时: 4.86秒 (监控执行: 4.32秒, 分析: 0.00秒)
2026-03-04 15:10:05 - __main__ - INFO - 接口总数: 663
2026-03-04 15:10:05 - __main__ - INFO - 成功: 197
2026-03-04 15:10:05 - __main__ - INFO - 失败: 466
2026-03-04 15:10:05 - __main__ - INFO - 成功率: 29.71%
2026-03-04 15:10:05 - __main__ - INFO - 平均响应时间: 0.03秒
2026-03-04 15:10:05 - __main__ - INFO - 状态码分布:
2026-03-04 15:10:05 - __main__ - INFO -   HTTP 200: 197次 (29.7%)
2026-03-04 15:10:05 - __main__ - INFO -   HTTP 400: 373次 (56.3%)
2026-03-04 15:10:05 - __main__ - INFO -   HTTP 401: 86次 (13.0%)
2026-03-04 15:10:05 - __main__ - INFO -   HTTP 404: 2次 (0.3%)
2026-03-04 15:10:05 - __main__ - INFO -   HTTP 405: 1次 (0.2%)
2026-03-04 15:10:05 - __main__ - INFO -   HTTP 415: 2次 (0.3%)
2026-03-04 15:10:05 - __main__ - INFO -   HTTP 500: 2次 (0.3%)
2026-03-04 15:10:05 - __main__ - INFO - ============================================================
2026-03-04 15:10:05 - __main__ - INFO - 下次执行时间: 2026-03-04 15:15:00
2026-03-04 15:15:00 - __main__ - INFO - 开始执行监控周期: 2026-03-04 15:15:00
2026-03-04 15:15:00 - __main__ - INFO - ============================================================
2026-03-04 15:15:00 - __main__ - INFO - 开始监控周期: 2026-03-04 15:15:00
2026-03-04 15:15:00 - __main__ - INFO - ============================================================
2026-03-04 15:15:00 - __main__ - INFO - Step 1: 扫描接口文档...
2026-03-04 15:15:00 - scanner.interface_scanner - INFO - 开始扫描目录: D:\Dev\interface_monitoring\Interface-pool
2026-03-04 15:15:00 - scanner.interface_scanner - INFO - 实际扫描到的文件: 663
2026-03-04 15:15:00 - scanner.interface_scanner - INFO -   1. D:\Dev\interface_monitoring\Interface-pool\user\JPush推送\发送推送_OpenAPI.json
2026-03-04 15:15:00 - scanner.interface_scanner - INFO -   2. D:\Dev\interface_monitoring\Interface-pool\user\Oss管理\同步上传文件到OSS_OpenAPI.json
2026-03-04 15:15:00 - scanner.interface_scanner - INFO -   3. D:\Dev\interface_monitoring\Interface-pool\user\Oss管理\批量同步上传文件到OSS_OpenAPI.json
2026-03-04 15:15:00 - scanner.interface_scanner - INFO -   4. D:\Dev\interface_monitoring\Interface-pool\user\价格计算\个体价格计算_OpenAPI.json
2026-03-04 15:15:00 - scanner.interface_scanner - INFO -   5. D:\Dev\interface_monitoring\Interface-pool\user\价格计算\团体价格计算_OpenAPI.json
2026-03-04 15:15:00 - scanner.interface_scanner - INFO -   ... 还有 658 个文件
2026-03-04 15:15:00 - scanner.interface_scanner - INFO - 找到 663 个接口文档文件
2026-03-04 15:15:00 - scanner.interface_scanner - INFO - 扫描完成，共发现 663 个接口
2026-03-04 15:15:00 - __main__ - INFO - 发现 663 个接口
2026-03-04 15:15:00 - __main__ - INFO - Step 2: 获取认证Token...
2026-03-04 15:15:00 - auth.token_manager - WARNING - 尝试刷新不存在的Token: service=user, 将重新获取
2026-03-04 15:15:00 - auth.providers.http_auth_provider - INFO - 开始获取Token: service=user, method=GET
2026-03-04 15:15:00 - auth.providers.http_auth_provider - INFO - Token获取成功: service=user, expires_at=2026-03-04T15:15:01.645230
2026-03-04 15:15:00 - auth.token_manager - INFO - 强制刷新Token成功: service=user
2026-03-04 15:15:00 - auth.cache - INFO - Token已缓存: service=user, expires_at=2026-03-04 15:15:01.645230, remaining=1s
2026-03-04 15:15:00 - auth.token_manager - WARNING - 尝试刷新不存在的Token: service=nurse, 将重新获取
2026-03-04 15:15:00 - auth.providers.http_auth_provider - INFO - 开始获取Token: service=nurse, method=GET
2026-03-04 15:15:00 - auth.providers.http_auth_provider - INFO - Token获取成功: service=nurse, expires_at=2026-03-04T15:15:01.694527
2026-03-04 15:15:00 - auth.token_manager - INFO - 强制刷新Token成功: service=nurse
2026-03-04 15:15:00 - auth.cache - INFO - Token已缓存: service=nurse, expires_at=2026-03-04 15:15:01.694527, remaining=1s
2026-03-04 15:15:00 - auth.token_manager - WARNING - 尝试刷新不存在的Token: service=admin, 将重新获取
2026-03-04 15:15:00 - auth.providers.http_auth_provider - INFO - 开始获取Token: service=admin, method=POST
2026-03-04 15:15:01 - auth.providers.http_auth_provider - INFO - Token获取成功: service=admin, expires_at=2026-03-04T15:15:02.013265
2026-03-04 15:15:01 - auth.token_manager - INFO - 强制刷新Token成功: service=admin
2026-03-04 15:15:01 - auth.cache - INFO - Token已缓存: service=admin, expires_at=2026-03-04 15:15:02.013265, remaining=0s
2026-03-04 15:15:01 - __main__ - INFO - Step 3: 执行接口监控...
2026-03-04 15:15:01 - monitor.monitor_engine - INFO - 开始执行监控: 663个接口，5线程并发
2026-03-04 15:15:01 - monitor.monitor_engine - INFO - 请求间隔: 500ms
2026-03-04 15:15:05 - monitor.monitor_engine - INFO - 监控执行完成: 总数=663, 成功=197, 失败=466, 成功率=29.7%, P95响应时间=0.05s, 耗时=4.66s
2026-03-04 15:15:05 - __main__ - INFO - 接口监控执行时间: 4.66秒 (663个接口)
2026-03-04 15:15:05 - __main__ - INFO - Step 4: 分析监控结果...
2026-03-04 15:15:05 - analyzer.result_analyzer - INFO - 开始分析 663 个监控结果
2026-03-04 15:15:05 - analyzer.aggregators.error_aggregator - INFO - 开始聚合 466 个异常结果
2026-03-04 15:15:05 - analyzer.aggregators.error_aggregator - INFO - 聚合完成，共 463 种异常类型
2026-03-04 15:15:05 - analyzer.aggregators.stats_aggregator - INFO - 开始统计 663 个监控结果
2026-03-04 15:15:05 - analyzer.aggregators.stats_aggregator - INFO - 统计完成: 总数=663, 成功率=29.71%
2026-03-04 15:15:05 - analyzer.alert_logic - INFO - 发现500错误，触发异常告警: Heatmap
2026-03-04 15:15:05 - analyzer.alert_logic - INFO - 开始过滤告警错误，总错误数: 463
2026-03-04 15:15:05 - analyzer.alert_logic - INFO -   -> 通过error_type匹配: HTTP_500
2026-03-04 15:15:05 - analyzer.alert_logic - INFO -   -> 通过error_type匹配: HTTP_500
2026-03-04 15:15:05 - analyzer.alert_logic - INFO -   -> 通过error_type匹配: HTTP_404
2026-03-04 15:15:05 - analyzer.alert_logic - INFO -   -> 通过error_type匹配: HTTP_404
2026-03-04 15:15:05 - analyzer.alert_logic - INFO - 过滤完成，告警错误数: 4
2026-03-04 15:15:05 - analyzer.alert_logic - INFO - 被过滤的告警错误列表:
2026-03-04 15:15:05 - analyzer.alert_logic - INFO -   1. Heatmap - HTTP_500 (HTTP 500)
2026-03-04 15:15:05 - analyzer.alert_logic - INFO -   2. {Batchid} - HTTP_500 (HTTP 500)
2026-03-04 15:15:05 - analyzer.alert_logic - INFO -   3. Upload - HTTP_404 (HTTP 404)
2026-03-04 15:15:05 - analyzer.alert_logic - INFO -   4. Upload - HTTP_404 (HTTP 404)
2026-03-04 15:15:05 - analyzer.alert_logic - INFO - 准备发送告警: 类型=error, 优先级=CRITICAL, 接收人=5个, 告警错误=4个
2026-03-04 15:15:05 - analyzer.result_analyzer - INFO - 分析完成: 总数=663, 成功=197, 失败=466, 异常类型=463, 需要告警=True, 告警摘要=2个500错误，2个404错误
2026-03-04 15:15:05 - __main__ - INFO - 分析耗时: 0.01秒
2026-03-04 15:15:05 - __main__ - INFO - Step 5: 发送监控报告...
2026-03-04 15:15:05 - __main__ - INFO - 发现严重错误，发送告警通知
2026-03-04 15:15:05 - notifier.wechat_notifier - INFO - 开始发送监控报告
2026-03-04 15:15:05 - notifier.webhook_client - INFO - 发送企业微信消息 (尝试 1/3)
2026-03-04 15:15:05 - notifier.webhook_client - INFO - 消息发送成功: N/A
2026-03-04 15:15:05 - notifier.wechat_notifier - INFO - 监控报告发送成功: message_id=, retry_count=0
2026-03-04 15:15:05 - __main__ - INFO - 监控报告发送成功
2026-03-04 15:15:05 - __main__ - INFO - ============================================================
2026-03-04 15:15:05 - __main__ - INFO - 监控周期完成: 2026-03-04 15:15:05
2026-03-04 15:15:05 - __main__ - INFO - 总耗时: 5.38秒 (监控执行: 4.66秒, 分析: 0.01秒)
2026-03-04 15:15:05 - __main__ - INFO - 接口总数: 663
2026-03-04 15:15:05 - __main__ - INFO - 成功: 197
2026-03-04 15:15:05 - __main__ - INFO - 失败: 466
2026-03-04 15:15:05 - __main__ - INFO - 成功率: 29.71%
2026-03-04 15:15:05 - __main__ - INFO - 平均响应时间: 0.03秒
2026-03-04 15:15:05 - __main__ - INFO - 状态码分布:
2026-03-04 15:15:05 - __main__ - INFO -   HTTP 200: 197次 (29.7%)
2026-03-04 15:15:05 - __main__ - INFO -   HTTP 400: 374次 (56.4%)
2026-03-04 15:15:05 - __main__ - INFO -   HTTP 401: 85次 (12.8%)
2026-03-04 15:15:05 - __main__ - INFO -   HTTP 404: 2次 (0.3%)
2026-03-04 15:15:05 - __main__ - INFO -   HTTP 405: 1次 (0.2%)
2026-03-04 15:15:05 - __main__ - INFO -   HTTP 415: 2次 (0.3%)
2026-03-04 15:15:05 - __main__ - INFO -   HTTP 500: 2次 (0.3%)
2026-03-04 15:15:05 - __main__ - INFO - ============================================================
2026-03-04 15:15:05 - __main__ - INFO - 下次执行时间: 2026-03-04 15:20:00
2026-03-04 15:20:00 - __main__ - INFO - 开始执行监控周期: 2026-03-04 15:20:00
2026-03-04 15:20:00 - __main__ - INFO - ============================================================
2026-03-04 15:20:00 - __main__ - INFO - 开始监控周期: 2026-03-04 15:20:00
2026-03-04 15:20:00 - __main__ - INFO - ============================================================
2026-03-04 15:20:00 - __main__ - INFO - Step 1: 扫描接口文档...
2026-03-04 15:20:00 - scanner.interface_scanner - INFO - 开始扫描目录: D:\Dev\interface_monitoring\Interface-pool
2026-03-04 15:20:01 - scanner.interface_scanner - INFO - 实际扫描到的文件: 663
2026-03-04 15:20:01 - scanner.interface_scanner - INFO -   1. D:\Dev\interface_monitoring\Interface-pool\user\JPush推送\发送推送_OpenAPI.json
2026-03-04 15:20:01 - scanner.interface_scanner - INFO -   2. D:\Dev\interface_monitoring\Interface-pool\user\Oss管理\同步上传文件到OSS_OpenAPI.json
2026-03-04 15:20:01 - scanner.interface_scanner - INFO -   3. D:\Dev\interface_monitoring\Interface-pool\user\Oss管理\批量同步上传文件到OSS_OpenAPI.json
2026-03-04 15:20:01 - scanner.interface_scanner - INFO -   4. D:\Dev\interface_monitoring\Interface-pool\user\价格计算\个体价格计算_OpenAPI.json
2026-03-04 15:20:01 - scanner.interface_scanner - INFO -   5. D:\Dev\interface_monitoring\Interface-pool\user\价格计算\团体价格计算_OpenAPI.json
2026-03-04 15:20:01 - scanner.interface_scanner - INFO -   ... 还有 658 个文件
2026-03-04 15:20:01 - scanner.interface_scanner - INFO - 找到 663 个接口文档文件
2026-03-04 15:20:01 - scanner.interface_scanner - INFO - 扫描完成，共发现 663 个接口
2026-03-04 15:20:01 - __main__ - INFO - 发现 663 个接口
2026-03-04 15:20:01 - __main__ - INFO - Step 2: 获取认证Token...
2026-03-04 15:20:01 - auth.token_manager - WARNING - 尝试刷新不存在的Token: service=user, 将重新获取
2026-03-04 15:20:01 - auth.providers.http_auth_provider - INFO - 开始获取Token: service=user, method=GET
2026-03-04 15:20:01 - auth.providers.http_auth_provider - INFO - Token获取成功: service=user, expires_at=2026-03-04T15:20:02.131484
2026-03-04 15:20:01 - auth.token_manager - INFO - 强制刷新Token成功: service=user
2026-03-04 15:20:01 - auth.cache - INFO - Token已缓存: service=user, expires_at=2026-03-04 15:20:02.131484, remaining=1s
2026-03-04 15:20:01 - auth.token_manager - WARNING - 尝试刷新不存在的Token: service=nurse, 将重新获取
2026-03-04 15:20:01 - auth.providers.http_auth_provider - INFO - 开始获取Token: service=nurse, method=GET
2026-03-04 15:20:01 - auth.providers.http_auth_provider - INFO - Token获取成功: service=nurse, expires_at=2026-03-04T15:20:02.177711
2026-03-04 15:20:01 - auth.token_manager - INFO - 强制刷新Token成功: service=nurse
2026-03-04 15:20:01 - auth.cache - INFO - Token已缓存: service=nurse, expires_at=2026-03-04 15:20:02.177711, remaining=1s
2026-03-04 15:20:01 - auth.token_manager - WARNING - 尝试刷新不存在的Token: service=admin, 将重新获取
2026-03-04 15:20:01 - auth.providers.http_auth_provider - INFO - 开始获取Token: service=admin, method=POST
2026-03-04 15:20:01 - auth.providers.http_auth_provider - INFO - Token获取成功: service=admin, expires_at=2026-03-04T15:20:02.315177
2026-03-04 15:20:01 - auth.token_manager - INFO - 强制刷新Token成功: service=admin
2026-03-04 15:20:01 - auth.cache - INFO - Token已缓存: service=admin, expires_at=2026-03-04 15:20:02.315177, remaining=0s
2026-03-04 15:20:01 - __main__ - INFO - Step 3: 执行接口监控...
2026-03-04 15:20:01 - monitor.monitor_engine - INFO - 开始执行监控: 663个接口，5线程并发
2026-03-04 15:20:01 - monitor.monitor_engine - INFO - 请求间隔: 500ms
2026-03-04 15:20:06 - monitor.monitor_engine - INFO - 监控执行完成: 总数=663, 成功=195, 失败=468, 成功率=29.4%, P95响应时间=0.05s, 耗时=4.96s
2026-03-04 15:20:06 - __main__ - INFO - 接口监控执行时间: 4.96秒 (663个接口)
2026-03-04 15:20:06 - __main__ - INFO - Step 4: 分析监控结果...
2026-03-04 15:20:06 - analyzer.result_analyzer - INFO - 开始分析 663 个监控结果
2026-03-04 15:20:06 - analyzer.aggregators.error_aggregator - INFO - 开始聚合 468 个异常结果
2026-03-04 15:20:06 - analyzer.aggregators.error_aggregator - INFO - 聚合完成，共 465 种异常类型
2026-03-04 15:20:06 - analyzer.aggregators.stats_aggregator - INFO - 开始统计 663 个监控结果
2026-03-04 15:20:06 - analyzer.aggregators.stats_aggregator - INFO - 统计完成: 总数=663, 成功率=29.41%
2026-03-04 15:20:06 - analyzer.alert_logic - INFO - 发现500错误，触发异常告警: Heatmap
2026-03-04 15:20:06 - analyzer.alert_logic - INFO - 开始过滤告警错误，总错误数: 465
2026-03-04 15:20:06 - analyzer.alert_logic - INFO -   -> 通过error_type匹配: HTTP_500
2026-03-04 15:20:06 - analyzer.alert_logic - INFO -   -> 通过error_type匹配: HTTP_500
2026-03-04 15:20:06 - analyzer.alert_logic - INFO -   -> 通过error_type匹配: HTTP_404
2026-03-04 15:20:06 - analyzer.alert_logic - INFO -   -> 通过error_type匹配: HTTP_404
2026-03-04 15:20:06 - analyzer.alert_logic - INFO - 过滤完成，告警错误数: 4
2026-03-04 15:20:06 - analyzer.alert_logic - INFO - 被过滤的告警错误列表:
2026-03-04 15:20:06 - analyzer.alert_logic - INFO -   1. Heatmap - HTTP_500 (HTTP 500)
2026-03-04 15:20:06 - analyzer.alert_logic - INFO -   2. {Batchid} - HTTP_500 (HTTP 500)
2026-03-04 15:20:06 - analyzer.alert_logic - INFO -   3. Upload - HTTP_404 (HTTP 404)
2026-03-04 15:20:06 - analyzer.alert_logic - INFO -   4. Upload - HTTP_404 (HTTP 404)
2026-03-04 15:20:06 - analyzer.alert_logic - INFO - 准备发送告警: 类型=error, 优先级=CRITICAL, 接收人=5个, 告警错误=4个
2026-03-04 15:20:06 - analyzer.result_analyzer - INFO - 分析完成: 总数=663, 成功=195, 失败=468, 异常类型=465, 需要告警=True, 告警摘要=2个500错误，2个404错误
2026-03-04 15:20:06 - __main__ - INFO - 分析耗时: 0.00秒
2026-03-04 15:20:06 - __main__ - INFO - Step 5: 发送监控报告...
2026-03-04 15:20:06 - __main__ - INFO - 发现严重错误，发送告警通知
2026-03-04 15:20:06 - notifier.wechat_notifier - INFO - 开始发送监控报告
2026-03-04 15:20:06 - notifier.webhook_client - INFO - 发送企业微信消息 (尝试 1/3)
2026-03-04 15:20:06 - notifier.webhook_client - INFO - 消息发送成功: N/A
2026-03-04 15:20:06 - notifier.wechat_notifier - INFO - 监控报告发送成功: message_id=, retry_count=0
2026-03-04 15:20:06 - __main__ - INFO - 监控报告发送成功
2026-03-04 15:20:06 - __main__ - INFO - ============================================================
2026-03-04 15:20:06 - __main__ - INFO - 监控周期完成: 2026-03-04 15:20:06
2026-03-04 15:20:06 - __main__ - INFO - 总耗时: 5.50秒 (监控执行: 4.96秒, 分析: 0.00秒)
2026-03-04 15:20:06 - __main__ - INFO - 接口总数: 663
2026-03-04 15:20:06 - __main__ - INFO - 成功: 195
2026-03-04 15:20:06 - __main__ - INFO - 失败: 468
2026-03-04 15:20:06 - __main__ - INFO - 成功率: 29.41%
2026-03-04 15:20:06 - __main__ - INFO - 平均响应时间: 0.03秒
2026-03-04 15:20:06 - __main__ - INFO - 状态码分布:
2026-03-04 15:20:06 - __main__ - INFO -   HTTP 200: 195次 (29.4%)
2026-03-04 15:20:06 - __main__ - INFO -   HTTP 400: 372次 (56.1%)
2026-03-04 15:20:06 - __main__ - INFO -   HTTP 401: 89次 (13.4%)
2026-03-04 15:20:06 - __main__ - INFO -   HTTP 404: 2次 (0.3%)
2026-03-04 15:20:06 - __main__ - INFO -   HTTP 405: 1次 (0.2%)
2026-03-04 15:20:06 - __main__ - INFO -   HTTP 415: 2次 (0.3%)
2026-03-04 15:20:06 - __main__ - INFO -   HTTP 500: 2次 (0.3%)
2026-03-04 15:20:06 - __main__ - INFO - ============================================================
2026-03-04 15:20:06 - __main__ - INFO - 下次执行时间: 2026-03-04 15:25:00
2026-03-04 15:25:00 - __main__ - INFO - 开始执行监控周期: 2026-03-04 15:25:00
2026-03-04 15:25:00 - __main__ - INFO - ============================================================
2026-03-04 15:25:00 - __main__ - INFO - 开始监控周期: 2026-03-04 15:25:00
2026-03-04 15:25:00 - __main__ - INFO - ============================================================
2026-03-04 15:25:00 - __main__ - INFO - Step 1: 扫描接口文档...
2026-03-04 15:25:00 - scanner.interface_scanner - INFO - 开始扫描目录: D:\Dev\interface_monitoring\Interface-pool
2026-03-04 15:25:00 - scanner.interface_scanner - INFO - 实际扫描到的文件: 663
2026-03-04 15:25:00 - scanner.interface_scanner - INFO -   1. D:\Dev\interface_monitoring\Interface-pool\user\JPush推送\发送推送_OpenAPI.json
2026-03-04 15:25:00 - scanner.interface_scanner - INFO -   2. D:\Dev\interface_monitoring\Interface-pool\user\Oss管理\同步上传文件到OSS_OpenAPI.json
2026-03-04 15:25:00 - scanner.interface_scanner - INFO -   3. D:\Dev\interface_monitoring\Interface-pool\user\Oss管理\批量同步上传文件到OSS_OpenAPI.json
2026-03-04 15:25:00 - scanner.interface_scanner - INFO -   4. D:\Dev\interface_monitoring\Interface-pool\user\价格计算\个体价格计算_OpenAPI.json
2026-03-04 15:25:00 - scanner.interface_scanner - INFO -   5. D:\Dev\interface_monitoring\Interface-pool\user\价格计算\团体价格计算_OpenAPI.json
2026-03-04 15:25:00 - scanner.interface_scanner - INFO -   ... 还有 658 个文件
2026-03-04 15:25:00 - scanner.interface_scanner - INFO - 找到 663 个接口文档文件
2026-03-04 15:25:00 - scanner.interface_scanner - INFO - 扫描完成，共发现 663 个接口
2026-03-04 15:25:00 - __main__ - INFO - 发现 663 个接口
2026-03-04 15:25:00 - __main__ - INFO - Step 2: 获取认证Token...
2026-03-04 15:25:00 - auth.token_manager - WARNING - 尝试刷新不存在的Token: service=user, 将重新获取
2026-03-04 15:25:00 - auth.providers.http_auth_provider - INFO - 开始获取Token: service=user, method=GET
2026-03-04 15:25:00 - auth.providers.http_auth_provider - INFO - Token获取成功: service=user, expires_at=2026-03-04T15:25:01.803648
2026-03-04 15:25:00 - auth.token_manager - INFO - 强制刷新Token成功: service=user
2026-03-04 15:25:00 - auth.cache - INFO - Token已缓存: service=user, expires_at=2026-03-04 15:25:01.803648, remaining=1s
2026-03-04 15:25:00 - auth.token_manager - WARNING - 尝试刷新不存在的Token: service=nurse, 将重新获取
2026-03-04 15:25:00 - auth.providers.http_auth_provider - INFO - 开始获取Token: service=nurse, method=GET
2026-03-04 15:25:00 - auth.providers.http_auth_provider - INFO - Token获取成功: service=nurse, expires_at=2026-03-04T15:25:01.864894
2026-03-04 15:25:00 - auth.token_manager - INFO - 强制刷新Token成功: service=nurse
2026-03-04 15:25:00 - auth.cache - INFO - Token已缓存: service=nurse, expires_at=2026-03-04 15:25:01.864894, remaining=0s
2026-03-04 15:25:00 - auth.token_manager - WARNING - 尝试刷新不存在的Token: service=admin, 将重新获取
2026-03-04 15:25:00 - auth.providers.http_auth_provider - INFO - 开始获取Token: service=admin, method=POST
2026-03-04 15:25:01 - auth.providers.http_auth_provider - INFO - Token获取成功: service=admin, expires_at=2026-03-04T15:25:02.007137
2026-03-04 15:25:01 - auth.token_manager - INFO - 强制刷新Token成功: service=admin
2026-03-04 15:25:01 - auth.cache - INFO - Token已缓存: service=admin, expires_at=2026-03-04 15:25:02.007137, remaining=0s
2026-03-04 15:25:01 - __main__ - INFO - Step 3: 执行接口监控...
2026-03-04 15:25:01 - monitor.monitor_engine - INFO - 开始执行监控: 663个接口，5线程并发
2026-03-04 15:25:01 - monitor.monitor_engine - INFO - 请求间隔: 500ms
2026-03-04 15:25:05 - monitor.monitor_engine - INFO - 监控执行完成: 总数=663, 成功=197, 失败=466, 成功率=29.7%, P95响应时间=0.05s, 耗时=4.34s
2026-03-04 15:25:05 - __main__ - INFO - 接口监控执行时间: 4.34秒 (663个接口)
2026-03-04 15:25:05 - __main__ - INFO - Step 4: 分析监控结果...
2026-03-04 15:25:05 - analyzer.result_analyzer - INFO - 开始分析 663 个监控结果
2026-03-04 15:25:05 - analyzer.aggregators.error_aggregator - INFO - 开始聚合 466 个异常结果
2026-03-04 15:25:05 - analyzer.aggregators.error_aggregator - INFO - 聚合完成，共 463 种异常类型
2026-03-04 15:25:05 - analyzer.aggregators.stats_aggregator - INFO - 开始统计 663 个监控结果
2026-03-04 15:25:05 - analyzer.aggregators.stats_aggregator - INFO - 统计完成: 总数=663, 成功率=29.71%
2026-03-04 15:25:05 - analyzer.alert_logic - INFO - 发现500错误，触发异常告警: Heatmap
2026-03-04 15:25:05 - analyzer.alert_logic - INFO - 开始过滤告警错误，总错误数: 463
2026-03-04 15:25:05 - analyzer.alert_logic - INFO -   -> 通过error_type匹配: HTTP_500
2026-03-04 15:25:05 - analyzer.alert_logic - INFO -   -> 通过error_type匹配: HTTP_500
2026-03-04 15:25:05 - analyzer.alert_logic - INFO -   -> 通过error_type匹配: HTTP_404
2026-03-04 15:25:05 - analyzer.alert_logic - INFO -   -> 通过error_type匹配: HTTP_404
2026-03-04 15:25:05 - analyzer.alert_logic - INFO - 过滤完成，告警错误数: 4
2026-03-04 15:25:05 - analyzer.alert_logic - INFO - 被过滤的告警错误列表:
2026-03-04 15:25:05 - analyzer.alert_logic - INFO -   1. Heatmap - HTTP_500 (HTTP 500)
2026-03-04 15:25:05 - analyzer.alert_logic - INFO -   2. {Batchid} - HTTP_500 (HTTP 500)
2026-03-04 15:25:05 - analyzer.alert_logic - INFO -   3. Upload - HTTP_404 (HTTP 404)
2026-03-04 15:25:05 - analyzer.alert_logic - INFO -   4. Upload - HTTP_404 (HTTP 404)
2026-03-04 15:25:05 - analyzer.alert_logic - INFO - 准备发送告警: 类型=error, 优先级=CRITICAL, 接收人=5个, 告警错误=4个
2026-03-04 15:25:05 - analyzer.result_analyzer - INFO - 分析完成: 总数=663, 成功=197, 失败=466, 异常类型=463, 需要告警=True, 告警摘要=2个500错误，2个404错误
2026-03-04 15:25:05 - __main__ - INFO - 分析耗时: 0.01秒
2026-03-04 15:25:05 - __main__ - INFO - Step 5: 发送监控报告...
2026-03-04 15:25:05 - __main__ - INFO - 发现严重错误，发送告警通知
2026-03-04 15:25:05 - notifier.wechat_notifier - INFO - 开始发送监控报告
2026-03-04 15:25:05 - notifier.webhook_client - INFO - 发送企业微信消息 (尝试 1/3)
2026-03-04 15:25:05 - notifier.webhook_client - INFO - 消息发送成功: N/A
2026-03-04 15:25:05 - notifier.wechat_notifier - INFO - 监控报告发送成功: message_id=, retry_count=0
2026-03-04 15:25:05 - __main__ - INFO - 监控报告发送成功
2026-03-04 15:25:05 - __main__ - INFO - ============================================================
2026-03-04 15:25:05 - __main__ - INFO - 监控周期完成: 2026-03-04 15:25:05
2026-03-04 15:25:05 - __main__ - INFO - 总耗时: 4.92秒 (监控执行: 4.34秒, 分析: 0.01秒)
2026-03-04 15:25:05 - __main__ - INFO - 接口总数: 663
2026-03-04 15:25:05 - __main__ - INFO - 成功: 197
2026-03-04 15:25:05 - __main__ - INFO - 失败: 466
2026-03-04 15:25:05 - __main__ - INFO - 成功率: 29.71%
2026-03-04 15:25:05 - __main__ - INFO - 平均响应时间: 0.03秒
2026-03-04 15:25:05 - __main__ - INFO - 状态码分布:
2026-03-04 15:25:05 - __main__ - INFO -   HTTP 200: 197次 (29.7%)
2026-03-04 15:25:05 - __main__ - INFO -   HTTP 400: 372次 (56.1%)
2026-03-04 15:25:05 - __main__ - INFO -   HTTP 401: 87次 (13.1%)
2026-03-04 15:25:05 - __main__ - INFO -   HTTP 404: 2次 (0.3%)
2026-03-04 15:25:05 - __main__ - INFO -   HTTP 405: 1次 (0.2%)
2026-03-04 15:25:05 - __main__ - INFO -   HTTP 415: 2次 (0.3%)
2026-03-04 15:25:05 - __main__ - INFO -   HTTP 500: 2次 (0.3%)
2026-03-04 15:25:05 - __main__ - INFO - ============================================================
2026-03-04 15:25:05 - __main__ - INFO - 下次执行时间: 2026-03-04 15:30:00
2026-03-04 15:30:00 - __main__ - INFO - 开始执行监控周期: 2026-03-04 15:30:00
2026-03-04 15:30:00 - __main__ - INFO - ============================================================
2026-03-04 15:30:00 - __main__ - INFO - 开始监控周期: 2026-03-04 15:30:00
2026-03-04 15:30:00 - __main__ - INFO - ============================================================
2026-03-04 15:30:00 - __main__ - INFO - Step 1: 扫描接口文档...
2026-03-04 15:30:00 - scanner.interface_scanner - INFO - 开始扫描目录: D:\Dev\interface_monitoring\Interface-pool
2026-03-04 15:30:00 - scanner.interface_scanner - INFO - 实际扫描到的文件: 663
2026-03-04 15:30:00 - scanner.interface_scanner - INFO -   1. D:\Dev\interface_monitoring\Interface-pool\user\JPush推送\发送推送_OpenAPI.json
2026-03-04 15:30:00 - scanner.interface_scanner - INFO -   2. D:\Dev\interface_monitoring\Interface-pool\user\Oss管理\同步上传文件到OSS_OpenAPI.json
2026-03-04 15:30:00 - scanner.interface_scanner - INFO -   3. D:\Dev\interface_monitoring\Interface-pool\user\Oss管理\批量同步上传文件到OSS_OpenAPI.json
2026-03-04 15:30:00 - scanner.interface_scanner - INFO -   4. D:\Dev\interface_monitoring\Interface-pool\user\价格计算\个体价格计算_OpenAPI.json
2026-03-04 15:30:00 - scanner.interface_scanner - INFO -   5. D:\Dev\interface_monitoring\Interface-pool\user\价格计算\团体价格计算_OpenAPI.json
2026-03-04 15:30:00 - scanner.interface_scanner - INFO -   ... 还有 658 个文件
2026-03-04 15:30:00 - scanner.interface_scanner - INFO - 找到 663 个接口文档文件
2026-03-04 15:30:00 - scanner.interface_scanner - INFO - 扫描完成，共发现 663 个接口
2026-03-04 15:30:00 - __main__ - INFO - 发现 663 个接口
2026-03-04 15:30:00 - __main__ - INFO - Step 2: 获取认证Token...
2026-03-04 15:30:00 - auth.token_manager - WARNING - 尝试刷新不存在的Token: service=user, 将重新获取
2026-03-04 15:30:00 - auth.providers.http_auth_provider - INFO - 开始获取Token: service=user, method=GET
2026-03-04 15:30:00 - auth.providers.http_auth_provider - INFO - Token获取成功: service=user, expires_at=2026-03-04T15:30:01.786035
2026-03-04 15:30:00 - auth.token_manager - INFO - 强制刷新Token成功: service=user
2026-03-04 15:30:00 - auth.cache - INFO - Token已缓存: service=user, expires_at=2026-03-04 15:30:01.786035, remaining=1s
2026-03-04 15:30:00 - auth.token_manager - WARNING - 尝试刷新不存在的Token: service=nurse, 将重新获取
2026-03-04 15:30:00 - auth.providers.http_auth_provider - INFO - 开始获取Token: service=nurse, method=GET
2026-03-04 15:30:00 - auth.providers.http_auth_provider - INFO - Token获取成功: service=nurse, expires_at=2026-03-04T15:30:01.828282
2026-03-04 15:30:00 - auth.token_manager - INFO - 强制刷新Token成功: service=nurse
2026-03-04 15:30:00 - auth.cache - INFO - Token已缓存: service=nurse, expires_at=2026-03-04 15:30:01.828282, remaining=0s
2026-03-04 15:30:00 - auth.token_manager - WARNING - 尝试刷新不存在的Token: service=admin, 将重新获取
2026-03-04 15:30:00 - auth.providers.http_auth_provider - INFO - 开始获取Token: service=admin, method=POST
2026-03-04 15:30:00 - auth.providers.http_auth_provider - INFO - Token获取成功: service=admin, expires_at=2026-03-04T15:30:01.976781
2026-03-04 15:30:00 - auth.token_manager - INFO - 强制刷新Token成功: service=admin
2026-03-04 15:30:00 - auth.cache - INFO - Token已缓存: service=admin, expires_at=2026-03-04 15:30:01.976781, remaining=0s
2026-03-04 15:30:00 - __main__ - INFO - Step 3: 执行接口监控...
2026-03-04 15:30:00 - monitor.monitor_engine - INFO - 开始执行监控: 663个接口，5线程并发
2026-03-04 15:30:00 - monitor.monitor_engine - INFO - 请求间隔: 500ms
2026-03-04 15:30:05 - monitor.monitor_engine - INFO - 监控执行完成: 总数=663, 成功=198, 失败=465, 成功率=29.9%, P95响应时间=0.05s, 耗时=4.17s
2026-03-04 15:30:05 - __main__ - INFO - 接口监控执行时间: 4.18秒 (663个接口)
2026-03-04 15:30:05 - __main__ - INFO - Step 4: 分析监控结果...
2026-03-04 15:30:05 - analyzer.result_analyzer - INFO - 开始分析 663 个监控结果
2026-03-04 15:30:05 - analyzer.aggregators.error_aggregator - INFO - 开始聚合 465 个异常结果
2026-03-04 15:30:05 - analyzer.aggregators.error_aggregator - INFO - 聚合完成，共 462 种异常类型
2026-03-04 15:30:05 - analyzer.aggregators.stats_aggregator - INFO - 开始统计 663 个监控结果
2026-03-04 15:30:05 - analyzer.aggregators.stats_aggregator - INFO - 统计完成: 总数=663, 成功率=29.86%
2026-03-04 15:30:05 - analyzer.alert_logic - INFO - 发现500错误，触发异常告警: Heatmap
2026-03-04 15:30:05 - analyzer.alert_logic - INFO - 开始过滤告警错误，总错误数: 462
2026-03-04 15:30:05 - analyzer.alert_logic - INFO -   -> 通过error_type匹配: HTTP_500
2026-03-04 15:30:05 - analyzer.alert_logic - INFO -   -> 通过error_type匹配: HTTP_500
2026-03-04 15:30:05 - analyzer.alert_logic - INFO -   -> 通过error_type匹配: HTTP_404
2026-03-04 15:30:05 - analyzer.alert_logic - INFO -   -> 通过error_type匹配: HTTP_404
2026-03-04 15:30:05 - analyzer.alert_logic - INFO - 过滤完成，告警错误数: 4
2026-03-04 15:30:05 - analyzer.alert_logic - INFO - 被过滤的告警错误列表:
2026-03-04 15:30:05 - analyzer.alert_logic - INFO -   1. Heatmap - HTTP_500 (HTTP 500)
2026-03-04 15:30:05 - analyzer.alert_logic - INFO -   2. {Batchid} - HTTP_500 (HTTP 500)
2026-03-04 15:30:05 - analyzer.alert_logic - INFO -   3. Upload - HTTP_404 (HTTP 404)
2026-03-04 15:30:05 - analyzer.alert_logic - INFO -   4. Upload - HTTP_404 (HTTP 404)
2026-03-04 15:30:05 - analyzer.alert_logic - INFO - 准备发送告警: 类型=error, 优先级=CRITICAL, 接收人=5个, 告警错误=4个
2026-03-04 15:30:05 - analyzer.result_analyzer - INFO - 分析完成: 总数=663, 成功=198, 失败=465, 异常类型=462, 需要告警=True, 告警摘要=2个500错误，2个404错误
2026-03-04 15:30:05 - __main__ - INFO - 分析耗时: 0.01秒
2026-03-04 15:30:05 - __main__ - INFO - Step 5: 发送监控报告...
2026-03-04 15:30:05 - __main__ - INFO - 发现严重错误，发送告警通知
2026-03-04 15:30:05 - notifier.wechat_notifier - INFO - 开始发送监控报告
2026-03-04 15:30:05 - notifier.webhook_client - INFO - 发送企业微信消息 (尝试 1/3)
2026-03-04 15:30:05 - notifier.webhook_client - INFO - 消息发送成功: N/A
2026-03-04 15:30:05 - notifier.wechat_notifier - INFO - 监控报告发送成功: message_id=, retry_count=0
2026-03-04 15:30:05 - __main__ - INFO - 监控报告发送成功
2026-03-04 15:30:05 - __main__ - INFO - ============================================================
2026-03-04 15:30:05 - __main__ - INFO - 监控周期完成: 2026-03-04 15:30:05
2026-03-04 15:30:05 - __main__ - INFO - 总耗时: 4.76秒 (监控执行: 4.18秒, 分析: 0.01秒)
2026-03-04 15:30:05 - __main__ - INFO - 接口总数: 663
2026-03-04 15:30:05 - __main__ - INFO - 成功: 198
2026-03-04 15:30:05 - __main__ - INFO - 失败: 465
2026-03-04 15:30:05 - __main__ - INFO - 成功率: 29.86%
2026-03-04 15:30:05 - __main__ - INFO - 平均响应时间: 0.03秒
2026-03-04 15:30:05 - __main__ - INFO - 状态码分布:
2026-03-04 15:30:05 - __main__ - INFO -   HTTP 200: 198次 (29.9%)
2026-03-04 15:30:05 - __main__ - INFO -   HTTP 400: 373次 (56.3%)
2026-03-04 15:30:05 - __main__ - INFO -   HTTP 401: 85次 (12.8%)
2026-03-04 15:30:05 - __main__ - INFO -   HTTP 404: 2次 (0.3%)
2026-03-04 15:30:05 - __main__ - INFO -   HTTP 405: 1次 (0.2%)
2026-03-04 15:30:05 - __main__ - INFO -   HTTP 415: 2次 (0.3%)
2026-03-04 15:30:05 - __main__ - INFO -   HTTP 500: 2次 (0.3%)
2026-03-04 15:30:05 - __main__ - INFO - ============================================================
2026-03-04 15:30:05 - __main__ - INFO - 下次执行时间: 2026-03-04 15:35:00
2026-03-04 15:35:00 - __main__ - INFO - 开始执行监控周期: 2026-03-04 15:35:00
2026-03-04 15:35:00 - __main__ - INFO - ============================================================
2026-03-04 15:35:00 - __main__ - INFO - 开始监控周期: 2026-03-04 15:35:00
2026-03-04 15:35:00 - __main__ - INFO - ============================================================
2026-03-04 15:35:00 - __main__ - INFO - Step 1: 扫描接口文档...
2026-03-04 15:35:00 - scanner.interface_scanner - INFO - 开始扫描目录: D:\Dev\interface_monitoring\Interface-pool
2026-03-04 15:35:00 - scanner.interface_scanner - INFO - 实际扫描到的文件: 663
2026-03-04 15:35:00 - scanner.interface_scanner - INFO -   1. D:\Dev\interface_monitoring\Interface-pool\user\JPush推送\发送推送_OpenAPI.json
2026-03-04 15:35:00 - scanner.interface_scanner - INFO -   2. D:\Dev\interface_monitoring\Interface-pool\user\Oss管理\同步上传文件到OSS_OpenAPI.json
2026-03-04 15:35:00 - scanner.interface_scanner - INFO -   3. D:\Dev\interface_monitoring\Interface-pool\user\Oss管理\批量同步上传文件到OSS_OpenAPI.json
2026-03-04 15:35:00 - scanner.interface_scanner - INFO -   4. D:\Dev\interface_monitoring\Interface-pool\user\价格计算\个体价格计算_OpenAPI.json
2026-03-04 15:35:00 - scanner.interface_scanner - INFO -   5. D:\Dev\interface_monitoring\Interface-pool\user\价格计算\团体价格计算_OpenAPI.json
2026-03-04 15:35:00 - scanner.interface_scanner - INFO -   ... 还有 658 个文件
2026-03-04 15:35:00 - scanner.interface_scanner - INFO - 找到 663 个接口文档文件
2026-03-04 15:35:00 - scanner.interface_scanner - INFO - 扫描完成，共发现 663 个接口
2026-03-04 15:35:00 - __main__ - INFO - 发现 663 个接口
2026-03-04 15:35:00 - __main__ - INFO - Step 2: 获取认证Token...
2026-03-04 15:35:00 - auth.token_manager - WARNING - 尝试刷新不存在的Token: service=user, 将重新获取
2026-03-04 15:35:00 - auth.providers.http_auth_provider - INFO - 开始获取Token: service=user, method=GET
2026-03-04 15:35:00 - auth.providers.http_auth_provider - INFO - Token获取成功: service=user, expires_at=2026-03-04T15:35:01.687722
2026-03-04 15:35:00 - auth.token_manager - INFO - 强制刷新Token成功: service=user
2026-03-04 15:35:00 - auth.cache - INFO - Token已缓存: service=user, expires_at=2026-03-04 15:35:01.687722, remaining=0s
2026-03-04 15:35:00 - auth.token_manager - WARNING - 尝试刷新不存在的Token: service=nurse, 将重新获取
2026-03-04 15:35:00 - auth.providers.http_auth_provider - INFO - 开始获取Token: service=nurse, method=GET
2026-03-04 15:35:00 - auth.providers.http_auth_provider - INFO - Token获取成功: service=nurse, expires_at=2026-03-04T15:35:01.730782
2026-03-04 15:35:00 - auth.token_manager - INFO - 强制刷新Token成功: service=nurse
2026-03-04 15:35:00 - auth.cache - INFO - Token已缓存: service=nurse, expires_at=2026-03-04 15:35:01.730782, remaining=0s
2026-03-04 15:35:00 - auth.token_manager - WARNING - 尝试刷新不存在的Token: service=admin, 将重新获取
2026-03-04 15:35:00 - auth.providers.http_auth_provider - INFO - 开始获取Token: service=admin, method=POST
2026-03-04 15:35:00 - auth.providers.http_auth_provider - INFO - Token获取成功: service=admin, expires_at=2026-03-04T15:35:01.864061
2026-03-04 15:35:00 - auth.token_manager - INFO - 强制刷新Token成功: service=admin
2026-03-04 15:35:00 - auth.cache - INFO - Token已缓存: service=admin, expires_at=2026-03-04 15:35:01.864061, remaining=0s
2026-03-04 15:35:00 - __main__ - INFO - Step 3: 执行接口监控...
2026-03-04 15:35:00 - monitor.monitor_engine - INFO - 开始执行监控: 663个接口，5线程并发
2026-03-04 15:35:00 - monitor.monitor_engine - INFO - 请求间隔: 500ms
2026-03-04 15:35:05 - monitor.monitor_engine - INFO - 监控执行完成: 总数=663, 成功=197, 失败=466, 成功率=29.7%, P95响应时间=0.05s, 耗时=4.64s
2026-03-04 15:35:05 - __main__ - INFO - 接口监控执行时间: 4.64秒 (663个接口)
2026-03-04 15:35:05 - __main__ - INFO - Step 4: 分析监控结果...
2026-03-04 15:35:05 - analyzer.result_analyzer - INFO - 开始分析 663 个监控结果
2026-03-04 15:35:05 - analyzer.aggregators.error_aggregator - INFO - 开始聚合 466 个异常结果
2026-03-04 15:35:05 - analyzer.aggregators.error_aggregator - INFO - 聚合完成，共 463 种异常类型
2026-03-04 15:35:05 - analyzer.aggregators.stats_aggregator - INFO - 开始统计 663 个监控结果
2026-03-04 15:35:05 - analyzer.aggregators.stats_aggregator - INFO - 统计完成: 总数=663, 成功率=29.71%
2026-03-04 15:35:05 - analyzer.alert_logic - INFO - 发现500错误，触发异常告警: Heatmap
2026-03-04 15:35:05 - analyzer.alert_logic - INFO - 开始过滤告警错误，总错误数: 463
2026-03-04 15:35:05 - analyzer.alert_logic - INFO -   -> 通过error_type匹配: HTTP_500
2026-03-04 15:35:05 - analyzer.alert_logic - INFO -   -> 通过error_type匹配: HTTP_500
2026-03-04 15:35:05 - analyzer.alert_logic - INFO -   -> 通过error_type匹配: HTTP_404
2026-03-04 15:35:05 - analyzer.alert_logic - INFO -   -> 通过error_type匹配: HTTP_404
2026-03-04 15:35:05 - analyzer.alert_logic - INFO - 过滤完成，告警错误数: 4
2026-03-04 15:35:05 - analyzer.alert_logic - INFO - 被过滤的告警错误列表:
2026-03-04 15:35:05 - analyzer.alert_logic - INFO -   1. Heatmap - HTTP_500 (HTTP 500)
2026-03-04 15:35:05 - analyzer.alert_logic - INFO -   2. {Batchid} - HTTP_500 (HTTP 500)
2026-03-04 15:35:05 - analyzer.alert_logic - INFO -   3. Upload - HTTP_404 (HTTP 404)
2026-03-04 15:35:05 - analyzer.alert_logic - INFO -   4. Upload - HTTP_404 (HTTP 404)
2026-03-04 15:35:05 - analyzer.alert_logic - INFO - 准备发送告警: 类型=error, 优先级=CRITICAL, 接收人=5个, 告警错误=4个
2026-03-04 15:35:05 - analyzer.result_analyzer - INFO - 分析完成: 总数=663, 成功=197, 失败=466, 异常类型=463, 需要告警=True, 告警摘要=2个500错误，2个404错误
2026-03-04 15:35:05 - __main__ - INFO - 分析耗时: 0.01秒
2026-03-04 15:35:05 - __main__ - INFO - Step 5: 发送监控报告...
2026-03-04 15:35:05 - __main__ - INFO - 发现严重错误，发送告警通知
2026-03-04 15:35:05 - notifier.wechat_notifier - INFO - 开始发送监控报告
2026-03-04 15:35:05 - notifier.webhook_client - INFO - 发送企业微信消息 (尝试 1/3)
2026-03-04 15:35:05 - notifier.webhook_client - INFO - 消息发送成功: N/A
2026-03-04 15:35:05 - notifier.wechat_notifier - INFO - 监控报告发送成功: message_id=, retry_count=0
2026-03-04 15:35:05 - __main__ - INFO - 监控报告发送成功
2026-03-04 15:35:05 - __main__ - INFO - ============================================================
2026-03-04 15:35:05 - __main__ - INFO - 监控周期完成: 2026-03-04 15:35:05
2026-03-04 15:35:05 - __main__ - INFO - 总耗时: 5.34秒 (监控执行: 4.64秒, 分析: 0.01秒)
2026-03-04 15:35:05 - __main__ - INFO - 接口总数: 663
2026-03-04 15:35:05 - __main__ - INFO - 成功: 197
2026-03-04 15:35:05 - __main__ - INFO - 失败: 466
2026-03-04 15:35:05 - __main__ - INFO - 成功率: 29.71%
2026-03-04 15:35:05 - __main__ - INFO - 平均响应时间: 0.03秒
2026-03-04 15:35:05 - __main__ - INFO - 状态码分布:
2026-03-04 15:35:05 - __main__ - INFO -   HTTP 200: 197次 (29.7%)
2026-03-04 15:35:05 - __main__ - INFO -   HTTP 400: 374次 (56.4%)
2026-03-04 15:35:05 - __main__ - INFO -   HTTP 401: 85次 (12.8%)
2026-03-04 15:35:05 - __main__ - INFO -   HTTP 404: 2次 (0.3%)
2026-03-04 15:35:05 - __main__ - INFO -   HTTP 405: 1次 (0.2%)
2026-03-04 15:35:05 - __main__ - INFO -   HTTP 415: 2次 (0.3%)
2026-03-04 15:35:05 - __main__ - INFO -   HTTP 500: 2次 (0.3%)
2026-03-04 15:35:05 - __main__ - INFO - ============================================================
2026-03-04 15:35:05 - __main__ - INFO - 下次执行时间: 2026-03-04 15:40:00
2026-03-04 15:40:00 - __main__ - INFO - 开始执行监控周期: 2026-03-04 15:40:00
2026-03-04 15:40:00 - __main__ - INFO - ============================================================
2026-03-04 15:40:00 - __main__ - INFO - 开始监控周期: 2026-03-04 15:40:00
2026-03-04 15:40:00 - __main__ - INFO - ============================================================
2026-03-04 15:40:00 - __main__ - INFO - Step 1: 扫描接口文档...
2026-03-04 15:40:00 - scanner.interface_scanner - INFO - 开始扫描目录: D:\Dev\interface_monitoring\Interface-pool
2026-03-04 15:40:00 - scanner.interface_scanner - INFO - 实际扫描到的文件: 663
2026-03-04 15:40:00 - scanner.interface_scanner - INFO -   1. D:\Dev\interface_monitoring\Interface-pool\user\JPush推送\发送推送_OpenAPI.json
2026-03-04 15:40:00 - scanner.interface_scanner - INFO -   2. D:\Dev\interface_monitoring\Interface-pool\user\Oss管理\同步上传文件到OSS_OpenAPI.json
2026-03-04 15:40:00 - scanner.interface_scanner - INFO -   3. D:\Dev\interface_monitoring\Interface-pool\user\Oss管理\批量同步上传文件到OSS_OpenAPI.json
2026-03-04 15:40:00 - scanner.interface_scanner - INFO -   4. D:\Dev\interface_monitoring\Interface-pool\user\价格计算\个体价格计算_OpenAPI.json
2026-03-04 15:40:00 - scanner.interface_scanner - INFO -   5. D:\Dev\interface_monitoring\Interface-pool\user\价格计算\团体价格计算_OpenAPI.json
2026-03-04 15:40:00 - scanner.interface_scanner - INFO -   ... 还有 658 个文件
2026-03-04 15:40:00 - scanner.interface_scanner - INFO - 找到 663 个接口文档文件
2026-03-04 15:40:01 - scanner.interface_scanner - INFO - 扫描完成，共发现 663 个接口
2026-03-04 15:40:01 - __main__ - INFO - 发现 663 个接口
2026-03-04 15:40:01 - __main__ - INFO - Step 2: 获取认证Token...
2026-03-04 15:40:01 - auth.token_manager - WARNING - 尝试刷新不存在的Token: service=user, 将重新获取
2026-03-04 15:40:01 - auth.providers.http_auth_provider - INFO - 开始获取Token: service=user, method=GET
2026-03-04 15:40:01 - auth.providers.http_auth_provider - INFO - Token获取成功: service=user, expires_at=2026-03-04T15:40:02.111039
2026-03-04 15:40:01 - auth.token_manager - INFO - 强制刷新Token成功: service=user
2026-03-04 15:40:01 - auth.cache - INFO - Token已缓存: service=user, expires_at=2026-03-04 15:40:02.111039, remaining=1s
2026-03-04 15:40:01 - auth.token_manager - WARNING - 尝试刷新不存在的Token: service=nurse, 将重新获取
2026-03-04 15:40:01 - auth.providers.http_auth_provider - INFO - 开始获取Token: service=nurse, method=GET
2026-03-04 15:40:01 - auth.providers.http_auth_provider - INFO - Token获取成功: service=nurse, expires_at=2026-03-04T15:40:02.172169
2026-03-04 15:40:01 - auth.token_manager - INFO - 强制刷新Token成功: service=nurse
2026-03-04 15:40:01 - auth.cache - INFO - Token已缓存: service=nurse, expires_at=2026-03-04 15:40:02.172169, remaining=1s
2026-03-04 15:40:01 - auth.token_manager - WARNING - 尝试刷新不存在的Token: service=admin, 将重新获取
2026-03-04 15:40:01 - auth.providers.http_auth_provider - INFO - 开始获取Token: service=admin, method=POST
2026-03-04 15:40:01 - auth.providers.http_auth_provider - INFO - Token获取成功: service=admin, expires_at=2026-03-04T15:40:02.504129
2026-03-04 15:40:01 - auth.token_manager - INFO - 强制刷新Token成功: service=admin
2026-03-04 15:40:01 - auth.cache - INFO - Token已缓存: service=admin, expires_at=2026-03-04 15:40:02.504129, remaining=0s
2026-03-04 15:40:01 - __main__ - INFO - Step 3: 执行接口监控...
2026-03-04 15:40:01 - monitor.monitor_engine - INFO - 开始执行监控: 663个接口，5线程并发
2026-03-04 15:40:01 - monitor.monitor_engine - INFO - 请求间隔: 500ms
2026-03-04 15:40:05 - monitor.monitor_engine - INFO - 监控执行完成: 总数=663, 成功=197, 失败=466, 成功率=29.7%, P95响应时间=0.05s, 耗时=4.27s
2026-03-04 15:40:05 - __main__ - INFO - 接口监控执行时间: 4.27秒 (663个接口)
2026-03-04 15:40:05 - __main__ - INFO - Step 4: 分析监控结果...
2026-03-04 15:40:05 - analyzer.result_analyzer - INFO - 开始分析 663 个监控结果
2026-03-04 15:40:05 - analyzer.aggregators.error_aggregator - INFO - 开始聚合 466 个异常结果
2026-03-04 15:40:05 - analyzer.aggregators.error_aggregator - INFO - 聚合完成，共 463 种异常类型
2026-03-04 15:40:05 - analyzer.aggregators.stats_aggregator - INFO - 开始统计 663 个监控结果
2026-03-04 15:40:05 - analyzer.aggregators.stats_aggregator - INFO - 统计完成: 总数=663, 成功率=29.71%
2026-03-04 15:40:05 - analyzer.alert_logic - INFO - 发现500错误，触发异常告警: Heatmap
2026-03-04 15:40:05 - analyzer.alert_logic - INFO - 开始过滤告警错误，总错误数: 463
2026-03-04 15:40:05 - analyzer.alert_logic - INFO -   -> 通过error_type匹配: HTTP_500
2026-03-04 15:40:05 - analyzer.alert_logic - INFO -   -> 通过error_type匹配: HTTP_500
2026-03-04 15:40:05 - analyzer.alert_logic - INFO -   -> 通过error_type匹配: HTTP_404
2026-03-04 15:40:05 - analyzer.alert_logic - INFO -   -> 通过error_type匹配: HTTP_404
2026-03-04 15:40:05 - analyzer.alert_logic - INFO - 过滤完成，告警错误数: 4
2026-03-04 15:40:05 - analyzer.alert_logic - INFO - 被过滤的告警错误列表:
2026-03-04 15:40:05 - analyzer.alert_logic - INFO -   1. Heatmap - HTTP_500 (HTTP 500)
2026-03-04 15:40:05 - analyzer.alert_logic - INFO -   2. {Batchid} - HTTP_500 (HTTP 500)
2026-03-04 15:40:05 - analyzer.alert_logic - INFO -   3. Upload - HTTP_404 (HTTP 404)
2026-03-04 15:40:05 - analyzer.alert_logic - INFO -   4. Upload - HTTP_404 (HTTP 404)
2026-03-04 15:40:05 - analyzer.alert_logic - INFO - 准备发送告警: 类型=error, 优先级=CRITICAL, 接收人=5个, 告警错误=4个
2026-03-04 15:40:05 - analyzer.result_analyzer - INFO - 分析完成: 总数=663, 成功=197, 失败=466, 异常类型=463, 需要告警=True, 告警摘要=2个500错误，2个404错误
2026-03-04 15:40:05 - __main__ - INFO - 分析耗时: 0.00秒
2026-03-04 15:40:05 - __main__ - INFO - Step 5: 发送监控报告...
2026-03-04 15:40:05 - __main__ - INFO - 发现严重错误，发送告警通知
2026-03-04 15:40:05 - notifier.wechat_notifier - INFO - 开始发送监控报告
2026-03-04 15:40:05 - notifier.webhook_client - INFO - 发送企业微信消息 (尝试 1/3)
2026-03-04 15:40:06 - notifier.webhook_client - INFO - 消息发送成功: N/A
2026-03-04 15:40:06 - notifier.wechat_notifier - INFO - 监控报告发送成功: message_id=, retry_count=0
2026-03-04 15:40:06 - __main__ - INFO - 监控报告发送成功
2026-03-04 15:40:06 - __main__ - INFO - ============================================================
2026-03-04 15:40:06 - __main__ - INFO - 监控周期完成: 2026-03-04 15:40:06
2026-03-04 15:40:06 - __main__ - INFO - 总耗时: 5.16秒 (监控执行: 4.27秒, 分析: 0.00秒)
2026-03-04 15:40:06 - __main__ - INFO - 接口总数: 663
2026-03-04 15:40:06 - __main__ - INFO - 成功: 197
2026-03-04 15:40:06 - __main__ - INFO - 失败: 466
2026-03-04 15:40:06 - __main__ - INFO - 成功率: 29.71%
2026-03-04 15:40:06 - __main__ - INFO - 平均响应时间: 0.03秒
2026-03-04 15:40:06 - __main__ - INFO - 状态码分布:
2026-03-04 15:40:06 - __main__ - INFO -   HTTP 200: 197次 (29.7%)
2026-03-04 15:40:06 - __main__ - INFO -   HTTP 400: 377次 (56.9%)
2026-03-04 15:40:06 - __main__ - INFO -   HTTP 401: 82次 (12.4%)
2026-03-04 15:40:06 - __main__ - INFO -   HTTP 404: 2次 (0.3%)
2026-03-04 15:40:06 - __main__ - INFO -   HTTP 405: 1次 (0.2%)
2026-03-04 15:40:06 - __main__ - INFO -   HTTP 415: 2次 (0.3%)
2026-03-04 15:40:06 - __main__ - INFO -   HTTP 500: 2次 (0.3%)
2026-03-04 15:40:06 - __main__ - INFO - ============================================================
2026-03-04 15:40:06 - __main__ - INFO - 下次执行时间: 2026-03-04 15:45:00
2026-03-04 15:45:00 - __main__ - INFO - 开始执行监控周期: 2026-03-04 15:45:00
2026-03-04 15:45:00 - __main__ - INFO - ============================================================
2026-03-04 15:45:00 - __main__ - INFO - 开始监控周期: 2026-03-04 15:45:00
2026-03-04 15:45:00 - __main__ - INFO - ============================================================
2026-03-04 15:45:00 - __main__ - INFO - Step 1: 扫描接口文档...
2026-03-04 15:45:00 - scanner.interface_scanner - INFO - 开始扫描目录: D:\Dev\interface_monitoring\Interface-pool
2026-03-04 15:45:00 - scanner.interface_scanner - INFO - 实际扫描到的文件: 663
2026-03-04 15:45:00 - scanner.interface_scanner - INFO -   1. D:\Dev\interface_monitoring\Interface-pool\user\JPush推送\发送推送_OpenAPI.json
2026-03-04 15:45:00 - scanner.interface_scanner - INFO -   2. D:\Dev\interface_monitoring\Interface-pool\user\Oss管理\同步上传文件到OSS_OpenAPI.json
2026-03-04 15:45:00 - scanner.interface_scanner - INFO -   3. D:\Dev\interface_monitoring\Interface-pool\user\Oss管理\批量同步上传文件到OSS_OpenAPI.json
2026-03-04 15:45:00 - scanner.interface_scanner - INFO -   4. D:\Dev\interface_monitoring\Interface-pool\user\价格计算\个体价格计算_OpenAPI.json
2026-03-04 15:45:00 - scanner.interface_scanner - INFO -   5. D:\Dev\interface_monitoring\Interface-pool\user\价格计算\团体价格计算_OpenAPI.json
2026-03-04 15:45:00 - scanner.interface_scanner - INFO -   ... 还有 658 个文件
2026-03-04 15:45:00 - scanner.interface_scanner - INFO - 找到 663 个接口文档文件
2026-03-04 15:45:00 - scanner.interface_scanner - INFO - 扫描完成，共发现 663 个接口
2026-03-04 15:45:00 - __main__ - INFO - 发现 663 个接口
2026-03-04 15:45:00 - __main__ - INFO - Step 2: 获取认证Token...
2026-03-04 15:45:00 - auth.token_manager - WARNING - 尝试刷新不存在的Token: service=user, 将重新获取
2026-03-04 15:45:00 - auth.providers.http_auth_provider - INFO - 开始获取Token: service=user, method=GET
2026-03-04 15:45:00 - auth.providers.http_auth_provider - INFO - Token获取成功: service=user, expires_at=2026-03-04T15:45:01.398005
2026-03-04 15:45:00 - auth.token_manager - INFO - 强制刷新Token成功: service=user
2026-03-04 15:45:00 - auth.cache - INFO - Token已缓存: service=user, expires_at=2026-03-04 15:45:01.398005, remaining=1s
2026-03-04 15:45:00 - auth.token_manager - WARNING - 尝试刷新不存在的Token: service=nurse, 将重新获取
2026-03-04 15:45:00 - auth.providers.http_auth_provider - INFO - 开始获取Token: service=nurse, method=GET
2026-03-04 15:45:00 - auth.providers.http_auth_provider - INFO - Token获取成功: service=nurse, expires_at=2026-03-04T15:45:01.449925
2026-03-04 15:45:00 - auth.token_manager - INFO - 强制刷新Token成功: service=nurse
2026-03-04 15:45:00 - auth.cache - INFO - Token已缓存: service=nurse, expires_at=2026-03-04 15:45:01.449925, remaining=0s
2026-03-04 15:45:00 - auth.token_manager - WARNING - 尝试刷新不存在的Token: service=admin, 将重新获取
2026-03-04 15:45:00 - auth.providers.http_auth_provider - INFO - 开始获取Token: service=admin, method=POST
2026-03-04 15:45:00 - auth.providers.http_auth_provider - INFO - Token获取成功: service=admin, expires_at=2026-03-04T15:45:01.584535
2026-03-04 15:45:00 - auth.token_manager - INFO - 强制刷新Token成功: service=admin
2026-03-04 15:45:00 - auth.cache - INFO - Token已缓存: service=admin, expires_at=2026-03-04 15:45:01.584535, remaining=0s
2026-03-04 15:45:00 - __main__ - INFO - Step 3: 执行接口监控...
2026-03-04 15:45:00 - monitor.monitor_engine - INFO - 开始执行监控: 663个接口，5线程并发
2026-03-04 15:45:00 - monitor.monitor_engine - INFO - 请求间隔: 500ms
2026-03-04 15:45:04 - monitor.monitor_engine - INFO - 监控执行完成: 总数=663, 成功=197, 失败=466, 成功率=29.7%, P95响应时间=0.05s, 耗时=4.09s
2026-03-04 15:45:04 - __main__ - INFO - 接口监控执行时间: 4.09秒 (663个接口)
2026-03-04 15:45:04 - __main__ - INFO - Step 4: 分析监控结果...
2026-03-04 15:45:04 - analyzer.result_analyzer - INFO - 开始分析 663 个监控结果
2026-03-04 15:45:04 - analyzer.aggregators.error_aggregator - INFO - 开始聚合 466 个异常结果
2026-03-04 15:45:04 - analyzer.aggregators.error_aggregator - INFO - 聚合完成，共 463 种异常类型
2026-03-04 15:45:04 - analyzer.aggregators.stats_aggregator - INFO - 开始统计 663 个监控结果
2026-03-04 15:45:04 - analyzer.aggregators.stats_aggregator - INFO - 统计完成: 总数=663, 成功率=29.71%
2026-03-04 15:45:04 - analyzer.alert_logic - INFO - 发现500错误，触发异常告警: Heatmap
2026-03-04 15:45:04 - analyzer.alert_logic - INFO - 开始过滤告警错误，总错误数: 463
2026-03-04 15:45:04 - analyzer.alert_logic - INFO -   -> 通过error_type匹配: HTTP_500
2026-03-04 15:45:04 - analyzer.alert_logic - INFO -   -> 通过error_type匹配: HTTP_500
2026-03-04 15:45:04 - analyzer.alert_logic - INFO -   -> 通过error_type匹配: HTTP_404
2026-03-04 15:45:04 - analyzer.alert_logic - INFO -   -> 通过error_type匹配: HTTP_404
2026-03-04 15:45:04 - analyzer.alert_logic - INFO - 过滤完成，告警错误数: 4
2026-03-04 15:45:04 - analyzer.alert_logic - INFO - 被过滤的告警错误列表:
2026-03-04 15:45:04 - analyzer.alert_logic - INFO -   1. Heatmap - HTTP_500 (HTTP 500)
2026-03-04 15:45:04 - analyzer.alert_logic - INFO -   2. {Batchid} - HTTP_500 (HTTP 500)
2026-03-04 15:45:04 - analyzer.alert_logic - INFO -   3. Upload - HTTP_404 (HTTP 404)
2026-03-04 15:45:04 - analyzer.alert_logic - INFO -   4. Upload - HTTP_404 (HTTP 404)
2026-03-04 15:45:04 - analyzer.alert_logic - INFO - 准备发送告警: 类型=error, 优先级=CRITICAL, 接收人=5个, 告警错误=4个
2026-03-04 15:45:04 - analyzer.result_analyzer - INFO - 分析完成: 总数=663, 成功=197, 失败=466, 异常类型=463, 需要告警=True, 告警摘要=2个500错误，2个404错误
2026-03-04 15:45:04 - __main__ - INFO - 分析耗时: 0.01秒
2026-03-04 15:45:04 - __main__ - INFO - Step 5: 发送监控报告...
2026-03-04 15:45:04 - __main__ - INFO - 发现严重错误，发送告警通知
2026-03-04 15:45:04 - notifier.wechat_notifier - INFO - 开始发送监控报告
2026-03-04 15:45:04 - notifier.webhook_client - INFO - 发送企业微信消息 (尝试 1/3)
2026-03-04 15:45:05 - notifier.webhook_client - INFO - 消息发送成功: N/A
2026-03-04 15:45:05 - notifier.wechat_notifier - INFO - 监控报告发送成功: message_id=, retry_count=0
2026-03-04 15:45:05 - __main__ - INFO - 监控报告发送成功
2026-03-04 15:45:05 - __main__ - INFO - ============================================================
2026-03-04 15:45:05 - __main__ - INFO - 监控周期完成: 2026-03-04 15:45:05
2026-03-04 15:45:05 - __main__ - INFO - 总耗时: 4.78秒 (监控执行: 4.09秒, 分析: 0.01秒)
2026-03-04 15:45:05 - __main__ - INFO - 接口总数: 663
2026-03-04 15:45:05 - __main__ - INFO - 成功: 197
2026-03-04 15:45:05 - __main__ - INFO - 失败: 466
2026-03-04 15:45:05 - __main__ - INFO - 成功率: 29.71%
2026-03-04 15:45:05 - __main__ - INFO - 平均响应时间: 0.03秒
2026-03-04 15:45:05 - __main__ - INFO - 状态码分布:
2026-03-04 15:45:05 - __main__ - INFO -   HTTP 200: 197次 (29.7%)
2026-03-04 15:45:05 - __main__ - INFO -   HTTP 400: 373次 (56.3%)
2026-03-04 15:45:05 - __main__ - INFO -   HTTP 401: 86次 (13.0%)
2026-03-04 15:45:05 - __main__ - INFO -   HTTP 404: 2次 (0.3%)
2026-03-04 15:45:05 - __main__ - INFO -   HTTP 405: 1次 (0.2%)
2026-03-04 15:45:05 - __main__ - INFO -   HTTP 415: 2次 (0.3%)
2026-03-04 15:45:05 - __main__ - INFO -   HTTP 500: 2次 (0.3%)
2026-03-04 15:45:05 - __main__ - INFO - ============================================================
2026-03-04 15:45:05 - __main__ - INFO - 下次执行时间: 2026-03-04 15:50:00
2026-03-04 15:50:00 - __main__ - INFO - 开始执行监控周期: 2026-03-04 15:50:00
2026-03-04 15:50:00 - __main__ - INFO - ============================================================
2026-03-04 15:50:00 - __main__ - INFO - 开始监控周期: 2026-03-04 15:50:00
2026-03-04 15:50:00 - __main__ - INFO - ============================================================
2026-03-04 15:50:00 - __main__ - INFO - Step 1: 扫描接口文档...
2026-03-04 15:50:00 - scanner.interface_scanner - INFO - 开始扫描目录: D:\Dev\interface_monitoring\Interface-pool
2026-03-04 15:50:00 - scanner.interface_scanner - INFO - 实际扫描到的文件: 663
2026-03-04 15:50:00 - scanner.interface_scanner - INFO -   1. D:\Dev\interface_monitoring\Interface-pool\user\JPush推送\发送推送_OpenAPI.json
2026-03-04 15:50:00 - scanner.interface_scanner - INFO -   2. D:\Dev\interface_monitoring\Interface-pool\user\Oss管理\同步上传文件到OSS_OpenAPI.json
2026-03-04 15:50:00 - scanner.interface_scanner - INFO -   3. D:\Dev\interface_monitoring\Interface-pool\user\Oss管理\批量同步上传文件到OSS_OpenAPI.json
2026-03-04 15:50:00 - scanner.interface_scanner - INFO -   4. D:\Dev\interface_monitoring\Interface-pool\user\价格计算\个体价格计算_OpenAPI.json
2026-03-04 15:50:00 - scanner.interface_scanner - INFO -   5. D:\Dev\interface_monitoring\Interface-pool\user\价格计算\团体价格计算_OpenAPI.json
2026-03-04 15:50:00 - scanner.interface_scanner - INFO -   ... 还有 658 个文件
2026-03-04 15:50:00 - scanner.interface_scanner - INFO - 找到 663 个接口文档文件
2026-03-04 15:50:00 - scanner.interface_scanner - INFO - 扫描完成，共发现 663 个接口
2026-03-04 15:50:00 - __main__ - INFO - 发现 663 个接口
2026-03-04 15:50:00 - __main__ - INFO - Step 2: 获取认证Token...
2026-03-04 15:50:00 - auth.token_manager - WARNING - 尝试刷新不存在的Token: service=user, 将重新获取
2026-03-04 15:50:00 - auth.providers.http_auth_provider - INFO - 开始获取Token: service=user, method=GET
2026-03-04 15:50:00 - auth.providers.http_auth_provider - INFO - Token获取成功: service=user, expires_at=2026-03-04T15:50:01.289031
2026-03-04 15:50:00 - auth.token_manager - INFO - 强制刷新Token成功: service=user
2026-03-04 15:50:00 - auth.cache - INFO - Token已缓存: service=user, expires_at=2026-03-04 15:50:01.289031, remaining=0s
2026-03-04 15:50:00 - auth.token_manager - WARNING - 尝试刷新不存在的Token: service=nurse, 将重新获取
2026-03-04 15:50:00 - auth.providers.http_auth_provider - INFO - 开始获取Token: service=nurse, method=GET
2026-03-04 15:50:00 - auth.providers.http_auth_provider - INFO - Token获取成功: service=nurse, expires_at=2026-03-04T15:50:01.326109
2026-03-04 15:50:00 - auth.token_manager - INFO - 强制刷新Token成功: service=nurse
2026-03-04 15:50:00 - auth.cache - INFO - Token已缓存: service=nurse, expires_at=2026-03-04 15:50:01.326109, remaining=1s
2026-03-04 15:50:00 - auth.token_manager - WARNING - 尝试刷新不存在的Token: service=admin, 将重新获取
2026-03-04 15:50:00 - auth.providers.http_auth_provider - INFO - 开始获取Token: service=admin, method=POST
2026-03-04 15:50:00 - auth.providers.http_auth_provider - INFO - Token获取成功: service=admin, expires_at=2026-03-04T15:50:01.465130
2026-03-04 15:50:00 - auth.token_manager - INFO - 强制刷新Token成功: service=admin
2026-03-04 15:50:00 - auth.cache - INFO - Token已缓存: service=admin, expires_at=2026-03-04 15:50:01.465130, remaining=0s
2026-03-04 15:50:00 - __main__ - INFO - Step 3: 执行接口监控...
2026-03-04 15:50:00 - monitor.monitor_engine - INFO - 开始执行监控: 663个接口，5线程并发
2026-03-04 15:50:00 - monitor.monitor_engine - INFO - 请求间隔: 500ms
2026-03-04 15:50:04 - monitor.monitor_engine - INFO - 监控执行完成: 总数=663, 成功=197, 失败=466, 成功率=29.7%, P95响应时间=0.05s, 耗时=4.19s
2026-03-04 15:50:04 - __main__ - INFO - 接口监控执行时间: 4.19秒 (663个接口)
2026-03-04 15:50:04 - __main__ - INFO - Step 4: 分析监控结果...
2026-03-04 15:50:04 - analyzer.result_analyzer - INFO - 开始分析 663 个监控结果
2026-03-04 15:50:04 - analyzer.aggregators.error_aggregator - INFO - 开始聚合 466 个异常结果
2026-03-04 15:50:04 - analyzer.aggregators.error_aggregator - INFO - 聚合完成，共 463 种异常类型
2026-03-04 15:50:04 - analyzer.aggregators.stats_aggregator - INFO - 开始统计 663 个监控结果
2026-03-04 15:50:04 - analyzer.aggregators.stats_aggregator - INFO - 统计完成: 总数=663, 成功率=29.71%
2026-03-04 15:50:04 - analyzer.alert_logic - INFO - 发现500错误，触发异常告警: Heatmap
2026-03-04 15:50:04 - analyzer.alert_logic - INFO - 开始过滤告警错误，总错误数: 463
2026-03-04 15:50:04 - analyzer.alert_logic - INFO -   -> 通过error_type匹配: HTTP_500
2026-03-04 15:50:04 - analyzer.alert_logic - INFO -   -> 通过error_type匹配: HTTP_500
2026-03-04 15:50:04 - analyzer.alert_logic - INFO -   -> 通过error_type匹配: HTTP_404
2026-03-04 15:50:04 - analyzer.alert_logic - INFO -   -> 通过error_type匹配: HTTP_404
2026-03-04 15:50:04 - analyzer.alert_logic - INFO - 过滤完成，告警错误数: 4
2026-03-04 15:50:04 - analyzer.alert_logic - INFO - 被过滤的告警错误列表:
2026-03-04 15:50:04 - analyzer.alert_logic - INFO -   1. Heatmap - HTTP_500 (HTTP 500)
2026-03-04 15:50:04 - analyzer.alert_logic - INFO -   2. {Batchid} - HTTP_500 (HTTP 500)
2026-03-04 15:50:04 - analyzer.alert_logic - INFO -   3. Upload - HTTP_404 (HTTP 404)
2026-03-04 15:50:04 - analyzer.alert_logic - INFO -   4. Upload - HTTP_404 (HTTP 404)
2026-03-04 15:50:04 - analyzer.alert_logic - INFO - 准备发送告警: 类型=error, 优先级=CRITICAL, 接收人=5个, 告警错误=4个
2026-03-04 15:50:04 - analyzer.result_analyzer - INFO - 分析完成: 总数=663, 成功=197, 失败=466, 异常类型=463, 需要告警=True, 告警摘要=2个500错误，2个404错误
2026-03-04 15:50:04 - __main__ - INFO - 分析耗时: 0.01秒
2026-03-04 15:50:04 - __main__ - INFO - Step 5: 发送监控报告...
2026-03-04 15:50:04 - __main__ - INFO - 发现严重错误，发送告警通知
2026-03-04 15:50:04 - notifier.wechat_notifier - INFO - 开始发送监控报告
2026-03-04 15:50:04 - notifier.webhook_client - INFO - 发送企业微信消息 (尝试 1/3)
2026-03-04 15:50:04 - notifier.webhook_client - INFO - 消息发送成功: N/A
2026-03-04 15:50:04 - notifier.wechat_notifier - INFO - 监控报告发送成功: message_id=, retry_count=0
2026-03-04 15:50:04 - __main__ - INFO - 监控报告发送成功
2026-03-04 15:50:04 - __main__ - INFO - ============================================================
2026-03-04 15:50:04 - __main__ - INFO - 监控周期完成: 2026-03-04 15:50:04
2026-03-04 15:50:04 - __main__ - INFO - 总耗时: 4.83秒 (监控执行: 4.19秒, 分析: 0.01秒)
2026-03-04 15:50:04 - __main__ - INFO - 接口总数: 663
2026-03-04 15:50:04 - __main__ - INFO - 成功: 197
2026-03-04 15:50:04 - __main__ - INFO - 失败: 466
2026-03-04 15:50:04 - __main__ - INFO - 成功率: 29.71%
2026-03-04 15:50:04 - __main__ - INFO - 平均响应时间: 0.03秒
2026-03-04 15:50:04 - __main__ - INFO - 状态码分布:
2026-03-04 15:50:04 - __main__ - INFO -   HTTP 200: 197次 (29.7%)
2026-03-04 15:50:04 - __main__ - INFO -   HTTP 400: 372次 (56.1%)
2026-03-04 15:50:04 - __main__ - INFO -   HTTP 401: 87次 (13.1%)
2026-03-04 15:50:04 - __main__ - INFO -   HTTP 404: 2次 (0.3%)
2026-03-04 15:50:04 - __main__ - INFO -   HTTP 405: 1次 (0.2%)
2026-03-04 15:50:04 - __main__ - INFO -   HTTP 415: 2次 (0.3%)
2026-03-04 15:50:04 - __main__ - INFO -   HTTP 500: 2次 (0.3%)
2026-03-04 15:50:04 - __main__ - INFO - ============================================================
2026-03-04 15:50:04 - __main__ - INFO - 下次执行时间: 2026-03-04 15:55:00
2026-03-04 15:55:00 - __main__ - INFO - 开始执行监控周期: 2026-03-04 15:55:00
2026-03-04 15:55:00 - __main__ - INFO - ============================================================
2026-03-04 15:55:00 - __main__ - INFO - 开始监控周期: 2026-03-04 15:55:00
2026-03-04 15:55:00 - __main__ - INFO - ============================================================
2026-03-04 15:55:00 - __main__ - INFO - Step 1: 扫描接口文档...
2026-03-04 15:55:00 - scanner.interface_scanner - INFO - 开始扫描目录: D:\Dev\interface_monitoring\Interface-pool
2026-03-04 15:55:00 - scanner.interface_scanner - INFO - 实际扫描到的文件: 663
2026-03-04 15:55:00 - scanner.interface_scanner - INFO -   1. D:\Dev\interface_monitoring\Interface-pool\user\JPush推送\发送推送_OpenAPI.json
2026-03-04 15:55:00 - scanner.interface_scanner - INFO -   2. D:\Dev\interface_monitoring\Interface-pool\user\Oss管理\同步上传文件到OSS_OpenAPI.json
2026-03-04 15:55:00 - scanner.interface_scanner - INFO -   3. D:\Dev\interface_monitoring\Interface-pool\user\Oss管理\批量同步上传文件到OSS_OpenAPI.json
2026-03-04 15:55:00 - scanner.interface_scanner - INFO -   4. D:\Dev\interface_monitoring\Interface-pool\user\价格计算\个体价格计算_OpenAPI.json
2026-03-04 15:55:00 - scanner.interface_scanner - INFO -   5. D:\Dev\interface_monitoring\Interface-pool\user\价格计算\团体价格计算_OpenAPI.json
2026-03-04 15:55:00 - scanner.interface_scanner - INFO -   ... 还有 658 个文件
2026-03-04 15:55:00 - scanner.interface_scanner - INFO - 找到 663 个接口文档文件
2026-03-04 15:55:00 - scanner.interface_scanner - INFO - 扫描完成，共发现 663 个接口
2026-03-04 15:55:00 - __main__ - INFO - 发现 663 个接口
2026-03-04 15:55:00 - __main__ - INFO - Step 2: 获取认证Token...
2026-03-04 15:55:00 - auth.token_manager - WARNING - 尝试刷新不存在的Token: service=user, 将重新获取
2026-03-04 15:55:00 - auth.providers.http_auth_provider - INFO - 开始获取Token: service=user, method=GET
2026-03-04 15:55:00 - auth.providers.http_auth_provider - INFO - Token获取成功: service=user, expires_at=2026-03-04T15:55:01.221417
2026-03-04 15:55:00 - auth.token_manager - INFO - 强制刷新Token成功: service=user
2026-03-04 15:55:00 - auth.cache - INFO - Token已缓存: service=user, expires_at=2026-03-04 15:55:01.221417, remaining=0s
2026-03-04 15:55:00 - auth.token_manager - WARNING - 尝试刷新不存在的Token: service=nurse, 将重新获取
2026-03-04 15:55:00 - auth.providers.http_auth_provider - INFO - 开始获取Token: service=nurse, method=GET
2026-03-04 15:55:00 - auth.providers.http_auth_provider - INFO - Token获取成功: service=nurse, expires_at=2026-03-04T15:55:01.268166
2026-03-04 15:55:00 - auth.token_manager - INFO - 强制刷新Token成功: service=nurse
2026-03-04 15:55:00 - auth.cache - INFO - Token已缓存: service=nurse, expires_at=2026-03-04 15:55:01.268166, remaining=1s
2026-03-04 15:55:00 - auth.token_manager - WARNING - 尝试刷新不存在的Token: service=admin, 将重新获取
2026-03-04 15:55:00 - auth.providers.http_auth_provider - INFO - 开始获取Token: service=admin, method=POST
2026-03-04 15:55:00 - auth.providers.http_auth_provider - INFO - Token获取成功: service=admin, expires_at=2026-03-04T15:55:01.424380
2026-03-04 15:55:00 - auth.token_manager - INFO - 强制刷新Token成功: service=admin
2026-03-04 15:55:00 - auth.cache - INFO - Token已缓存: service=admin, expires_at=2026-03-04 15:55:01.424380, remaining=1s
2026-03-04 15:55:00 - __main__ - INFO - Step 3: 执行接口监控...
2026-03-04 15:55:00 - monitor.monitor_engine - INFO - 开始执行监控: 663个接口，5线程并发
2026-03-04 15:55:00 - monitor.monitor_engine - INFO - 请求间隔: 500ms
2026-03-04 15:55:04 - monitor.monitor_engine - INFO - 监控执行完成: 总数=663, 成功=197, 失败=466, 成功率=29.7%, P95响应时间=0.05s, 耗时=4.13s
2026-03-04 15:55:04 - __main__ - INFO - 接口监控执行时间: 4.13秒 (663个接口)
2026-03-04 15:55:04 - __main__ - INFO - Step 4: 分析监控结果...
2026-03-04 15:55:04 - analyzer.result_analyzer - INFO - 开始分析 663 个监控结果
2026-03-04 15:55:04 - analyzer.aggregators.error_aggregator - INFO - 开始聚合 466 个异常结果
2026-03-04 15:55:04 - analyzer.aggregators.error_aggregator - INFO - 聚合完成，共 463 种异常类型
2026-03-04 15:55:04 - analyzer.aggregators.stats_aggregator - INFO - 开始统计 663 个监控结果
2026-03-04 15:55:04 - analyzer.aggregators.stats_aggregator - INFO - 统计完成: 总数=663, 成功率=29.71%
2026-03-04 15:55:04 - analyzer.alert_logic - INFO - 发现500错误，触发异常告警: Heatmap
2026-03-04 15:55:04 - analyzer.alert_logic - INFO - 开始过滤告警错误，总错误数: 463
2026-03-04 15:55:04 - analyzer.alert_logic - INFO -   -> 通过error_type匹配: HTTP_500
2026-03-04 15:55:04 - analyzer.alert_logic - INFO -   -> 通过error_type匹配: HTTP_500
2026-03-04 15:55:04 - analyzer.alert_logic - INFO -   -> 通过error_type匹配: HTTP_404
2026-03-04 15:55:04 - analyzer.alert_logic - INFO -   -> 通过error_type匹配: HTTP_404
2026-03-04 15:55:04 - analyzer.alert_logic - INFO - 过滤完成，告警错误数: 4
2026-03-04 15:55:04 - analyzer.alert_logic - INFO - 被过滤的告警错误列表:
2026-03-04 15:55:04 - analyzer.alert_logic - INFO -   1. Heatmap - HTTP_500 (HTTP 500)
2026-03-04 15:55:04 - analyzer.alert_logic - INFO -   2. {Batchid} - HTTP_500 (HTTP 500)
2026-03-04 15:55:04 - analyzer.alert_logic - INFO -   3. Upload - HTTP_404 (HTTP 404)
2026-03-04 15:55:04 - analyzer.alert_logic - INFO -   4. Upload - HTTP_404 (HTTP 404)
2026-03-04 15:55:04 - analyzer.alert_logic - INFO - 准备发送告警: 类型=error, 优先级=CRITICAL, 接收人=5个, 告警错误=4个
2026-03-04 15:55:04 - analyzer.result_analyzer - INFO - 分析完成: 总数=663, 成功=197, 失败=466, 异常类型=463, 需要告警=True, 告警摘要=2个500错误，2个404错误
2026-03-04 15:55:04 - __main__ - INFO - 分析耗时: 0.01秒
2026-03-04 15:55:04 - __main__ - INFO - Step 5: 发送监控报告...
2026-03-04 15:55:04 - __main__ - INFO - 发现严重错误，发送告警通知
2026-03-04 15:55:04 - notifier.wechat_notifier - INFO - 开始发送监控报告
2026-03-04 15:55:04 - notifier.webhook_client - INFO - 发送企业微信消息 (尝试 1/3)
2026-03-04 15:55:04 - notifier.webhook_client - INFO - 消息发送成功: N/A
2026-03-04 15:55:04 - notifier.wechat_notifier - INFO - 监控报告发送成功: message_id=, retry_count=0
2026-03-04 15:55:04 - __main__ - INFO - 监控报告发送成功
2026-03-04 15:55:04 - __main__ - INFO - ============================================================
2026-03-04 15:55:04 - __main__ - INFO - 监控周期完成: 2026-03-04 15:55:04
2026-03-04 15:55:04 - __main__ - INFO - 总耗时: 4.85秒 (监控执行: 4.13秒, 分析: 0.01秒)
2026-03-04 15:55:04 - __main__ - INFO - 接口总数: 663
2026-03-04 15:55:04 - __main__ - INFO - 成功: 197
2026-03-04 15:55:04 - __main__ - INFO - 失败: 466
2026-03-04 15:55:04 - __main__ - INFO - 成功率: 29.71%
2026-03-04 15:55:04 - __main__ - INFO - 平均响应时间: 0.03秒
2026-03-04 15:55:04 - __main__ - INFO - 状态码分布:
2026-03-04 15:55:04 - __main__ - INFO -   HTTP 200: 197次 (29.7%)
2026-03-04 15:55:04 - __main__ - INFO -   HTTP 400: 372次 (56.1%)
2026-03-04 15:55:04 - __main__ - INFO -   HTTP 401: 87次 (13.1%)
2026-03-04 15:55:04 - __main__ - INFO -   HTTP 404: 2次 (0.3%)
2026-03-04 15:55:04 - __main__ - INFO -   HTTP 405: 1次 (0.2%)
2026-03-04 15:55:04 - __main__ - INFO -   HTTP 415: 2次 (0.3%)
2026-03-04 15:55:04 - __main__ - INFO -   HTTP 500: 2次 (0.3%)
2026-03-04 15:55:04 - __main__ - INFO - ============================================================
2026-03-04 15:55:04 - __main__ - INFO - 下次执行时间: 2026-03-04 16:00:00
2026-03-04 16:00:00 - __main__ - INFO - 开始执行监控周期: 2026-03-04 16:00:00
2026-03-04 16:00:00 - __main__ - INFO - ============================================================
2026-03-04 16:00:00 - __main__ - INFO - 开始监控周期: 2026-03-04 16:00:00
2026-03-04 16:00:00 - __main__ - INFO - ============================================================
2026-03-04 16:00:00 - __main__ - INFO - Step 1: 扫描接口文档...
2026-03-04 16:00:00 - scanner.interface_scanner - INFO - 开始扫描目录: D:\Dev\interface_monitoring\Interface-pool
2026-03-04 16:00:00 - scanner.interface_scanner - INFO - 实际扫描到的文件: 663
2026-03-04 16:00:00 - scanner.interface_scanner - INFO -   1. D:\Dev\interface_monitoring\Interface-pool\user\JPush推送\发送推送_OpenAPI.json
2026-03-04 16:00:00 - scanner.interface_scanner - INFO -   2. D:\Dev\interface_monitoring\Interface-pool\user\Oss管理\同步上传文件到OSS_OpenAPI.json
2026-03-04 16:00:00 - scanner.interface_scanner - INFO -   3. D:\Dev\interface_monitoring\Interface-pool\user\Oss管理\批量同步上传文件到OSS_OpenAPI.json
2026-03-04 16:00:00 - scanner.interface_scanner - INFO -   4. D:\Dev\interface_monitoring\Interface-pool\user\价格计算\个体价格计算_OpenAPI.json
2026-03-04 16:00:00 - scanner.interface_scanner - INFO -   5. D:\Dev\interface_monitoring\Interface-pool\user\价格计算\团体价格计算_OpenAPI.json
2026-03-04 16:00:00 - scanner.interface_scanner - INFO -   ... 还有 658 个文件
2026-03-04 16:00:00 - scanner.interface_scanner - INFO - 找到 663 个接口文档文件
2026-03-04 16:00:00 - scanner.interface_scanner - INFO - 扫描完成，共发现 663 个接口
2026-03-04 16:00:00 - __main__ - INFO - 发现 663 个接口
2026-03-04 16:00:00 - __main__ - INFO - Step 2: 获取认证Token...
2026-03-04 16:00:00 - auth.token_manager - WARNING - 尝试刷新不存在的Token: service=user, 将重新获取
2026-03-04 16:00:00 - auth.providers.http_auth_provider - INFO - 开始获取Token: service=user, method=GET
2026-03-04 16:00:00 - auth.providers.http_auth_provider - INFO - Token获取成功: service=user, expires_at=2026-03-04T16:00:01.185500
2026-03-04 16:00:00 - auth.token_manager - INFO - 强制刷新Token成功: service=user
2026-03-04 16:00:00 - auth.cache - INFO - Token已缓存: service=user, expires_at=2026-03-04 16:00:01.185500, remaining=0s
2026-03-04 16:00:00 - auth.token_manager - WARNING - 尝试刷新不存在的Token: service=nurse, 将重新获取
2026-03-04 16:00:00 - auth.providers.http_auth_provider - INFO - 开始获取Token: service=nurse, method=GET
2026-03-04 16:00:00 - auth.providers.http_auth_provider - INFO - Token获取成功: service=nurse, expires_at=2026-03-04T16:00:01.253922
2026-03-04 16:00:00 - auth.token_manager - INFO - 强制刷新Token成功: service=nurse
2026-03-04 16:00:00 - auth.cache - INFO - Token已缓存: service=nurse, expires_at=2026-03-04 16:00:01.253922, remaining=0s
2026-03-04 16:00:00 - auth.token_manager - WARNING - 尝试刷新不存在的Token: service=admin, 将重新获取
2026-03-04 16:00:00 - auth.providers.http_auth_provider - INFO - 开始获取Token: service=admin, method=POST
2026-03-04 16:00:00 - auth.providers.http_auth_provider - INFO - Token获取成功: service=admin, expires_at=2026-03-04T16:00:01.389206
2026-03-04 16:00:00 - auth.token_manager - INFO - 强制刷新Token成功: service=admin
2026-03-04 16:00:00 - auth.cache - INFO - Token已缓存: service=admin, expires_at=2026-03-04 16:00:01.389206, remaining=0s
2026-03-04 16:00:00 - __main__ - INFO - Step 3: 执行接口监控...
2026-03-04 16:00:00 - monitor.monitor_engine - INFO - 开始执行监控: 663个接口，5线程并发
2026-03-04 16:00:00 - monitor.monitor_engine - INFO - 请求间隔: 500ms
2026-03-04 16:00:04 - monitor.monitor_engine - INFO - 监控执行完成: 总数=663, 成功=198, 失败=465, 成功率=29.9%, P95响应时间=0.05s, 耗时=4.34s
2026-03-04 16:00:04 - __main__ - INFO - 接口监控执行时间: 4.34秒 (663个接口)
2026-03-04 16:00:04 - __main__ - INFO - Step 4: 分析监控结果...
2026-03-04 16:00:04 - analyzer.result_analyzer - INFO - 开始分析 663 个监控结果
2026-03-04 16:00:04 - analyzer.aggregators.error_aggregator - INFO - 开始聚合 465 个异常结果
2026-03-04 16:00:04 - analyzer.aggregators.error_aggregator - INFO - 聚合完成，共 462 种异常类型
2026-03-04 16:00:04 - analyzer.aggregators.stats_aggregator - INFO - 开始统计 663 个监控结果
2026-03-04 16:00:04 - analyzer.aggregators.stats_aggregator - INFO - 统计完成: 总数=663, 成功率=29.86%
2026-03-04 16:00:04 - analyzer.alert_logic - INFO - 发现500错误，触发异常告警: Heatmap
2026-03-04 16:00:04 - analyzer.alert_logic - INFO - 开始过滤告警错误，总错误数: 462
2026-03-04 16:00:04 - analyzer.alert_logic - INFO -   -> 通过error_type匹配: HTTP_500
2026-03-04 16:00:04 - analyzer.alert_logic - INFO -   -> 通过error_type匹配: HTTP_500
2026-03-04 16:00:04 - analyzer.alert_logic - INFO -   -> 通过error_type匹配: HTTP_404
2026-03-04 16:00:04 - analyzer.alert_logic - INFO -   -> 通过error_type匹配: HTTP_404
2026-03-04 16:00:04 - analyzer.alert_logic - INFO - 过滤完成，告警错误数: 4
2026-03-04 16:00:04 - analyzer.alert_logic - INFO - 被过滤的告警错误列表:
2026-03-04 16:00:04 - analyzer.alert_logic - INFO -   1. Heatmap - HTTP_500 (HTTP 500)
2026-03-04 16:00:04 - analyzer.alert_logic - INFO -   2. {Batchid} - HTTP_500 (HTTP 500)
2026-03-04 16:00:04 - analyzer.alert_logic - INFO -   3. Upload - HTTP_404 (HTTP 404)
2026-03-04 16:00:04 - analyzer.alert_logic - INFO -   4. Upload - HTTP_404 (HTTP 404)
2026-03-04 16:00:04 - analyzer.alert_logic - INFO - 准备发送告警: 类型=error, 优先级=CRITICAL, 接收人=5个, 告警错误=4个
2026-03-04 16:00:04 - analyzer.result_analyzer - INFO - 分析完成: 总数=663, 成功=198, 失败=465, 异常类型=462, 需要告警=True, 告警摘要=2个500错误，2个404错误
2026-03-04 16:00:04 - __main__ - INFO - 分析耗时: 0.00秒
2026-03-04 16:00:04 - __main__ - INFO - Step 5: 发送监控报告...
2026-03-04 16:00:04 - __main__ - INFO - 发现严重错误，发送告警通知
2026-03-04 16:00:04 - notifier.wechat_notifier - INFO - 开始发送监控报告
2026-03-04 16:00:04 - notifier.webhook_client - INFO - 发送企业微信消息 (尝试 1/3)
2026-03-04 16:00:04 - notifier.webhook_client - INFO - 消息发送成功: N/A
2026-03-04 16:00:04 - notifier.wechat_notifier - INFO - 监控报告发送成功: message_id=, retry_count=0
2026-03-04 16:00:04 - __main__ - INFO - 监控报告发送成功
2026-03-04 16:00:04 - __main__ - INFO - ============================================================
2026-03-04 16:00:04 - __main__ - INFO - 监控周期完成: 2026-03-04 16:00:04
2026-03-04 16:00:04 - __main__ - INFO - 总耗时: 4.95秒 (监控执行: 4.34秒, 分析: 0.00秒)
2026-03-04 16:00:04 - __main__ - INFO - 接口总数: 663
2026-03-04 16:00:04 - __main__ - INFO - 成功: 198
2026-03-04 16:00:04 - __main__ - INFO - 失败: 465
2026-03-04 16:00:04 - __main__ - INFO - 成功率: 29.86%
2026-03-04 16:00:04 - __main__ - INFO - 平均响应时间: 0.03秒
2026-03-04 16:00:04 - __main__ - INFO - 状态码分布:
2026-03-04 16:00:04 - __main__ - INFO -   HTTP 200: 198次 (29.9%)
2026-03-04 16:00:04 - __main__ - INFO -   HTTP 400: 376次 (56.7%)
2026-03-04 16:00:04 - __main__ - INFO -   HTTP 401: 82次 (12.4%)
2026-03-04 16:00:04 - __main__ - INFO -   HTTP 404: 2次 (0.3%)
2026-03-04 16:00:04 - __main__ - INFO -   HTTP 405: 1次 (0.2%)
2026-03-04 16:00:04 - __main__ - INFO -   HTTP 415: 2次 (0.3%)
2026-03-04 16:00:04 - __main__ - INFO -   HTTP 500: 2次 (0.3%)
2026-03-04 16:00:04 - __main__ - INFO - ============================================================
2026-03-04 16:00:04 - __main__ - INFO - 下次执行时间: 2026-03-04 16:05:00
2026-03-04 16:05:00 - __main__ - INFO - 开始执行监控周期: 2026-03-04 16:05:00
2026-03-04 16:05:00 - __main__ - INFO - ============================================================
2026-03-04 16:05:00 - __main__ - INFO - 开始监控周期: 2026-03-04 16:05:00
2026-03-04 16:05:00 - __main__ - INFO - ============================================================
2026-03-04 16:05:00 - __main__ - INFO - Step 1: 扫描接口文档...
2026-03-04 16:05:00 - scanner.interface_scanner - INFO - 开始扫描目录: D:\Dev\interface_monitoring\Interface-pool
2026-03-04 16:05:00 - scanner.interface_scanner - INFO - 实际扫描到的文件: 663
2026-03-04 16:05:00 - scanner.interface_scanner - INFO -   1. D:\Dev\interface_monitoring\Interface-pool\user\JPush推送\发送推送_OpenAPI.json
2026-03-04 16:05:00 - scanner.interface_scanner - INFO -   2. D:\Dev\interface_monitoring\Interface-pool\user\Oss管理\同步上传文件到OSS_OpenAPI.json
2026-03-04 16:05:00 - scanner.interface_scanner - INFO -   3. D:\Dev\interface_monitoring\Interface-pool\user\Oss管理\批量同步上传文件到OSS_OpenAPI.json
2026-03-04 16:05:00 - scanner.interface_scanner - INFO -   4. D:\Dev\interface_monitoring\Interface-pool\user\价格计算\个体价格计算_OpenAPI.json
2026-03-04 16:05:00 - scanner.interface_scanner - INFO -   5. D:\Dev\interface_monitoring\Interface-pool\user\价格计算\团体价格计算_OpenAPI.json
2026-03-04 16:05:00 - scanner.interface_scanner - INFO -   ... 还有 658 个文件
2026-03-04 16:05:00 - scanner.interface_scanner - INFO - 找到 663 个接口文档文件
2026-03-04 16:05:00 - scanner.interface_scanner - INFO - 扫描完成，共发现 663 个接口
2026-03-04 16:05:00 - __main__ - INFO - 发现 663 个接口
2026-03-04 16:05:00 - __main__ - INFO - Step 2: 获取认证Token...
2026-03-04 16:05:00 - auth.token_manager - WARNING - 尝试刷新不存在的Token: service=user, 将重新获取
2026-03-04 16:05:00 - auth.providers.http_auth_provider - INFO - 开始获取Token: service=user, method=GET
2026-03-04 16:05:00 - auth.providers.http_auth_provider - INFO - Token获取成功: service=user, expires_at=2026-03-04T16:05:01.603173
2026-03-04 16:05:00 - auth.token_manager - INFO - 强制刷新Token成功: service=user
2026-03-04 16:05:00 - auth.cache - INFO - Token已缓存: service=user, expires_at=2026-03-04 16:05:01.603173, remaining=1s
2026-03-04 16:05:00 - auth.token_manager - WARNING - 尝试刷新不存在的Token: service=nurse, 将重新获取
2026-03-04 16:05:00 - auth.providers.http_auth_provider - INFO - 开始获取Token: service=nurse, method=GET
2026-03-04 16:05:00 - auth.providers.http_auth_provider - INFO - Token获取成功: service=nurse, expires_at=2026-03-04T16:05:01.647630
2026-03-04 16:05:00 - auth.token_manager - INFO - 强制刷新Token成功: service=nurse
2026-03-04 16:05:00 - auth.cache - INFO - Token已缓存: service=nurse, expires_at=2026-03-04 16:05:01.647630, remaining=0s
2026-03-04 16:05:00 - auth.token_manager - WARNING - 尝试刷新不存在的Token: service=admin, 将重新获取
2026-03-04 16:05:00 - auth.providers.http_auth_provider - INFO - 开始获取Token: service=admin, method=POST
2026-03-04 16:05:00 - auth.providers.http_auth_provider - INFO - Token获取成功: service=admin, expires_at=2026-03-04T16:05:01.811404
2026-03-04 16:05:00 - auth.token_manager - INFO - 强制刷新Token成功: service=admin
2026-03-04 16:05:00 - auth.cache - INFO - Token已缓存: service=admin, expires_at=2026-03-04 16:05:01.811404, remaining=1s
2026-03-04 16:05:00 - __main__ - INFO - Step 3: 执行接口监控...
2026-03-04 16:05:00 - monitor.monitor_engine - INFO - 开始执行监控: 663个接口，5线程并发
2026-03-04 16:05:00 - monitor.monitor_engine - INFO - 请求间隔: 500ms
2026-03-04 16:05:05 - monitor.monitor_engine - INFO - 监控执行完成: 总数=663, 成功=196, 失败=467, 成功率=29.6%, P95响应时间=0.05s, 耗时=4.39s
2026-03-04 16:05:05 - __main__ - INFO - 接口监控执行时间: 4.39秒 (663个接口)
2026-03-04 16:05:05 - __main__ - INFO - Step 4: 分析监控结果...
2026-03-04 16:05:05 - analyzer.result_analyzer - INFO - 开始分析 663 个监控结果
2026-03-04 16:05:05 - analyzer.aggregators.error_aggregator - INFO - 开始聚合 467 个异常结果
2026-03-04 16:05:05 - analyzer.aggregators.error_aggregator - INFO - 聚合完成，共 464 种异常类型
2026-03-04 16:05:05 - analyzer.aggregators.stats_aggregator - INFO - 开始统计 663 个监控结果
2026-03-04 16:05:05 - analyzer.aggregators.stats_aggregator - INFO - 统计完成: 总数=663, 成功率=29.56%
2026-03-04 16:05:05 - analyzer.alert_logic - INFO - 发现500错误，触发异常告警: Heatmap
2026-03-04 16:05:05 - analyzer.alert_logic - INFO - 开始过滤告警错误，总错误数: 464
2026-03-04 16:05:05 - analyzer.alert_logic - INFO -   -> 通过error_type匹配: HTTP_500
2026-03-04 16:05:05 - analyzer.alert_logic - INFO -   -> 通过error_type匹配: HTTP_500
2026-03-04 16:05:05 - analyzer.alert_logic - INFO -   -> 通过error_type匹配: HTTP_404
2026-03-04 16:05:05 - analyzer.alert_logic - INFO -   -> 通过error_type匹配: HTTP_404
2026-03-04 16:05:05 - analyzer.alert_logic - INFO - 过滤完成，告警错误数: 4
2026-03-04 16:05:05 - analyzer.alert_logic - INFO - 被过滤的告警错误列表:
2026-03-04 16:05:05 - analyzer.alert_logic - INFO -   1. Heatmap - HTTP_500 (HTTP 500)
2026-03-04 16:05:05 - analyzer.alert_logic - INFO -   2. {Batchid} - HTTP_500 (HTTP 500)
2026-03-04 16:05:05 - analyzer.alert_logic - INFO -   3. Upload - HTTP_404 (HTTP 404)
2026-03-04 16:05:05 - analyzer.alert_logic - INFO -   4. Upload - HTTP_404 (HTTP 404)
2026-03-04 16:05:05 - analyzer.alert_logic - INFO - 准备发送告警: 类型=error, 优先级=CRITICAL, 接收人=5个, 告警错误=4个
2026-03-04 16:05:05 - analyzer.result_analyzer - INFO - 分析完成: 总数=663, 成功=196, 失败=467, 异常类型=464, 需要告警=True, 告警摘要=2个500错误，2个404错误
2026-03-04 16:05:05 - __main__ - INFO - 分析耗时: 0.01秒
2026-03-04 16:05:05 - __main__ - INFO - Step 5: 发送监控报告...
2026-03-04 16:05:05 - __main__ - INFO - 发现严重错误，发送告警通知
2026-03-04 16:05:05 - notifier.wechat_notifier - INFO - 开始发送监控报告
2026-03-04 16:05:05 - notifier.webhook_client - INFO - 发送企业微信消息 (尝试 1/3)
2026-03-04 16:05:05 - notifier.webhook_client - INFO - 消息发送成功: N/A
2026-03-04 16:05:05 - notifier.wechat_notifier - INFO - 监控报告发送成功: message_id=, retry_count=0
2026-03-04 16:05:05 - __main__ - INFO - 监控报告发送成功
2026-03-04 16:05:05 - __main__ - INFO - ============================================================
2026-03-04 16:05:05 - __main__ - INFO - 监控周期完成: 2026-03-04 16:05:05
2026-03-04 16:05:05 - __main__ - INFO - 总耗时: 5.29秒 (监控执行: 4.39秒, 分析: 0.01秒)
2026-03-04 16:05:05 - __main__ - INFO - 接口总数: 663
2026-03-04 16:05:05 - __main__ - INFO - 成功: 196
2026-03-04 16:05:05 - __main__ - INFO - 失败: 467
2026-03-04 16:05:05 - __main__ - INFO - 成功率: 29.56%
2026-03-04 16:05:05 - __main__ - INFO - 平均响应时间: 0.03秒
2026-03-04 16:05:05 - __main__ - INFO - 状态码分布:
2026-03-04 16:05:05 - __main__ - INFO -   HTTP 200: 196次 (29.6%)
2026-03-04 16:05:05 - __main__ - INFO -   HTTP 400: 372次 (56.1%)
2026-03-04 16:05:05 - __main__ - INFO -   HTTP 401: 88次 (13.3%)
2026-03-04 16:05:05 - __main__ - INFO -   HTTP 404: 2次 (0.3%)
2026-03-04 16:05:05 - __main__ - INFO -   HTTP 405: 1次 (0.2%)
2026-03-04 16:05:05 - __main__ - INFO -   HTTP 415: 2次 (0.3%)
2026-03-04 16:05:05 - __main__ - INFO -   HTTP 500: 2次 (0.3%)
2026-03-04 16:05:05 - __main__ - INFO - ============================================================
2026-03-04 16:05:05 - __main__ - INFO - 下次执行时间: 2026-03-04 16:10:00
2026-03-04 16:10:00 - __main__ - INFO - 开始执行监控周期: 2026-03-04 16:10:00
2026-03-04 16:10:00 - __main__ - INFO - ============================================================
2026-03-04 16:10:00 - __main__ - INFO - 开始监控周期: 2026-03-04 16:10:00
2026-03-04 16:10:00 - __main__ - INFO - ============================================================
2026-03-04 16:10:00 - __main__ - INFO - Step 1: 扫描接口文档...
2026-03-04 16:10:00 - scanner.interface_scanner - INFO - 开始扫描目录: D:\Dev\interface_monitoring\Interface-pool
2026-03-04 16:10:00 - scanner.interface_scanner - INFO - 实际扫描到的文件: 663
2026-03-04 16:10:00 - scanner.interface_scanner - INFO -   1. D:\Dev\interface_monitoring\Interface-pool\user\JPush推送\发送推送_OpenAPI.json
2026-03-04 16:10:00 - scanner.interface_scanner - INFO -   2. D:\Dev\interface_monitoring\Interface-pool\user\Oss管理\同步上传文件到OSS_OpenAPI.json
2026-03-04 16:10:00 - scanner.interface_scanner - INFO -   3. D:\Dev\interface_monitoring\Interface-pool\user\Oss管理\批量同步上传文件到OSS_OpenAPI.json
2026-03-04 16:10:00 - scanner.interface_scanner - INFO -   4. D:\Dev\interface_monitoring\Interface-pool\user\价格计算\个体价格计算_OpenAPI.json
2026-03-04 16:10:00 - scanner.interface_scanner - INFO -   5. D:\Dev\interface_monitoring\Interface-pool\user\价格计算\团体价格计算_OpenAPI.json
2026-03-04 16:10:00 - scanner.interface_scanner - INFO -   ... 还有 658 个文件
2026-03-04 16:10:00 - scanner.interface_scanner - INFO - 找到 663 个接口文档文件
2026-03-04 16:10:00 - scanner.interface_scanner - INFO - 扫描完成，共发现 663 个接口
2026-03-04 16:10:00 - __main__ - INFO - 发现 663 个接口
2026-03-04 16:10:00 - __main__ - INFO - Step 2: 获取认证Token...
2026-03-04 16:10:00 - auth.token_manager - WARNING - 尝试刷新不存在的Token: service=user, 将重新获取
2026-03-04 16:10:00 - auth.providers.http_auth_provider - INFO - 开始获取Token: service=user, method=GET
2026-03-04 16:10:00 - auth.providers.http_auth_provider - INFO - Token获取成功: service=user, expires_at=2026-03-04T16:10:01.688354
2026-03-04 16:10:00 - auth.token_manager - INFO - 强制刷新Token成功: service=user
2026-03-04 16:10:00 - auth.cache - INFO - Token已缓存: service=user, expires_at=2026-03-04 16:10:01.688354, remaining=1s
2026-03-04 16:10:00 - auth.token_manager - WARNING - 尝试刷新不存在的Token: service=nurse, 将重新获取
2026-03-04 16:10:00 - auth.providers.http_auth_provider - INFO - 开始获取Token: service=nurse, method=GET
2026-03-04 16:10:00 - auth.providers.http_auth_provider - INFO - Token获取成功: service=nurse, expires_at=2026-03-04T16:10:01.724786
2026-03-04 16:10:00 - auth.token_manager - INFO - 强制刷新Token成功: service=nurse
2026-03-04 16:10:00 - auth.cache - INFO - Token已缓存: service=nurse, expires_at=2026-03-04 16:10:01.724786, remaining=1s
2026-03-04 16:10:00 - auth.token_manager - WARNING - 尝试刷新不存在的Token: service=admin, 将重新获取
2026-03-04 16:10:00 - auth.providers.http_auth_provider - INFO - 开始获取Token: service=admin, method=POST
2026-03-04 16:10:00 - auth.providers.http_auth_provider - INFO - Token获取成功: service=admin, expires_at=2026-03-04T16:10:01.884443
2026-03-04 16:10:00 - auth.token_manager - INFO - 强制刷新Token成功: service=admin
2026-03-04 16:10:00 - auth.cache - INFO - Token已缓存: service=admin, expires_at=2026-03-04 16:10:01.884443, remaining=0s
2026-03-04 16:10:00 - __main__ - INFO - Step 3: 执行接口监控...
2026-03-04 16:10:00 - monitor.monitor_engine - INFO - 开始执行监控: 663个接口，5线程并发
2026-03-04 16:10:00 - monitor.monitor_engine - INFO - 请求间隔: 500ms
2026-03-04 16:10:05 - monitor.monitor_engine - INFO - 监控执行完成: 总数=663, 成功=197, 失败=466, 成功率=29.7%, P95响应时间=0.05s, 耗时=4.33s
2026-03-04 16:10:05 - __main__ - INFO - 接口监控执行时间: 4.33秒 (663个接口)
2026-03-04 16:10:05 - __main__ - INFO - Step 4: 分析监控结果...
2026-03-04 16:10:05 - analyzer.result_analyzer - INFO - 开始分析 663 个监控结果
2026-03-04 16:10:05 - analyzer.aggregators.error_aggregator - INFO - 开始聚合 466 个异常结果
2026-03-04 16:10:05 - analyzer.aggregators.error_aggregator - INFO - 聚合完成，共 463 种异常类型
2026-03-04 16:10:05 - analyzer.aggregators.stats_aggregator - INFO - 开始统计 663 个监控结果
2026-03-04 16:10:05 - analyzer.aggregators.stats_aggregator - INFO - 统计完成: 总数=663, 成功率=29.71%
2026-03-04 16:10:05 - analyzer.alert_logic - INFO - 发现500错误，触发异常告警: Heatmap
2026-03-04 16:10:05 - analyzer.alert_logic - INFO - 开始过滤告警错误，总错误数: 463
2026-03-04 16:10:05 - analyzer.alert_logic - INFO -   -> 通过error_type匹配: HTTP_500
2026-03-04 16:10:05 - analyzer.alert_logic - INFO -   -> 通过error_type匹配: HTTP_500
2026-03-04 16:10:05 - analyzer.alert_logic - INFO -   -> 通过error_type匹配: HTTP_404
2026-03-04 16:10:05 - analyzer.alert_logic - INFO -   -> 通过error_type匹配: HTTP_404
2026-03-04 16:10:05 - analyzer.alert_logic - INFO - 过滤完成，告警错误数: 4
2026-03-04 16:10:05 - analyzer.alert_logic - INFO - 被过滤的告警错误列表:
2026-03-04 16:10:05 - analyzer.alert_logic - INFO -   1. Heatmap - HTTP_500 (HTTP 500)
2026-03-04 16:10:05 - analyzer.alert_logic - INFO -   2. {Batchid} - HTTP_500 (HTTP 500)
2026-03-04 16:10:05 - analyzer.alert_logic - INFO -   3. Upload - HTTP_404 (HTTP 404)
2026-03-04 16:10:05 - analyzer.alert_logic - INFO -   4. Upload - HTTP_404 (HTTP 404)
2026-03-04 16:10:05 - analyzer.alert_logic - INFO - 准备发送告警: 类型=error, 优先级=CRITICAL, 接收人=5个, 告警错误=4个
2026-03-04 16:10:05 - analyzer.result_analyzer - INFO - 分析完成: 总数=663, 成功=197, 失败=466, 异常类型=463, 需要告警=True, 告警摘要=2个500错误，2个404错误
2026-03-04 16:10:05 - __main__ - INFO - 分析耗时: 0.00秒
2026-03-04 16:10:05 - __main__ - INFO - Step 5: 发送监控报告...
2026-03-04 16:10:05 - __main__ - INFO - 发现严重错误，发送告警通知
2026-03-04 16:10:05 - notifier.wechat_notifier - INFO - 开始发送监控报告
2026-03-04 16:10:05 - notifier.webhook_client - INFO - 发送企业微信消息 (尝试 1/3)
2026-03-04 16:10:05 - notifier.webhook_client - INFO - 消息发送成功: N/A
2026-03-04 16:10:05 - notifier.wechat_notifier - INFO - 监控报告发送成功: message_id=, retry_count=0
2026-03-04 16:10:05 - __main__ - INFO - 监控报告发送成功
2026-03-04 16:10:05 - __main__ - INFO - ============================================================
2026-03-04 16:10:05 - __main__ - INFO - 监控周期完成: 2026-03-04 16:10:05
2026-03-04 16:10:05 - __main__ - INFO - 总耗时: 4.92秒 (监控执行: 4.33秒, 分析: 0.00秒)
2026-03-04 16:10:05 - __main__ - INFO - 接口总数: 663
2026-03-04 16:10:05 - __main__ - INFO - 成功: 197
2026-03-04 16:10:05 - __main__ - INFO - 失败: 466
2026-03-04 16:10:05 - __main__ - INFO - 成功率: 29.71%
2026-03-04 16:10:05 - __main__ - INFO - 平均响应时间: 0.03秒
2026-03-04 16:10:05 - __main__ - INFO - 状态码分布:
2026-03-04 16:10:05 - __main__ - INFO -   HTTP 200: 197次 (29.7%)
2026-03-04 16:10:05 - __main__ - INFO -   HTTP 400: 372次 (56.1%)
2026-03-04 16:10:05 - __main__ - INFO -   HTTP 401: 87次 (13.1%)
2026-03-04 16:10:05 - __main__ - INFO -   HTTP 404: 2次 (0.3%)
2026-03-04 16:10:05 - __main__ - INFO -   HTTP 405: 1次 (0.2%)
2026-03-04 16:10:05 - __main__ - INFO -   HTTP 415: 2次 (0.3%)
2026-03-04 16:10:05 - __main__ - INFO -   HTTP 500: 2次 (0.3%)
2026-03-04 16:10:05 - __main__ - INFO - ============================================================
2026-03-04 16:10:05 - __main__ - INFO - 下次执行时间: 2026-03-04 16:15:00
2026-03-04 16:15:00 - __main__ - INFO - 开始执行监控周期: 2026-03-04 16:15:00
2026-03-04 16:15:00 - __main__ - INFO - ============================================================
2026-03-04 16:15:00 - __main__ - INFO - 开始监控周期: 2026-03-04 16:15:00
2026-03-04 16:15:00 - __main__ - INFO - ============================================================
2026-03-04 16:15:00 - __main__ - INFO - Step 1: 扫描接口文档...
2026-03-04 16:15:00 - scanner.interface_scanner - INFO - 开始扫描目录: D:\Dev\interface_monitoring\Interface-pool
2026-03-04 16:15:00 - scanner.interface_scanner - INFO - 实际扫描到的文件: 663
2026-03-04 16:15:00 - scanner.interface_scanner - INFO -   1. D:\Dev\interface_monitoring\Interface-pool\user\JPush推送\发送推送_OpenAPI.json
2026-03-04 16:15:00 - scanner.interface_scanner - INFO -   2. D:\Dev\interface_monitoring\Interface-pool\user\Oss管理\同步上传文件到OSS_OpenAPI.json
2026-03-04 16:15:00 - scanner.interface_scanner - INFO -   3. D:\Dev\interface_monitoring\Interface-pool\user\Oss管理\批量同步上传文件到OSS_OpenAPI.json
2026-03-04 16:15:00 - scanner.interface_scanner - INFO -   4. D:\Dev\interface_monitoring\Interface-pool\user\价格计算\个体价格计算_OpenAPI.json
2026-03-04 16:15:00 - scanner.interface_scanner - INFO -   5. D:\Dev\interface_monitoring\Interface-pool\user\价格计算\团体价格计算_OpenAPI.json
2026-03-04 16:15:00 - scanner.interface_scanner - INFO -   ... 还有 658 个文件
2026-03-04 16:15:00 - scanner.interface_scanner - INFO - 找到 663 个接口文档文件
2026-03-04 16:15:00 - scanner.interface_scanner - INFO - 扫描完成，共发现 663 个接口
2026-03-04 16:15:00 - __main__ - INFO - 发现 663 个接口
2026-03-04 16:15:00 - __main__ - INFO - Step 2: 获取认证Token...
2026-03-04 16:15:00 - auth.token_manager - WARNING - 尝试刷新不存在的Token: service=user, 将重新获取
2026-03-04 16:15:00 - auth.providers.http_auth_provider - INFO - 开始获取Token: service=user, method=GET
2026-03-04 16:15:00 - auth.providers.http_auth_provider - INFO - Token获取成功: service=user, expires_at=2026-03-04T16:15:01.723097
2026-03-04 16:15:00 - auth.token_manager - INFO - 强制刷新Token成功: service=user
2026-03-04 16:15:00 - auth.cache - INFO - Token已缓存: service=user, expires_at=2026-03-04 16:15:01.723097, remaining=0s
2026-03-04 16:15:00 - auth.token_manager - WARNING - 尝试刷新不存在的Token: service=nurse, 将重新获取
2026-03-04 16:15:00 - auth.providers.http_auth_provider - INFO - 开始获取Token: service=nurse, method=GET
2026-03-04 16:15:00 - auth.providers.http_auth_provider - INFO - Token获取成功: service=nurse, expires_at=2026-03-04T16:15:01.767865
2026-03-04 16:15:00 - auth.token_manager - INFO - 强制刷新Token成功: service=nurse
2026-03-04 16:15:00 - auth.cache - INFO - Token已缓存: service=nurse, expires_at=2026-03-04 16:15:01.767865, remaining=0s
2026-03-04 16:15:00 - auth.token_manager - WARNING - 尝试刷新不存在的Token: service=admin, 将重新获取
2026-03-04 16:15:00 - auth.providers.http_auth_provider - INFO - 开始获取Token: service=admin, method=POST
2026-03-04 16:15:00 - auth.providers.http_auth_provider - INFO - Token获取成功: service=admin, expires_at=2026-03-04T16:15:01.924069
2026-03-04 16:15:00 - auth.token_manager - INFO - 强制刷新Token成功: service=admin
2026-03-04 16:15:00 - auth.cache - INFO - Token已缓存: service=admin, expires_at=2026-03-04 16:15:01.924069, remaining=0s
2026-03-04 16:15:00 - __main__ - INFO - Step 3: 执行接口监控...
2026-03-04 16:15:00 - monitor.monitor_engine - INFO - 开始执行监控: 663个接口，5线程并发
2026-03-04 16:15:00 - monitor.monitor_engine - INFO - 请求间隔: 500ms
2026-03-04 16:15:05 - monitor.monitor_engine - INFO - 监控执行完成: 总数=663, 成功=197, 失败=466, 成功率=29.7%, P95响应时间=0.05s, 耗时=4.27s
2026-03-04 16:15:05 - __main__ - INFO - 接口监控执行时间: 4.27秒 (663个接口)
2026-03-04 16:15:05 - __main__ - INFO - Step 4: 分析监控结果...
2026-03-04 16:15:05 - analyzer.result_analyzer - INFO - 开始分析 663 个监控结果
2026-03-04 16:15:05 - analyzer.aggregators.error_aggregator - INFO - 开始聚合 466 个异常结果
2026-03-04 16:15:05 - analyzer.aggregators.error_aggregator - INFO - 聚合完成，共 463 种异常类型
2026-03-04 16:15:05 - analyzer.aggregators.stats_aggregator - INFO - 开始统计 663 个监控结果
2026-03-04 16:15:05 - analyzer.aggregators.stats_aggregator - INFO - 统计完成: 总数=663, 成功率=29.71%
2026-03-04 16:15:05 - analyzer.alert_logic - INFO - 发现500错误，触发异常告警: Heatmap
2026-03-04 16:15:05 - analyzer.alert_logic - INFO - 开始过滤告警错误，总错误数: 463
2026-03-04 16:15:05 - analyzer.alert_logic - INFO -   -> 通过error_type匹配: HTTP_500
2026-03-04 16:15:05 - analyzer.alert_logic - INFO -   -> 通过error_type匹配: HTTP_500
2026-03-04 16:15:05 - analyzer.alert_logic - INFO -   -> 通过error_type匹配: HTTP_404
2026-03-04 16:15:05 - analyzer.alert_logic - INFO -   -> 通过error_type匹配: HTTP_404
2026-03-04 16:15:05 - analyzer.alert_logic - INFO - 过滤完成，告警错误数: 4
2026-03-04 16:15:05 - analyzer.alert_logic - INFO - 被过滤的告警错误列表:
2026-03-04 16:15:05 - analyzer.alert_logic - INFO -   1. Heatmap - HTTP_500 (HTTP 500)
2026-03-04 16:15:05 - analyzer.alert_logic - INFO -   2. {Batchid} - HTTP_500 (HTTP 500)
2026-03-04 16:15:05 - analyzer.alert_logic - INFO -   3. Upload - HTTP_404 (HTTP 404)
2026-03-04 16:15:05 - analyzer.alert_logic - INFO -   4. Upload - HTTP_404 (HTTP 404)
2026-03-04 16:15:05 - analyzer.alert_logic - INFO - 准备发送告警: 类型=error, 优先级=CRITICAL, 接收人=5个, 告警错误=4个
2026-03-04 16:15:05 - analyzer.result_analyzer - INFO - 分析完成: 总数=663, 成功=197, 失败=466, 异常类型=463, 需要告警=True, 告警摘要=2个500错误，2个404错误
2026-03-04 16:15:05 - __main__ - INFO - 分析耗时: 0.00秒
2026-03-04 16:15:05 - __main__ - INFO - Step 5: 发送监控报告...
2026-03-04 16:15:05 - __main__ - INFO - 发现严重错误，发送告警通知
2026-03-04 16:15:05 - notifier.wechat_notifier - INFO - 开始发送监控报告
2026-03-04 16:15:05 - notifier.webhook_client - INFO - 发送企业微信消息 (尝试 1/3)
2026-03-04 16:15:05 - notifier.webhook_client - INFO - 消息发送成功: N/A
2026-03-04 16:15:05 - notifier.wechat_notifier - INFO - 监控报告发送成功: message_id=, retry_count=0
2026-03-04 16:15:05 - __main__ - INFO - 监控报告发送成功
2026-03-04 16:15:05 - __main__ - INFO - ============================================================
2026-03-04 16:15:05 - __main__ - INFO - 监控周期完成: 2026-03-04 16:15:05
2026-03-04 16:15:05 - __main__ - INFO - 总耗时: 4.82秒 (监控执行: 4.27秒, 分析: 0.00秒)
2026-03-04 16:15:05 - __main__ - INFO - 接口总数: 663
2026-03-04 16:15:05 - __main__ - INFO - 成功: 197
2026-03-04 16:15:05 - __main__ - INFO - 失败: 466
2026-03-04 16:15:05 - __main__ - INFO - 成功率: 29.71%
2026-03-04 16:15:05 - __main__ - INFO - 平均响应时间: 0.03秒
2026-03-04 16:15:05 - __main__ - INFO - 状态码分布:
2026-03-04 16:15:05 - __main__ - INFO -   HTTP 200: 197次 (29.7%)
2026-03-04 16:15:05 - __main__ - INFO -   HTTP 400: 372次 (56.1%)
2026-03-04 16:15:05 - __main__ - INFO -   HTTP 401: 87次 (13.1%)
2026-03-04 16:15:05 - __main__ - INFO -   HTTP 404: 2次 (0.3%)
2026-03-04 16:15:05 - __main__ - INFO -   HTTP 405: 1次 (0.2%)
2026-03-04 16:15:05 - __main__ - INFO -   HTTP 415: 2次 (0.3%)
2026-03-04 16:15:05 - __main__ - INFO -   HTTP 500: 2次 (0.3%)
2026-03-04 16:15:05 - __main__ - INFO - ============================================================
2026-03-04 16:15:05 - __main__ - INFO - 下次执行时间: 2026-03-04 16:20:00
2026-03-04 16:20:00 - __main__ - INFO - 开始执行监控周期: 2026-03-04 16:20:00
2026-03-04 16:20:00 - __main__ - INFO - ============================================================
2026-03-04 16:20:00 - __main__ - INFO - 开始监控周期: 2026-03-04 16:20:00
2026-03-04 16:20:00 - __main__ - INFO - ============================================================
2026-03-04 16:20:00 - __main__ - INFO - Step 1: 扫描接口文档...
2026-03-04 16:20:00 - scanner.interface_scanner - INFO - 开始扫描目录: D:\Dev\interface_monitoring\Interface-pool
2026-03-04 16:20:00 - scanner.interface_scanner - INFO - 实际扫描到的文件: 663
2026-03-04 16:20:00 - scanner.interface_scanner - INFO -   1. D:\Dev\interface_monitoring\Interface-pool\user\JPush推送\发送推送_OpenAPI.json
2026-03-04 16:20:00 - scanner.interface_scanner - INFO -   2. D:\Dev\interface_monitoring\Interface-pool\user\Oss管理\同步上传文件到OSS_OpenAPI.json
2026-03-04 16:20:00 - scanner.interface_scanner - INFO -   3. D:\Dev\interface_monitoring\Interface-pool\user\Oss管理\批量同步上传文件到OSS_OpenAPI.json
2026-03-04 16:20:00 - scanner.interface_scanner - INFO -   4. D:\Dev\interface_monitoring\Interface-pool\user\价格计算\个体价格计算_OpenAPI.json
2026-03-04 16:20:00 - scanner.interface_scanner - INFO -   5. D:\Dev\interface_monitoring\Interface-pool\user\价格计算\团体价格计算_OpenAPI.json
2026-03-04 16:20:00 - scanner.interface_scanner - INFO -   ... 还有 658 个文件
2026-03-04 16:20:00 - scanner.interface_scanner - INFO - 找到 663 个接口文档文件
2026-03-04 16:20:00 - scanner.interface_scanner - INFO - 扫描完成，共发现 663 个接口
2026-03-04 16:20:00 - __main__ - INFO - 发现 663 个接口
2026-03-04 16:20:00 - __main__ - INFO - Step 2: 获取认证Token...
2026-03-04 16:20:00 - auth.token_manager - WARNING - 尝试刷新不存在的Token: service=user, 将重新获取
2026-03-04 16:20:00 - auth.providers.http_auth_provider - INFO - 开始获取Token: service=user, method=GET
2026-03-04 16:20:00 - auth.providers.http_auth_provider - INFO - Token获取成功: service=user, expires_at=2026-03-04T16:20:01.680478
2026-03-04 16:20:00 - auth.token_manager - INFO - 强制刷新Token成功: service=user
2026-03-04 16:20:00 - auth.cache - INFO - Token已缓存: service=user, expires_at=2026-03-04 16:20:01.680478, remaining=0s
2026-03-04 16:20:00 - auth.token_manager - WARNING - 尝试刷新不存在的Token: service=nurse, 将重新获取
2026-03-04 16:20:00 - auth.providers.http_auth_provider - INFO - 开始获取Token: service=nurse, method=GET
2026-03-04 16:20:00 - auth.providers.http_auth_provider - INFO - Token获取成功: service=nurse, expires_at=2026-03-04T16:20:01.723591
2026-03-04 16:20:00 - auth.token_manager - INFO - 强制刷新Token成功: service=nurse
2026-03-04 16:20:00 - auth.cache - INFO - Token已缓存: service=nurse, expires_at=2026-03-04 16:20:01.723591, remaining=0s
2026-03-04 16:20:00 - auth.token_manager - WARNING - 尝试刷新不存在的Token: service=admin, 将重新获取
2026-03-04 16:20:00 - auth.providers.http_auth_provider - INFO - 开始获取Token: service=admin, method=POST
2026-03-04 16:20:00 - auth.providers.http_auth_provider - INFO - Token获取成功: service=admin, expires_at=2026-03-04T16:20:01.863523
2026-03-04 16:20:00 - auth.token_manager - INFO - 强制刷新Token成功: service=admin
2026-03-04 16:20:00 - auth.cache - INFO - Token已缓存: service=admin, expires_at=2026-03-04 16:20:01.863523, remaining=0s
2026-03-04 16:20:00 - __main__ - INFO - Step 3: 执行接口监控...
2026-03-04 16:20:00 - monitor.monitor_engine - INFO - 开始执行监控: 663个接口，5线程并发
2026-03-04 16:20:00 - monitor.monitor_engine - INFO - 请求间隔: 500ms
2026-03-04 16:20:05 - monitor.monitor_engine - INFO - 监控执行完成: 总数=663, 成功=197, 失败=466, 成功率=29.7%, P95响应时间=0.05s, 耗时=4.29s
2026-03-04 16:20:05 - __main__ - INFO - 接口监控执行时间: 4.29秒 (663个接口)
2026-03-04 16:20:05 - __main__ - INFO - Step 4: 分析监控结果...
2026-03-04 16:20:05 - analyzer.result_analyzer - INFO - 开始分析 663 个监控结果
2026-03-04 16:20:05 - analyzer.aggregators.error_aggregator - INFO - 开始聚合 466 个异常结果
2026-03-04 16:20:05 - analyzer.aggregators.error_aggregator - INFO - 聚合完成，共 463 种异常类型
2026-03-04 16:20:05 - analyzer.aggregators.stats_aggregator - INFO - 开始统计 663 个监控结果
2026-03-04 16:20:05 - analyzer.aggregators.stats_aggregator - INFO - 统计完成: 总数=663, 成功率=29.71%
2026-03-04 16:20:05 - analyzer.alert_logic - INFO - 发现500错误，触发异常告警: Heatmap
2026-03-04 16:20:05 - analyzer.alert_logic - INFO - 开始过滤告警错误，总错误数: 463
2026-03-04 16:20:05 - analyzer.alert_logic - INFO -   -> 通过error_type匹配: HTTP_500
2026-03-04 16:20:05 - analyzer.alert_logic - INFO -   -> 通过error_type匹配: HTTP_500
2026-03-04 16:20:05 - analyzer.alert_logic - INFO -   -> 通过error_type匹配: HTTP_404
2026-03-04 16:20:05 - analyzer.alert_logic - INFO -   -> 通过error_type匹配: HTTP_404
2026-03-04 16:20:05 - analyzer.alert_logic - INFO - 过滤完成，告警错误数: 4
2026-03-04 16:20:05 - analyzer.alert_logic - INFO - 被过滤的告警错误列表:
2026-03-04 16:20:05 - analyzer.alert_logic - INFO -   1. Heatmap - HTTP_500 (HTTP 500)
2026-03-04 16:20:05 - analyzer.alert_logic - INFO -   2. {Batchid} - HTTP_500 (HTTP 500)
2026-03-04 16:20:05 - analyzer.alert_logic - INFO -   3. Upload - HTTP_404 (HTTP 404)
2026-03-04 16:20:05 - analyzer.alert_logic - INFO -   4. Upload - HTTP_404 (HTTP 404)
2026-03-04 16:20:05 - analyzer.alert_logic - INFO - 准备发送告警: 类型=error, 优先级=CRITICAL, 接收人=5个, 告警错误=4个
2026-03-04 16:20:05 - analyzer.result_analyzer - INFO - 分析完成: 总数=663, 成功=197, 失败=466, 异常类型=463, 需要告警=True, 告警摘要=2个500错误，2个404错误
2026-03-04 16:20:05 - __main__ - INFO - 分析耗时: 0.01秒
2026-03-04 16:20:05 - __main__ - INFO - Step 5: 发送监控报告...
2026-03-04 16:20:05 - __main__ - INFO - 发现严重错误，发送告警通知
2026-03-04 16:20:05 - notifier.wechat_notifier - INFO - 开始发送监控报告
2026-03-04 16:20:05 - notifier.webhook_client - INFO - 发送企业微信消息 (尝试 1/3)
2026-03-04 16:20:05 - notifier.webhook_client - INFO - 消息发送成功: N/A
2026-03-04 16:20:05 - notifier.wechat_notifier - INFO - 监控报告发送成功: message_id=, retry_count=0
2026-03-04 16:20:05 - __main__ - INFO - 监控报告发送成功
2026-03-04 16:20:05 - __main__ - INFO - ============================================================
2026-03-04 16:20:05 - __main__ - INFO - 监控周期完成: 2026-03-04 16:20:05
2026-03-04 16:20:05 - __main__ - INFO - 总耗时: 4.84秒 (监控执行: 4.29秒, 分析: 0.01秒)
2026-03-04 16:20:05 - __main__ - INFO - 接口总数: 663
2026-03-04 16:20:05 - __main__ - INFO - 成功: 197
2026-03-04 16:20:05 - __main__ - INFO - 失败: 466
2026-03-04 16:20:05 - __main__ - INFO - 成功率: 29.71%
2026-03-04 16:20:05 - __main__ - INFO - 平均响应时间: 0.03秒
2026-03-04 16:20:05 - __main__ - INFO - 状态码分布:
2026-03-04 16:20:05 - __main__ - INFO -   HTTP 200: 197次 (29.7%)
2026-03-04 16:20:05 - __main__ - INFO -   HTTP 400: 373次 (56.3%)
2026-03-04 16:20:05 - __main__ - INFO -   HTTP 401: 86次 (13.0%)
2026-03-04 16:20:05 - __main__ - INFO -   HTTP 404: 2次 (0.3%)
2026-03-04 16:20:05 - __main__ - INFO -   HTTP 405: 1次 (0.2%)
2026-03-04 16:20:05 - __main__ - INFO -   HTTP 415: 2次 (0.3%)
2026-03-04 16:20:05 - __main__ - INFO -   HTTP 500: 2次 (0.3%)
2026-03-04 16:20:05 - __main__ - INFO - ============================================================
2026-03-04 16:20:05 - __main__ - INFO - 下次执行时间: 2026-03-04 16:25:00
2026-03-04 16:25:00 - __main__ - INFO - 开始执行监控周期: 2026-03-04 16:25:00
2026-03-04 16:25:00 - __main__ - INFO - ============================================================
2026-03-04 16:25:00 - __main__ - INFO - 开始监控周期: 2026-03-04 16:25:00
2026-03-04 16:25:00 - __main__ - INFO - ============================================================
2026-03-04 16:25:00 - __main__ - INFO - Step 1: 扫描接口文档...
2026-03-04 16:25:00 - scanner.interface_scanner - INFO - 开始扫描目录: D:\Dev\interface_monitoring\Interface-pool
2026-03-04 16:25:00 - scanner.interface_scanner - INFO - 实际扫描到的文件: 663
2026-03-04 16:25:00 - scanner.interface_scanner - INFO -   1. D:\Dev\interface_monitoring\Interface-pool\user\JPush推送\发送推送_OpenAPI.json
2026-03-04 16:25:00 - scanner.interface_scanner - INFO -   2. D:\Dev\interface_monitoring\Interface-pool\user\Oss管理\同步上传文件到OSS_OpenAPI.json
2026-03-04 16:25:00 - scanner.interface_scanner - INFO -   3. D:\Dev\interface_monitoring\Interface-pool\user\Oss管理\批量同步上传文件到OSS_OpenAPI.json
2026-03-04 16:25:00 - scanner.interface_scanner - INFO -   4. D:\Dev\interface_monitoring\Interface-pool\user\价格计算\个体价格计算_OpenAPI.json
2026-03-04 16:25:00 - scanner.interface_scanner - INFO -   5. D:\Dev\interface_monitoring\Interface-pool\user\价格计算\团体价格计算_OpenAPI.json
2026-03-04 16:25:00 - scanner.interface_scanner - INFO -   ... 还有 658 个文件
2026-03-04 16:25:00 - scanner.interface_scanner - INFO - 找到 663 个接口文档文件
2026-03-04 16:25:00 - scanner.interface_scanner - INFO - 扫描完成，共发现 663 个接口
2026-03-04 16:25:00 - __main__ - INFO - 发现 663 个接口
2026-03-04 16:25:00 - __main__ - INFO - Step 2: 获取认证Token...
2026-03-04 16:25:00 - auth.token_manager - WARNING - 尝试刷新不存在的Token: service=user, 将重新获取
2026-03-04 16:25:00 - auth.providers.http_auth_provider - INFO - 开始获取Token: service=user, method=GET
2026-03-04 16:25:00 - auth.providers.http_auth_provider - INFO - Token获取成功: service=user, expires_at=2026-03-04T16:25:01.644292
2026-03-04 16:25:00 - auth.token_manager - INFO - 强制刷新Token成功: service=user
2026-03-04 16:25:00 - auth.cache - INFO - Token已缓存: service=user, expires_at=2026-03-04 16:25:01.644292, remaining=0s
2026-03-04 16:25:00 - auth.token_manager - WARNING - 尝试刷新不存在的Token: service=nurse, 将重新获取
2026-03-04 16:25:00 - auth.providers.http_auth_provider - INFO - 开始获取Token: service=nurse, method=GET
2026-03-04 16:25:00 - auth.providers.http_auth_provider - INFO - Token获取成功: service=nurse, expires_at=2026-03-04T16:25:01.687066
2026-03-04 16:25:00 - auth.token_manager - INFO - 强制刷新Token成功: service=nurse
2026-03-04 16:25:00 - auth.cache - INFO - Token已缓存: service=nurse, expires_at=2026-03-04 16:25:01.687066, remaining=0s
2026-03-04 16:25:00 - auth.token_manager - WARNING - 尝试刷新不存在的Token: service=admin, 将重新获取
2026-03-04 16:25:00 - auth.providers.http_auth_provider - INFO - 开始获取Token: service=admin, method=POST
2026-03-04 16:25:00 - auth.providers.http_auth_provider - INFO - Token获取成功: service=admin, expires_at=2026-03-04T16:25:01.829905
2026-03-04 16:25:00 - auth.token_manager - INFO - 强制刷新Token成功: service=admin
2026-03-04 16:25:00 - auth.cache - INFO - Token已缓存: service=admin, expires_at=2026-03-04 16:25:01.829905, remaining=0s
2026-03-04 16:25:00 - __main__ - INFO - Step 3: 执行接口监控...
2026-03-04 16:25:00 - monitor.monitor_engine - INFO - 开始执行监控: 663个接口，5线程并发
2026-03-04 16:25:00 - monitor.monitor_engine - INFO - 请求间隔: 500ms
2026-03-04 16:25:04 - monitor.monitor_engine - INFO - 监控执行完成: 总数=663, 成功=197, 失败=466, 成功率=29.7%, P95响应时间=0.05s, 耗时=4.14s
2026-03-04 16:25:04 - __main__ - INFO - 接口监控执行时间: 4.14秒 (663个接口)
2026-03-04 16:25:04 - __main__ - INFO - Step 4: 分析监控结果...
2026-03-04 16:25:04 - analyzer.result_analyzer - INFO - 开始分析 663 个监控结果
2026-03-04 16:25:04 - analyzer.aggregators.error_aggregator - INFO - 开始聚合 466 个异常结果
2026-03-04 16:25:04 - analyzer.aggregators.error_aggregator - INFO - 聚合完成，共 463 种异常类型
2026-03-04 16:25:04 - analyzer.aggregators.stats_aggregator - INFO - 开始统计 663 个监控结果
2026-03-04 16:25:04 - analyzer.aggregators.stats_aggregator - INFO - 统计完成: 总数=663, 成功率=29.71%
2026-03-04 16:25:04 - analyzer.alert_logic - INFO - 发现500错误，触发异常告警: Heatmap
2026-03-04 16:25:04 - analyzer.alert_logic - INFO - 开始过滤告警错误，总错误数: 463
2026-03-04 16:25:04 - analyzer.alert_logic - INFO -   -> 通过error_type匹配: HTTP_500
2026-03-04 16:25:04 - analyzer.alert_logic - INFO -   -> 通过error_type匹配: HTTP_500
2026-03-04 16:25:04 - analyzer.alert_logic - INFO -   -> 通过error_type匹配: HTTP_404
2026-03-04 16:25:04 - analyzer.alert_logic - INFO -   -> 通过error_type匹配: HTTP_404
2026-03-04 16:25:04 - analyzer.alert_logic - INFO - 过滤完成，告警错误数: 4
2026-03-04 16:25:04 - analyzer.alert_logic - INFO - 被过滤的告警错误列表:
2026-03-04 16:25:04 - analyzer.alert_logic - INFO -   1. Heatmap - HTTP_500 (HTTP 500)
2026-03-04 16:25:04 - analyzer.alert_logic - INFO -   2. {Batchid} - HTTP_500 (HTTP 500)
2026-03-04 16:25:04 - analyzer.alert_logic - INFO -   3. Upload - HTTP_404 (HTTP 404)
2026-03-04 16:25:04 - analyzer.alert_logic - INFO -   4. Upload - HTTP_404 (HTTP 404)
2026-03-04 16:25:04 - analyzer.alert_logic - INFO - 准备发送告警: 类型=error, 优先级=CRITICAL, 接收人=5个, 告警错误=4个
2026-03-04 16:25:04 - analyzer.result_analyzer - INFO - 分析完成: 总数=663, 成功=197, 失败=466, 异常类型=463, 需要告警=True, 告警摘要=2个500错误，2个404错误
2026-03-04 16:25:04 - __main__ - INFO - 分析耗时: 0.00秒
2026-03-04 16:25:04 - __main__ - INFO - Step 5: 发送监控报告...
2026-03-04 16:25:04 - __main__ - INFO - 发现严重错误，发送告警通知
2026-03-04 16:25:04 - notifier.wechat_notifier - INFO - 开始发送监控报告
2026-03-04 16:25:04 - notifier.webhook_client - INFO - 发送企业微信消息 (尝试 1/3)
2026-03-04 16:25:05 - notifier.webhook_client - INFO - 消息发送成功: N/A
2026-03-04 16:25:05 - notifier.wechat_notifier - INFO - 监控报告发送成功: message_id=, retry_count=0
2026-03-04 16:25:05 - __main__ - INFO - 监控报告发送成功
2026-03-04 16:25:05 - __main__ - INFO - ============================================================
2026-03-04 16:25:05 - __main__ - INFO - 监控周期完成: 2026-03-04 16:25:05
2026-03-04 16:25:05 - __main__ - INFO - 总耗时: 4.69秒 (监控执行: 4.14秒, 分析: 0.00秒)
2026-03-04 16:25:05 - __main__ - INFO - 接口总数: 663
2026-03-04 16:25:05 - __main__ - INFO - 成功: 197
2026-03-04 16:25:05 - __main__ - INFO - 失败: 466
2026-03-04 16:25:05 - __main__ - INFO - 成功率: 29.71%
2026-03-04 16:25:05 - __main__ - INFO - 平均响应时间: 0.03秒
2026-03-04 16:25:05 - __main__ - INFO - 状态码分布:
2026-03-04 16:25:05 - __main__ - INFO -   HTTP 200: 197次 (29.7%)
2026-03-04 16:25:05 - __main__ - INFO -   HTTP 400: 375次 (56.6%)
2026-03-04 16:25:05 - __main__ - INFO -   HTTP 401: 84次 (12.7%)
2026-03-04 16:25:05 - __main__ - INFO -   HTTP 404: 2次 (0.3%)
2026-03-04 16:25:05 - __main__ - INFO -   HTTP 405: 1次 (0.2%)
2026-03-04 16:25:05 - __main__ - INFO -   HTTP 415: 2次 (0.3%)
2026-03-04 16:25:05 - __main__ - INFO -   HTTP 500: 2次 (0.3%)
2026-03-04 16:25:05 - __main__ - INFO - ============================================================
2026-03-04 16:25:05 - __main__ - INFO - 下次执行时间: 2026-03-04 16:30:00
2026-03-04 16:30:00 - __main__ - INFO - 开始执行监控周期: 2026-03-04 16:30:00
2026-03-04 16:30:00 - __main__ - INFO - ============================================================
2026-03-04 16:30:00 - __main__ - INFO - 开始监控周期: 2026-03-04 16:30:00
2026-03-04 16:30:00 - __main__ - INFO - ============================================================
2026-03-04 16:30:00 - __main__ - INFO - Step 1: 扫描接口文档...
2026-03-04 16:30:00 - scanner.interface_scanner - INFO - 开始扫描目录: D:\Dev\interface_monitoring\Interface-pool
2026-03-04 16:30:00 - scanner.interface_scanner - INFO - 实际扫描到的文件: 663
2026-03-04 16:30:00 - scanner.interface_scanner - INFO -   1. D:\Dev\interface_monitoring\Interface-pool\user\JPush推送\发送推送_OpenAPI.json
2026-03-04 16:30:00 - scanner.interface_scanner - INFO -   2. D:\Dev\interface_monitoring\Interface-pool\user\Oss管理\同步上传文件到OSS_OpenAPI.json
2026-03-04 16:30:00 - scanner.interface_scanner - INFO -   3. D:\Dev\interface_monitoring\Interface-pool\user\Oss管理\批量同步上传文件到OSS_OpenAPI.json
2026-03-04 16:30:00 - scanner.interface_scanner - INFO -   4. D:\Dev\interface_monitoring\Interface-pool\user\价格计算\个体价格计算_OpenAPI.json
2026-03-04 16:30:00 - scanner.interface_scanner - INFO -   5. D:\Dev\interface_monitoring\Interface-pool\user\价格计算\团体价格计算_OpenAPI.json
2026-03-04 16:30:00 - scanner.interface_scanner - INFO -   ... 还有 658 个文件
2026-03-04 16:30:00 - scanner.interface_scanner - INFO - 找到 663 个接口文档文件
2026-03-04 16:30:00 - scanner.interface_scanner - INFO - 扫描完成，共发现 663 个接口
2026-03-04 16:30:00 - __main__ - INFO - 发现 663 个接口
2026-03-04 16:30:00 - __main__ - INFO - Step 2: 获取认证Token...
2026-03-04 16:30:00 - auth.token_manager - WARNING - 尝试刷新不存在的Token: service=user, 将重新获取
2026-03-04 16:30:00 - auth.providers.http_auth_provider - INFO - 开始获取Token: service=user, method=GET
2026-03-04 16:30:00 - auth.providers.http_auth_provider - INFO - Token获取成功: service=user, expires_at=2026-03-04T16:30:01.450622
2026-03-04 16:30:00 - auth.token_manager - INFO - 强制刷新Token成功: service=user
2026-03-04 16:30:00 - auth.cache - INFO - Token已缓存: service=user, expires_at=2026-03-04 16:30:01.450622, remaining=0s
2026-03-04 16:30:00 - auth.token_manager - WARNING - 尝试刷新不存在的Token: service=nurse, 将重新获取
2026-03-04 16:30:00 - auth.providers.http_auth_provider - INFO - 开始获取Token: service=nurse, method=GET
2026-03-04 16:30:00 - auth.providers.http_auth_provider - INFO - Token获取成功: service=nurse, expires_at=2026-03-04T16:30:01.509084
2026-03-04 16:30:00 - auth.token_manager - INFO - 强制刷新Token成功: service=nurse
2026-03-04 16:30:00 - auth.cache - INFO - Token已缓存: service=nurse, expires_at=2026-03-04 16:30:01.509084, remaining=0s
2026-03-04 16:30:00 - auth.token_manager - WARNING - 尝试刷新不存在的Token: service=admin, 将重新获取
2026-03-04 16:30:00 - auth.providers.http_auth_provider - INFO - 开始获取Token: service=admin, method=POST
2026-03-04 16:30:00 - auth.providers.http_auth_provider - INFO - Token获取成功: service=admin, expires_at=2026-03-04T16:30:01.667255
2026-03-04 16:30:00 - auth.token_manager - INFO - 强制刷新Token成功: service=admin
2026-03-04 16:30:00 - auth.cache - INFO - Token已缓存: service=admin, expires_at=2026-03-04 16:30:01.667255, remaining=0s
2026-03-04 16:30:00 - __main__ - INFO - Step 3: 执行接口监控...
2026-03-04 16:30:00 - monitor.monitor_engine - INFO - 开始执行监控: 663个接口，5线程并发
2026-03-04 16:30:00 - monitor.monitor_engine - INFO - 请求间隔: 500ms
2026-03-04 16:30:05 - monitor.monitor_engine - INFO - 监控执行完成: 总数=663, 成功=196, 失败=467, 成功率=29.6%, P95响应时间=0.05s, 耗时=4.36s
2026-03-04 16:30:05 - __main__ - INFO - 接口监控执行时间: 4.36秒 (663个接口)
2026-03-04 16:30:05 - __main__ - INFO - Step 4: 分析监控结果...
2026-03-04 16:30:05 - analyzer.result_analyzer - INFO - 开始分析 663 个监控结果
2026-03-04 16:30:05 - analyzer.aggregators.error_aggregator - INFO - 开始聚合 467 个异常结果
2026-03-04 16:30:05 - analyzer.aggregators.error_aggregator - INFO - 聚合完成，共 464 种异常类型
2026-03-04 16:30:05 - analyzer.aggregators.stats_aggregator - INFO - 开始统计 663 个监控结果
2026-03-04 16:30:05 - analyzer.aggregators.stats_aggregator - INFO - 统计完成: 总数=663, 成功率=29.56%
2026-03-04 16:30:05 - analyzer.alert_logic - INFO - 发现500错误，触发异常告警: Heatmap
2026-03-04 16:30:05 - analyzer.alert_logic - INFO - 开始过滤告警错误，总错误数: 464
2026-03-04 16:30:05 - analyzer.alert_logic - INFO -   -> 通过error_type匹配: HTTP_500
2026-03-04 16:30:05 - analyzer.alert_logic - INFO -   -> 通过error_type匹配: HTTP_500
2026-03-04 16:30:05 - analyzer.alert_logic - INFO -   -> 通过error_type匹配: HTTP_404
2026-03-04 16:30:05 - analyzer.alert_logic - INFO -   -> 通过error_type匹配: HTTP_404
2026-03-04 16:30:05 - analyzer.alert_logic - INFO - 过滤完成，告警错误数: 4
2026-03-04 16:30:05 - analyzer.alert_logic - INFO - 被过滤的告警错误列表:
2026-03-04 16:30:05 - analyzer.alert_logic - INFO -   1. Heatmap - HTTP_500 (HTTP 500)
2026-03-04 16:30:05 - analyzer.alert_logic - INFO -   2. {Batchid} - HTTP_500 (HTTP 500)
2026-03-04 16:30:05 - analyzer.alert_logic - INFO -   3. Upload - HTTP_404 (HTTP 404)
2026-03-04 16:30:05 - analyzer.alert_logic - INFO -   4. Upload - HTTP_404 (HTTP 404)
2026-03-04 16:30:05 - analyzer.alert_logic - INFO - 准备发送告警: 类型=error, 优先级=CRITICAL, 接收人=5个, 告警错误=4个
2026-03-04 16:30:05 - analyzer.result_analyzer - INFO - 分析完成: 总数=663, 成功=196, 失败=467, 异常类型=464, 需要告警=True, 告警摘要=2个500错误，2个404错误
2026-03-04 16:30:05 - __main__ - INFO - 分析耗时: 0.00秒
2026-03-04 16:30:05 - __main__ - INFO - Step 5: 发送监控报告...
2026-03-04 16:30:05 - __main__ - INFO - 发现严重错误，发送告警通知
2026-03-04 16:30:05 - notifier.wechat_notifier - INFO - 开始发送监控报告
2026-03-04 16:30:05 - notifier.webhook_client - INFO - 发送企业微信消息 (尝试 1/3)
2026-03-04 16:30:05 - notifier.webhook_client - INFO - 消息发送成功: N/A
2026-03-04 16:30:05 - notifier.wechat_notifier - INFO - 监控报告发送成功: message_id=, retry_count=0
2026-03-04 16:30:05 - __main__ - INFO - 监控报告发送成功
2026-03-04 16:30:05 - __main__ - INFO - ============================================================
2026-03-04 16:30:05 - __main__ - INFO - 监控周期完成: 2026-03-04 16:30:05
2026-03-04 16:30:05 - __main__ - INFO - 总耗时: 4.95秒 (监控执行: 4.36秒, 分析: 0.00秒)
2026-03-04 16:30:05 - __main__ - INFO - 接口总数: 663
2026-03-04 16:30:05 - __main__ - INFO - 成功: 196
2026-03-04 16:30:05 - __main__ - INFO - 失败: 467
2026-03-04 16:30:05 - __main__ - INFO - 成功率: 29.56%
2026-03-04 16:30:05 - __main__ - INFO - 平均响应时间: 0.03秒
2026-03-04 16:30:05 - __main__ - INFO - 状态码分布:
2026-03-04 16:30:05 - __main__ - INFO -   HTTP 200: 196次 (29.6%)
2026-03-04 16:30:05 - __main__ - INFO -   HTTP 400: 372次 (56.1%)
2026-03-04 16:30:05 - __main__ - INFO -   HTTP 401: 88次 (13.3%)
2026-03-04 16:30:05 - __main__ - INFO -   HTTP 404: 2次 (0.3%)
2026-03-04 16:30:05 - __main__ - INFO -   HTTP 405: 1次 (0.2%)
2026-03-04 16:30:05 - __main__ - INFO -   HTTP 415: 2次 (0.3%)
2026-03-04 16:30:05 - __main__ - INFO -   HTTP 500: 2次 (0.3%)
2026-03-04 16:30:05 - __main__ - INFO - ============================================================
2026-03-04 16:30:05 - __main__ - INFO - 下次执行时间: 2026-03-04 16:35:00
2026-03-04 16:35:00 - __main__ - INFO - 开始执行监控周期: 2026-03-04 16:35:00
2026-03-04 16:35:00 - __main__ - INFO - ============================================================
2026-03-04 16:35:00 - __main__ - INFO - 开始监控周期: 2026-03-04 16:35:00
2026-03-04 16:35:00 - __main__ - INFO - ============================================================
2026-03-04 16:35:00 - __main__ - INFO - Step 1: 扫描接口文档...
2026-03-04 16:35:00 - scanner.interface_scanner - INFO - 开始扫描目录: D:\Dev\interface_monitoring\Interface-pool
2026-03-04 16:35:00 - scanner.interface_scanner - INFO - 实际扫描到的文件: 663
2026-03-04 16:35:00 - scanner.interface_scanner - INFO -   1. D:\Dev\interface_monitoring\Interface-pool\user\JPush推送\发送推送_OpenAPI.json
2026-03-04 16:35:00 - scanner.interface_scanner - INFO -   2. D:\Dev\interface_monitoring\Interface-pool\user\Oss管理\同步上传文件到OSS_OpenAPI.json
2026-03-04 16:35:00 - scanner.interface_scanner - INFO -   3. D:\Dev\interface_monitoring\Interface-pool\user\Oss管理\批量同步上传文件到OSS_OpenAPI.json
2026-03-04 16:35:00 - scanner.interface_scanner - INFO -   4. D:\Dev\interface_monitoring\Interface-pool\user\价格计算\个体价格计算_OpenAPI.json
2026-03-04 16:35:00 - scanner.interface_scanner - INFO -   5. D:\Dev\interface_monitoring\Interface-pool\user\价格计算\团体价格计算_OpenAPI.json
2026-03-04 16:35:00 - scanner.interface_scanner - INFO -   ... 还有 658 个文件
2026-03-04 16:35:00 - scanner.interface_scanner - INFO - 找到 663 个接口文档文件
2026-03-04 16:35:00 - scanner.interface_scanner - INFO - 扫描完成，共发现 663 个接口
2026-03-04 16:35:00 - __main__ - INFO - 发现 663 个接口
2026-03-04 16:35:00 - __main__ - INFO - Step 2: 获取认证Token...
2026-03-04 16:35:00 - auth.token_manager - WARNING - 尝试刷新不存在的Token: service=user, 将重新获取
2026-03-04 16:35:00 - auth.providers.http_auth_provider - INFO - 开始获取Token: service=user, method=GET
2026-03-04 16:35:00 - auth.providers.http_auth_provider - INFO - Token获取成功: service=user, expires_at=2026-03-04T16:35:01.545726
2026-03-04 16:35:00 - auth.token_manager - INFO - 强制刷新Token成功: service=user
2026-03-04 16:35:00 - auth.cache - INFO - Token已缓存: service=user, expires_at=2026-03-04 16:35:01.545726, remaining=1s
2026-03-04 16:35:00 - auth.token_manager - WARNING - 尝试刷新不存在的Token: service=nurse, 将重新获取
2026-03-04 16:35:00 - auth.providers.http_auth_provider - INFO - 开始获取Token: service=nurse, method=GET
2026-03-04 16:35:00 - auth.providers.http_auth_provider - INFO - Token获取成功: service=nurse, expires_at=2026-03-04T16:35:01.585773
2026-03-04 16:35:00 - auth.token_manager - INFO - 强制刷新Token成功: service=nurse
2026-03-04 16:35:00 - auth.cache - INFO - Token已缓存: service=nurse, expires_at=2026-03-04 16:35:01.585773, remaining=1s
2026-03-04 16:35:00 - auth.token_manager - WARNING - 尝试刷新不存在的Token: service=admin, 将重新获取
2026-03-04 16:35:00 - auth.providers.http_auth_provider - INFO - 开始获取Token: service=admin, method=POST
2026-03-04 16:35:00 - auth.providers.http_auth_provider - INFO - Token获取成功: service=admin, expires_at=2026-03-04T16:35:01.746382
2026-03-04 16:35:00 - auth.token_manager - INFO - 强制刷新Token成功: service=admin
2026-03-04 16:35:00 - auth.cache - INFO - Token已缓存: service=admin, expires_at=2026-03-04 16:35:01.746382, remaining=0s
2026-03-04 16:35:00 - __main__ - INFO - Step 3: 执行接口监控...
2026-03-04 16:35:00 - monitor.monitor_engine - INFO - 开始执行监控: 663个接口，5线程并发
2026-03-04 16:35:00 - monitor.monitor_engine - INFO - 请求间隔: 500ms
2026-03-04 16:35:05 - monitor.monitor_engine - INFO - 监控执行完成: 总数=663, 成功=198, 失败=465, 成功率=29.9%, P95响应时间=0.05s, 耗时=4.69s
2026-03-04 16:35:05 - __main__ - INFO - 接口监控执行时间: 4.69秒 (663个接口)
2026-03-04 16:35:05 - __main__ - INFO - Step 4: 分析监控结果...
2026-03-04 16:35:05 - analyzer.result_analyzer - INFO - 开始分析 663 个监控结果
2026-03-04 16:35:05 - analyzer.aggregators.error_aggregator - INFO - 开始聚合 465 个异常结果
2026-03-04 16:35:05 - analyzer.aggregators.error_aggregator - INFO - 聚合完成，共 462 种异常类型
2026-03-04 16:35:05 - analyzer.aggregators.stats_aggregator - INFO - 开始统计 663 个监控结果
2026-03-04 16:35:05 - analyzer.aggregators.stats_aggregator - INFO - 统计完成: 总数=663, 成功率=29.86%
2026-03-04 16:35:05 - analyzer.alert_logic - INFO - 发现500错误，触发异常告警: Heatmap
2026-03-04 16:35:05 - analyzer.alert_logic - INFO - 开始过滤告警错误，总错误数: 462
2026-03-04 16:35:05 - analyzer.alert_logic - INFO -   -> 通过error_type匹配: HTTP_500
2026-03-04 16:35:05 - analyzer.alert_logic - INFO -   -> 通过error_type匹配: HTTP_500
2026-03-04 16:35:05 - analyzer.alert_logic - INFO -   -> 通过error_type匹配: HTTP_404
2026-03-04 16:35:05 - analyzer.alert_logic - INFO -   -> 通过error_type匹配: HTTP_404
2026-03-04 16:35:05 - analyzer.alert_logic - INFO - 过滤完成，告警错误数: 4
2026-03-04 16:35:05 - analyzer.alert_logic - INFO - 被过滤的告警错误列表:
2026-03-04 16:35:05 - analyzer.alert_logic - INFO -   1. Heatmap - HTTP_500 (HTTP 500)
2026-03-04 16:35:05 - analyzer.alert_logic - INFO -   2. {Batchid} - HTTP_500 (HTTP 500)
2026-03-04 16:35:05 - analyzer.alert_logic - INFO -   3. Upload - HTTP_404 (HTTP 404)
2026-03-04 16:35:05 - analyzer.alert_logic - INFO -   4. Upload - HTTP_404 (HTTP 404)
2026-03-04 16:35:05 - analyzer.alert_logic - INFO - 准备发送告警: 类型=error, 优先级=CRITICAL, 接收人=5个, 告警错误=4个
2026-03-04 16:35:05 - analyzer.result_analyzer - INFO - 分析完成: 总数=663, 成功=198, 失败=465, 异常类型=462, 需要告警=True, 告警摘要=2个500错误，2个404错误
2026-03-04 16:35:05 - __main__ - INFO - 分析耗时: 0.01秒
2026-03-04 16:35:05 - __main__ - INFO - Step 5: 发送监控报告...
2026-03-04 16:35:05 - __main__ - INFO - 发现严重错误，发送告警通知
2026-03-04 16:35:05 - notifier.wechat_notifier - INFO - 开始发送监控报告
2026-03-04 16:35:05 - notifier.webhook_client - INFO - 发送企业微信消息 (尝试 1/3)
2026-03-04 16:35:05 - notifier.webhook_client - INFO - 消息发送成功: N/A
2026-03-04 16:35:05 - notifier.wechat_notifier - INFO - 监控报告发送成功: message_id=, retry_count=0
2026-03-04 16:35:05 - __main__ - INFO - 监控报告发送成功
2026-03-04 16:35:05 - __main__ - INFO - ============================================================
2026-03-04 16:35:05 - __main__ - INFO - 监控周期完成: 2026-03-04 16:35:05
2026-03-04 16:35:05 - __main__ - INFO - 总耗时: 5.27秒 (监控执行: 4.69秒, 分析: 0.01秒)
2026-03-04 16:35:05 - __main__ - INFO - 接口总数: 663
2026-03-04 16:35:05 - __main__ - INFO - 成功: 198
2026-03-04 16:35:05 - __main__ - INFO - 失败: 465
2026-03-04 16:35:05 - __main__ - INFO - 成功率: 29.86%
2026-03-04 16:35:05 - __main__ - INFO - 平均响应时间: 0.03秒
2026-03-04 16:35:05 - __main__ - INFO - 状态码分布:
2026-03-04 16:35:05 - __main__ - INFO -   HTTP 200: 198次 (29.9%)
2026-03-04 16:35:05 - __main__ - INFO -   HTTP 400: 373次 (56.3%)
2026-03-04 16:35:05 - __main__ - INFO -   HTTP 401: 85次 (12.8%)
2026-03-04 16:35:05 - __main__ - INFO -   HTTP 404: 2次 (0.3%)
2026-03-04 16:35:05 - __main__ - INFO -   HTTP 405: 1次 (0.2%)
2026-03-04 16:35:05 - __main__ - INFO -   HTTP 415: 2次 (0.3%)
2026-03-04 16:35:05 - __main__ - INFO -   HTTP 500: 2次 (0.3%)
2026-03-04 16:35:05 - __main__ - INFO - ============================================================
2026-03-04 16:35:05 - __main__ - INFO - 下次执行时间: 2026-03-04 16:40:00
2026-03-04 16:40:00 - __main__ - INFO - 开始执行监控周期: 2026-03-04 16:40:00
2026-03-04 16:40:00 - __main__ - INFO - ============================================================
2026-03-04 16:40:00 - __main__ - INFO - 开始监控周期: 2026-03-04 16:40:00
2026-03-04 16:40:00 - __main__ - INFO - ============================================================
2026-03-04 16:40:00 - __main__ - INFO - Step 1: 扫描接口文档...
2026-03-04 16:40:00 - scanner.interface_scanner - INFO - 开始扫描目录: D:\Dev\interface_monitoring\Interface-pool
2026-03-04 16:40:00 - scanner.interface_scanner - INFO - 实际扫描到的文件: 663
2026-03-04 16:40:00 - scanner.interface_scanner - INFO -   1. D:\Dev\interface_monitoring\Interface-pool\user\JPush推送\发送推送_OpenAPI.json
2026-03-04 16:40:00 - scanner.interface_scanner - INFO -   2. D:\Dev\interface_monitoring\Interface-pool\user\Oss管理\同步上传文件到OSS_OpenAPI.json
2026-03-04 16:40:00 - scanner.interface_scanner - INFO -   3. D:\Dev\interface_monitoring\Interface-pool\user\Oss管理\批量同步上传文件到OSS_OpenAPI.json
2026-03-04 16:40:00 - scanner.interface_scanner - INFO -   4. D:\Dev\interface_monitoring\Interface-pool\user\价格计算\个体价格计算_OpenAPI.json
2026-03-04 16:40:00 - scanner.interface_scanner - INFO -   5. D:\Dev\interface_monitoring\Interface-pool\user\价格计算\团体价格计算_OpenAPI.json
2026-03-04 16:40:00 - scanner.interface_scanner - INFO -   ... 还有 658 个文件
2026-03-04 16:40:00 - scanner.interface_scanner - INFO - 找到 663 个接口文档文件
2026-03-04 16:40:00 - scanner.interface_scanner - INFO - 扫描完成，共发现 663 个接口
2026-03-04 16:40:00 - __main__ - INFO - 发现 663 个接口
2026-03-04 16:40:00 - __main__ - INFO - Step 2: 获取认证Token...
2026-03-04 16:40:00 - auth.token_manager - WARNING - 尝试刷新不存在的Token: service=user, 将重新获取
2026-03-04 16:40:00 - auth.providers.http_auth_provider - INFO - 开始获取Token: service=user, method=GET
2026-03-04 16:40:26 - auth.providers.base_provider - ERROR - 认证请求异常: service=user, error=HTTPConnectionPool(host='127.0.0.1', port=7890): Max retries exceeded with url: http://120.79.173.8:8201/maiban-user/api/v1/user/auth/dev-login/1 (Caused by ResponseError('too many 502 error responses'))
2026-03-04 16:40:26 - auth.providers.http_auth_provider - ERROR - Token获取失败: service=user, error=认证请求异常: service=user, error=HTTPConnectionPool(host='127.0.0.1', port=7890): Max retries exceeded with url: http://120.79.173.8:8201/maiban-user/api/v1/user/auth/dev-login/1 (Caused by ResponseError('too many 502 error responses'))
2026-03-04 16:40:26 - auth.token_manager - ERROR - 获取Token失败: service=user, error=Token获取失败: service=user, error=认证请求异常: service=user, error=HTTPConnectionPool(host='127.0.0.1', port=7890): Max retries exceeded with url: http://120.79.173.8:8201/maiban-user/api/v1/user/auth/dev-login/1 (Caused by ResponseError('too many 502 error responses'))
2026-03-04 16:40:26 - __main__ - ERROR - 获取 user 服务Token异常: Token获取失败: service=user, error=认证请求异常: service=user, error=HTTPConnectionPool(host='127.0.0.1', port=7890): Max retries exceeded with url: http://120.79.173.8:8201/maiban-user/api/v1/user/auth/dev-login/1 (Caused by ResponseError('too many 502 error responses'))
2026-03-04 16:40:26 - auth.token_manager - WARNING - 尝试刷新不存在的Token: service=nurse, 将重新获取
2026-03-04 16:40:26 - auth.providers.http_auth_provider - INFO - 开始获取Token: service=nurse, method=GET
2026-03-04 16:40:53 - auth.providers.base_provider - ERROR - 认证请求异常: service=nurse, error=HTTPConnectionPool(host='127.0.0.1', port=7890): Max retries exceeded with url: http://120.79.173.8:8201/maiban-nurse/api/v1/nurse/auth/dev-login/1 (Caused by ResponseError('too many 502 error responses'))
2026-03-04 16:40:53 - auth.providers.http_auth_provider - ERROR - Token获取失败: service=nurse, error=认证请求异常: service=nurse, error=HTTPConnectionPool(host='127.0.0.1', port=7890): Max retries exceeded with url: http://120.79.173.8:8201/maiban-nurse/api/v1/nurse/auth/dev-login/1 (Caused by ResponseError('too many 502 error responses'))
2026-03-04 16:40:53 - auth.token_manager - ERROR - 获取Token失败: service=nurse, error=Token获取失败: service=nurse, error=认证请求异常: service=nurse, error=HTTPConnectionPool(host='127.0.0.1', port=7890): Max retries exceeded with url: http://120.79.173.8:8201/maiban-nurse/api/v1/nurse/auth/dev-login/1 (Caused by ResponseError('too many 502 error responses'))
2026-03-04 16:40:53 - __main__ - ERROR - 获取 nurse 服务Token异常: Token获取失败: service=nurse, error=认证请求异常: service=nurse, error=HTTPConnectionPool(host='127.0.0.1', port=7890): Max retries exceeded with url: http://120.79.173.8:8201/maiban-nurse/api/v1/nurse/auth/dev-login/1 (Caused by ResponseError('too many 502 error responses'))
2026-03-04 16:40:53 - auth.token_manager - WARNING - 尝试刷新不存在的Token: service=admin, 将重新获取
2026-03-04 16:40:53 - auth.providers.http_auth_provider - INFO - 开始获取Token: service=admin, method=POST
2026-03-04 16:40:53 - auth.providers.http_auth_provider - INFO - Token获取成功: service=admin, expires_at=2026-03-04T16:40:54.229083
2026-03-04 16:40:53 - auth.token_manager - INFO - 强制刷新Token成功: service=admin
2026-03-04 16:40:53 - auth.cache - INFO - Token已缓存: service=admin, expires_at=2026-03-04 16:40:54.229083, remaining=0s
2026-03-04 16:40:53 - __main__ - WARNING - 以下服务Token获取失败: ['user', 'nurse']
2026-03-04 16:40:53 - notifier.wechat_notifier - INFO - 开始发送自定义消息
2026-03-04 16:40:53 - notifier.webhook_client - INFO - 发送企业微信消息 (尝试 1/3)
2026-03-04 16:40:53 - notifier.webhook_client - INFO - 消息发送成功: N/A
2026-03-04 16:40:53 - notifier.wechat_notifier - INFO - 自定义消息发送成功: message_id=, retry_count=0
2026-03-04 16:40:53 - __main__ - INFO - 服务异常告警已发送
2026-03-04 16:40:53 - __main__ - WARNING - 由于服务认证异常，跳过本次监控
2026-03-04 16:40:53 - __main__ - INFO - 下次执行时间: 2026-03-04 16:45:00
2026-03-04 16:45:00 - __main__ - INFO - 开始执行监控周期: 2026-03-04 16:45:00
2026-03-04 16:45:00 - __main__ - INFO - ============================================================
2026-03-04 16:45:00 - __main__ - INFO - 开始监控周期: 2026-03-04 16:45:00
2026-03-04 16:45:00 - __main__ - INFO - ============================================================
2026-03-04 16:45:00 - __main__ - INFO - Step 1: 扫描接口文档...
2026-03-04 16:45:00 - scanner.interface_scanner - INFO - 开始扫描目录: D:\Dev\interface_monitoring\Interface-pool
2026-03-04 16:45:00 - scanner.interface_scanner - INFO - 实际扫描到的文件: 663
2026-03-04 16:45:00 - scanner.interface_scanner - INFO -   1. D:\Dev\interface_monitoring\Interface-pool\user\JPush推送\发送推送_OpenAPI.json
2026-03-04 16:45:00 - scanner.interface_scanner - INFO -   2. D:\Dev\interface_monitoring\Interface-pool\user\Oss管理\同步上传文件到OSS_OpenAPI.json
2026-03-04 16:45:00 - scanner.interface_scanner - INFO -   3. D:\Dev\interface_monitoring\Interface-pool\user\Oss管理\批量同步上传文件到OSS_OpenAPI.json
2026-03-04 16:45:00 - scanner.interface_scanner - INFO -   4. D:\Dev\interface_monitoring\Interface-pool\user\价格计算\个体价格计算_OpenAPI.json
2026-03-04 16:45:00 - scanner.interface_scanner - INFO -   5. D:\Dev\interface_monitoring\Interface-pool\user\价格计算\团体价格计算_OpenAPI.json
2026-03-04 16:45:00 - scanner.interface_scanner - INFO -   ... 还有 658 个文件
2026-03-04 16:45:00 - scanner.interface_scanner - INFO - 找到 663 个接口文档文件
2026-03-04 16:45:00 - scanner.interface_scanner - INFO - 扫描完成，共发现 663 个接口
2026-03-04 16:45:00 - __main__ - INFO - 发现 663 个接口
2026-03-04 16:45:00 - __main__ - INFO - Step 2: 获取认证Token...
2026-03-04 16:45:00 - auth.token_manager - WARNING - 尝试刷新不存在的Token: service=user, 将重新获取
2026-03-04 16:45:00 - auth.providers.http_auth_provider - INFO - 开始获取Token: service=user, method=GET
2026-03-04 16:45:00 - auth.providers.http_auth_provider - INFO - Token获取成功: service=user, expires_at=2026-03-04T16:45:01.750610
2026-03-04 16:45:00 - auth.token_manager - INFO - 强制刷新Token成功: service=user
2026-03-04 16:45:00 - auth.cache - INFO - Token已缓存: service=user, expires_at=2026-03-04 16:45:01.750610, remaining=0s
2026-03-04 16:45:00 - auth.token_manager - WARNING - 尝试刷新不存在的Token: service=nurse, 将重新获取
2026-03-04 16:45:00 - auth.providers.http_auth_provider - INFO - 开始获取Token: service=nurse, method=GET
2026-03-04 16:45:01 - auth.providers.http_auth_provider - INFO - Token获取成功: service=nurse, expires_at=2026-03-04T16:45:02.131475
2026-03-04 16:45:01 - auth.token_manager - INFO - 强制刷新Token成功: service=nurse
2026-03-04 16:45:01 - auth.cache - INFO - Token已缓存: service=nurse, expires_at=2026-03-04 16:45:02.131475, remaining=0s
2026-03-04 16:45:01 - auth.token_manager - WARNING - 尝试刷新不存在的Token: service=admin, 将重新获取
2026-03-04 16:45:01 - auth.providers.http_auth_provider - INFO - 开始获取Token: service=admin, method=POST
2026-03-04 16:45:01 - auth.providers.http_auth_provider - INFO - Token获取成功: service=admin, expires_at=2026-03-04T16:45:02.317555
2026-03-04 16:45:01 - auth.token_manager - INFO - 强制刷新Token成功: service=admin
2026-03-04 16:45:01 - auth.cache - INFO - Token已缓存: service=admin, expires_at=2026-03-04 16:45:02.317555, remaining=0s
2026-03-04 16:45:01 - __main__ - INFO - Step 3: 执行接口监控...
2026-03-04 16:45:01 - monitor.monitor_engine - INFO - 开始执行监控: 663个接口，5线程并发
2026-03-04 16:45:01 - monitor.monitor_engine - INFO - 请求间隔: 500ms
2026-03-04 16:45:07 - monitor.monitor_engine - INFO - 监控执行完成: 总数=663, 成功=197, 失败=466, 成功率=29.7%, P95响应时间=0.08s, 耗时=6.47s
2026-03-04 16:45:07 - __main__ - INFO - 接口监控执行时间: 6.47秒 (663个接口)
2026-03-04 16:45:07 - __main__ - INFO - Step 4: 分析监控结果...
2026-03-04 16:45:07 - analyzer.result_analyzer - INFO - 开始分析 663 个监控结果
2026-03-04 16:45:07 - analyzer.aggregators.error_aggregator - INFO - 开始聚合 466 个异常结果
2026-03-04 16:45:07 - analyzer.aggregators.error_aggregator - INFO - 聚合完成，共 463 种异常类型
2026-03-04 16:45:07 - analyzer.aggregators.stats_aggregator - INFO - 开始统计 663 个监控结果
2026-03-04 16:45:07 - analyzer.aggregators.stats_aggregator - INFO - 统计完成: 总数=663, 成功率=29.71%
2026-03-04 16:45:07 - analyzer.alert_logic - INFO - 发现500错误，触发异常告警: Heatmap
2026-03-04 16:45:07 - analyzer.alert_logic - INFO - 开始过滤告警错误，总错误数: 463
2026-03-04 16:45:07 - analyzer.alert_logic - INFO -   -> 通过error_type匹配: HTTP_500
2026-03-04 16:45:07 - analyzer.alert_logic - INFO -   -> 通过error_type匹配: HTTP_500
2026-03-04 16:45:07 - analyzer.alert_logic - INFO -   -> 通过error_type匹配: HTTP_404
2026-03-04 16:45:07 - analyzer.alert_logic - INFO -   -> 通过error_type匹配: HTTP_404
2026-03-04 16:45:07 - analyzer.alert_logic - INFO - 过滤完成，告警错误数: 4
2026-03-04 16:45:07 - analyzer.alert_logic - INFO - 被过滤的告警错误列表:
2026-03-04 16:45:07 - analyzer.alert_logic - INFO -   1. Heatmap - HTTP_500 (HTTP 500)
2026-03-04 16:45:07 - analyzer.alert_logic - INFO -   2. {Batchid} - HTTP_500 (HTTP 500)
2026-03-04 16:45:07 - analyzer.alert_logic - INFO -   3. Upload - HTTP_404 (HTTP 404)
2026-03-04 16:45:07 - analyzer.alert_logic - INFO -   4. Upload - HTTP_404 (HTTP 404)
2026-03-04 16:45:07 - analyzer.alert_logic - INFO - 准备发送告警: 类型=error, 优先级=CRITICAL, 接收人=5个, 告警错误=4个
2026-03-04 16:45:07 - analyzer.result_analyzer - INFO - 分析完成: 总数=663, 成功=197, 失败=466, 异常类型=463, 需要告警=True, 告警摘要=2个500错误，2个404错误
2026-03-04 16:45:07 - __main__ - INFO - 分析耗时: 0.00秒
2026-03-04 16:45:07 - __main__ - INFO - Step 5: 发送监控报告...
2026-03-04 16:45:07 - __main__ - INFO - 发现严重错误，发送告警通知
2026-03-04 16:45:07 - notifier.wechat_notifier - INFO - 开始发送监控报告
2026-03-04 16:45:07 - notifier.webhook_client - INFO - 发送企业微信消息 (尝试 1/3)
2026-03-04 16:45:07 - notifier.webhook_client - INFO - 消息发送成功: N/A
2026-03-04 16:45:07 - notifier.wechat_notifier - INFO - 监控报告发送成功: message_id=, retry_count=0
2026-03-04 16:45:07 - __main__ - INFO - 监控报告发送成功
2026-03-04 16:45:07 - __main__ - INFO - ============================================================
2026-03-04 16:45:07 - __main__ - INFO - 监控周期完成: 2026-03-04 16:45:07
2026-03-04 16:45:07 - __main__ - INFO - 总耗时: 7.44秒 (监控执行: 6.47秒, 分析: 0.00秒)
2026-03-04 16:45:07 - __main__ - INFO - 接口总数: 663
2026-03-04 16:45:07 - __main__ - INFO - 成功: 197
2026-03-04 16:45:07 - __main__ - INFO - 失败: 466
2026-03-04 16:45:07 - __main__ - INFO - 成功率: 29.71%
2026-03-04 16:45:07 - __main__ - INFO - 平均响应时间: 0.04秒
2026-03-04 16:45:07 - __main__ - INFO - 状态码分布:
2026-03-04 16:45:07 - __main__ - INFO -   HTTP 200: 197次 (29.7%)
2026-03-04 16:45:07 - __main__ - INFO -   HTTP 400: 376次 (56.7%)
2026-03-04 16:45:07 - __main__ - INFO -   HTTP 401: 83次 (12.5%)
2026-03-04 16:45:07 - __main__ - INFO -   HTTP 404: 2次 (0.3%)
2026-03-04 16:45:07 - __main__ - INFO -   HTTP 405: 1次 (0.2%)
2026-03-04 16:45:07 - __main__ - INFO -   HTTP 415: 2次 (0.3%)
2026-03-04 16:45:07 - __main__ - INFO -   HTTP 500: 2次 (0.3%)
2026-03-04 16:45:07 - __main__ - INFO - ============================================================
2026-03-04 16:45:07 - __main__ - INFO - 下次执行时间: 2026-03-04 16:50:00
2026-03-04 16:50:00 - __main__ - INFO - 开始执行监控周期: 2026-03-04 16:50:00
2026-03-04 16:50:00 - __main__ - INFO - ============================================================
2026-03-04 16:50:00 - __main__ - INFO - 开始监控周期: 2026-03-04 16:50:00
2026-03-04 16:50:00 - __main__ - INFO - ============================================================
2026-03-04 16:50:00 - __main__ - INFO - Step 1: 扫描接口文档...
2026-03-04 16:50:00 - scanner.interface_scanner - INFO - 开始扫描目录: D:\Dev\interface_monitoring\Interface-pool
2026-03-04 16:50:00 - scanner.interface_scanner - INFO - 实际扫描到的文件: 663
2026-03-04 16:50:00 - scanner.interface_scanner - INFO -   1. D:\Dev\interface_monitoring\Interface-pool\user\JPush推送\发送推送_OpenAPI.json
2026-03-04 16:50:00 - scanner.interface_scanner - INFO -   2. D:\Dev\interface_monitoring\Interface-pool\user\Oss管理\同步上传文件到OSS_OpenAPI.json
2026-03-04 16:50:00 - scanner.interface_scanner - INFO -   3. D:\Dev\interface_monitoring\Interface-pool\user\Oss管理\批量同步上传文件到OSS_OpenAPI.json
2026-03-04 16:50:00 - scanner.interface_scanner - INFO -   4. D:\Dev\interface_monitoring\Interface-pool\user\价格计算\个体价格计算_OpenAPI.json
2026-03-04 16:50:00 - scanner.interface_scanner - INFO -   5. D:\Dev\interface_monitoring\Interface-pool\user\价格计算\团体价格计算_OpenAPI.json
2026-03-04 16:50:00 - scanner.interface_scanner - INFO -   ... 还有 658 个文件
2026-03-04 16:50:00 - scanner.interface_scanner - INFO - 找到 663 个接口文档文件
2026-03-04 16:50:00 - scanner.interface_scanner - INFO - 扫描完成，共发现 663 个接口
2026-03-04 16:50:00 - __main__ - INFO - 发现 663 个接口
2026-03-04 16:50:00 - __main__ - INFO - Step 2: 获取认证Token...
2026-03-04 16:50:00 - auth.token_manager - WARNING - 尝试刷新不存在的Token: service=user, 将重新获取
2026-03-04 16:50:00 - auth.providers.http_auth_provider - INFO - 开始获取Token: service=user, method=GET
2026-03-04 16:50:00 - auth.providers.http_auth_provider - INFO - Token获取成功: service=user, expires_at=2026-03-04T16:50:01.522405
2026-03-04 16:50:00 - auth.token_manager - INFO - 强制刷新Token成功: service=user
2026-03-04 16:50:00 - auth.cache - INFO - Token已缓存: service=user, expires_at=2026-03-04 16:50:01.522405, remaining=1s
2026-03-04 16:50:00 - auth.token_manager - WARNING - 尝试刷新不存在的Token: service=nurse, 将重新获取
2026-03-04 16:50:00 - auth.providers.http_auth_provider - INFO - 开始获取Token: service=nurse, method=GET
2026-03-04 16:50:00 - auth.providers.http_auth_provider - INFO - Token获取成功: service=nurse, expires_at=2026-03-04T16:50:01.585000
2026-03-04 16:50:00 - auth.token_manager - INFO - 强制刷新Token成功: service=nurse
2026-03-04 16:50:00 - auth.cache - INFO - Token已缓存: service=nurse, expires_at=2026-03-04 16:50:01.585000, remaining=0s
2026-03-04 16:50:00 - auth.token_manager - WARNING - 尝试刷新不存在的Token: service=admin, 将重新获取
2026-03-04 16:50:00 - auth.providers.http_auth_provider - INFO - 开始获取Token: service=admin, method=POST
2026-03-04 16:50:00 - auth.providers.http_auth_provider - INFO - Token获取成功: service=admin, expires_at=2026-03-04T16:50:01.735943
2026-03-04 16:50:00 - auth.token_manager - INFO - 强制刷新Token成功: service=admin
2026-03-04 16:50:00 - auth.cache - INFO - Token已缓存: service=admin, expires_at=2026-03-04 16:50:01.735943, remaining=0s
2026-03-04 16:50:00 - __main__ - INFO - Step 3: 执行接口监控...
2026-03-04 16:50:00 - monitor.monitor_engine - INFO - 开始执行监控: 663个接口，5线程并发
2026-03-04 16:50:00 - monitor.monitor_engine - INFO - 请求间隔: 500ms
2026-03-04 16:50:07 - monitor.monitor_engine - INFO - 监控执行完成: 总数=663, 成功=197, 失败=466, 成功率=29.7%, P95响应时间=0.06s, 耗时=6.27s
2026-03-04 16:50:07 - __main__ - INFO - 接口监控执行时间: 6.27秒 (663个接口)
2026-03-04 16:50:07 - __main__ - INFO - Step 4: 分析监控结果...
2026-03-04 16:50:07 - analyzer.result_analyzer - INFO - 开始分析 663 个监控结果
2026-03-04 16:50:07 - analyzer.aggregators.error_aggregator - INFO - 开始聚合 466 个异常结果
2026-03-04 16:50:07 - analyzer.aggregators.error_aggregator - INFO - 聚合完成，共 463 种异常类型
2026-03-04 16:50:07 - analyzer.aggregators.stats_aggregator - INFO - 开始统计 663 个监控结果
2026-03-04 16:50:07 - analyzer.aggregators.stats_aggregator - INFO - 统计完成: 总数=663, 成功率=29.71%
2026-03-04 16:50:07 - analyzer.alert_logic - INFO - 发现500错误，触发异常告警: Heatmap
2026-03-04 16:50:07 - analyzer.alert_logic - INFO - 开始过滤告警错误，总错误数: 463
2026-03-04 16:50:07 - analyzer.alert_logic - INFO -   -> 通过error_type匹配: HTTP_500
2026-03-04 16:50:07 - analyzer.alert_logic - INFO -   -> 通过error_type匹配: HTTP_500
2026-03-04 16:50:07 - analyzer.alert_logic - INFO -   -> 通过error_type匹配: HTTP_404
2026-03-04 16:50:07 - analyzer.alert_logic - INFO -   -> 通过error_type匹配: HTTP_404
2026-03-04 16:50:07 - analyzer.alert_logic - INFO - 过滤完成，告警错误数: 4
2026-03-04 16:50:07 - analyzer.alert_logic - INFO - 被过滤的告警错误列表:
2026-03-04 16:50:07 - analyzer.alert_logic - INFO -   1. Heatmap - HTTP_500 (HTTP 500)
2026-03-04 16:50:07 - analyzer.alert_logic - INFO -   2. {Batchid} - HTTP_500 (HTTP 500)
2026-03-04 16:50:07 - analyzer.alert_logic - INFO -   3. Upload - HTTP_404 (HTTP 404)
2026-03-04 16:50:07 - analyzer.alert_logic - INFO -   4. Upload - HTTP_404 (HTTP 404)
2026-03-04 16:50:07 - analyzer.alert_logic - INFO - 准备发送告警: 类型=error, 优先级=CRITICAL, 接收人=5个, 告警错误=4个
2026-03-04 16:50:07 - analyzer.result_analyzer - INFO - 分析完成: 总数=663, 成功=197, 失败=466, 异常类型=463, 需要告警=True, 告警摘要=2个500错误，2个404错误
2026-03-04 16:50:07 - __main__ - INFO - 分析耗时: 0.00秒
2026-03-04 16:50:07 - __main__ - INFO - Step 5: 发送监控报告...
2026-03-04 16:50:07 - __main__ - INFO - 发现严重错误，发送告警通知
2026-03-04 16:50:07 - notifier.wechat_notifier - INFO - 开始发送监控报告
2026-03-04 16:50:07 - notifier.webhook_client - INFO - 发送企业微信消息 (尝试 1/3)
2026-03-04 16:50:07 - notifier.webhook_client - INFO - 消息发送成功: N/A
2026-03-04 16:50:07 - notifier.wechat_notifier - INFO - 监控报告发送成功: message_id=, retry_count=0
2026-03-04 16:50:07 - __main__ - INFO - 监控报告发送成功
2026-03-04 16:50:07 - __main__ - INFO - ============================================================
2026-03-04 16:50:07 - __main__ - INFO - 监控周期完成: 2026-03-04 16:50:07
2026-03-04 16:50:07 - __main__ - INFO - 总耗时: 7.10秒 (监控执行: 6.27秒, 分析: 0.00秒)
2026-03-04 16:50:07 - __main__ - INFO - 接口总数: 663
2026-03-04 16:50:07 - __main__ - INFO - 成功: 197
2026-03-04 16:50:07 - __main__ - INFO - 失败: 466
2026-03-04 16:50:07 - __main__ - INFO - 成功率: 29.71%
2026-03-04 16:50:07 - __main__ - INFO - 平均响应时间: 0.04秒
2026-03-04 16:50:07 - __main__ - INFO - 状态码分布:
2026-03-04 16:50:07 - __main__ - INFO -   HTTP 200: 197次 (29.7%)
2026-03-04 16:50:07 - __main__ - INFO -   HTTP 400: 375次 (56.6%)
2026-03-04 16:50:07 - __main__ - INFO -   HTTP 401: 84次 (12.7%)
2026-03-04 16:50:07 - __main__ - INFO -   HTTP 404: 2次 (0.3%)
2026-03-04 16:50:07 - __main__ - INFO -   HTTP 405: 1次 (0.2%)
2026-03-04 16:50:07 - __main__ - INFO -   HTTP 415: 2次 (0.3%)
2026-03-04 16:50:07 - __main__ - INFO -   HTTP 500: 2次 (0.3%)
2026-03-04 16:50:07 - __main__ - INFO - ============================================================
2026-03-04 16:50:07 - __main__ - INFO - 下次执行时间: 2026-03-04 16:55:00
2026-03-04 16:55:00 - __main__ - INFO - 开始执行监控周期: 2026-03-04 16:55:00
2026-03-04 16:55:00 - __main__ - INFO - ============================================================
2026-03-04 16:55:00 - __main__ - INFO - 开始监控周期: 2026-03-04 16:55:00
2026-03-04 16:55:00 - __main__ - INFO - ============================================================
2026-03-04 16:55:00 - __main__ - INFO - Step 1: 扫描接口文档...
2026-03-04 16:55:00 - scanner.interface_scanner - INFO - 开始扫描目录: D:\Dev\interface_monitoring\Interface-pool
2026-03-04 16:55:00 - scanner.interface_scanner - INFO - 实际扫描到的文件: 663
2026-03-04 16:55:00 - scanner.interface_scanner - INFO -   1. D:\Dev\interface_monitoring\Interface-pool\user\JPush推送\发送推送_OpenAPI.json
2026-03-04 16:55:00 - scanner.interface_scanner - INFO -   2. D:\Dev\interface_monitoring\Interface-pool\user\Oss管理\同步上传文件到OSS_OpenAPI.json
2026-03-04 16:55:00 - scanner.interface_scanner - INFO -   3. D:\Dev\interface_monitoring\Interface-pool\user\Oss管理\批量同步上传文件到OSS_OpenAPI.json
2026-03-04 16:55:00 - scanner.interface_scanner - INFO -   4. D:\Dev\interface_monitoring\Interface-pool\user\价格计算\个体价格计算_OpenAPI.json
2026-03-04 16:55:00 - scanner.interface_scanner - INFO -   5. D:\Dev\interface_monitoring\Interface-pool\user\价格计算\团体价格计算_OpenAPI.json
2026-03-04 16:55:00 - scanner.interface_scanner - INFO -   ... 还有 658 个文件
2026-03-04 16:55:00 - scanner.interface_scanner - INFO - 找到 663 个接口文档文件
2026-03-04 16:55:00 - scanner.interface_scanner - INFO - 扫描完成，共发现 663 个接口
2026-03-04 16:55:00 - __main__ - INFO - 发现 663 个接口
2026-03-04 16:55:00 - __main__ - INFO - Step 2: 获取认证Token...
2026-03-04 16:55:00 - auth.token_manager - WARNING - 尝试刷新不存在的Token: service=user, 将重新获取
2026-03-04 16:55:00 - auth.providers.http_auth_provider - INFO - 开始获取Token: service=user, method=GET
2026-03-04 16:55:00 - auth.providers.http_auth_provider - INFO - Token获取成功: service=user, expires_at=2026-03-04T16:55:01.785117
2026-03-04 16:55:00 - auth.token_manager - INFO - 强制刷新Token成功: service=user
2026-03-04 16:55:00 - auth.cache - INFO - Token已缓存: service=user, expires_at=2026-03-04 16:55:01.785117, remaining=0s
2026-03-04 16:55:00 - auth.token_manager - WARNING - 尝试刷新不存在的Token: service=nurse, 将重新获取
2026-03-04 16:55:00 - auth.providers.http_auth_provider - INFO - 开始获取Token: service=nurse, method=GET
2026-03-04 16:55:00 - auth.providers.http_auth_provider - INFO - Token获取成功: service=nurse, expires_at=2026-03-04T16:55:01.840469
2026-03-04 16:55:00 - auth.token_manager - INFO - 强制刷新Token成功: service=nurse
2026-03-04 16:55:00 - auth.cache - INFO - Token已缓存: service=nurse, expires_at=2026-03-04 16:55:01.840469, remaining=0s
2026-03-04 16:55:00 - auth.token_manager - WARNING - 尝试刷新不存在的Token: service=admin, 将重新获取
2026-03-04 16:55:00 - auth.providers.http_auth_provider - INFO - 开始获取Token: service=admin, method=POST
2026-03-04 16:55:01 - auth.providers.http_auth_provider - INFO - Token获取成功: service=admin, expires_at=2026-03-04T16:55:02.014688
2026-03-04 16:55:01 - auth.token_manager - INFO - 强制刷新Token成功: service=admin
2026-03-04 16:55:01 - auth.cache - INFO - Token已缓存: service=admin, expires_at=2026-03-04 16:55:02.014688, remaining=0s
2026-03-04 16:55:01 - __main__ - INFO - Step 3: 执行接口监控...
2026-03-04 16:55:01 - monitor.monitor_engine - INFO - 开始执行监控: 663个接口，5线程并发
2026-03-04 16:55:01 - monitor.monitor_engine - INFO - 请求间隔: 500ms
2026-03-04 16:55:07 - monitor.monitor_engine - INFO - 监控执行完成: 总数=663, 成功=196, 失败=467, 成功率=29.6%, P95响应时间=0.06s, 耗时=6.23s
2026-03-04 16:55:07 - __main__ - INFO - 接口监控执行时间: 6.23秒 (663个接口)
2026-03-04 16:55:07 - __main__ - INFO - Step 4: 分析监控结果...
2026-03-04 16:55:07 - analyzer.result_analyzer - INFO - 开始分析 663 个监控结果
2026-03-04 16:55:07 - analyzer.aggregators.error_aggregator - INFO - 开始聚合 467 个异常结果
2026-03-04 16:55:07 - analyzer.aggregators.error_aggregator - INFO - 聚合完成，共 464 种异常类型
2026-03-04 16:55:07 - analyzer.aggregators.stats_aggregator - INFO - 开始统计 663 个监控结果
2026-03-04 16:55:07 - analyzer.aggregators.stats_aggregator - INFO - 统计完成: 总数=663, 成功率=29.56%
2026-03-04 16:55:07 - analyzer.alert_logic - INFO - 发现500错误，触发异常告警: Heatmap
2026-03-04 16:55:07 - analyzer.alert_logic - INFO - 开始过滤告警错误，总错误数: 464
2026-03-04 16:55:07 - analyzer.alert_logic - INFO -   -> 通过error_type匹配: HTTP_500
2026-03-04 16:55:07 - analyzer.alert_logic - INFO -   -> 通过error_type匹配: HTTP_500
2026-03-04 16:55:07 - analyzer.alert_logic - INFO -   -> 通过error_type匹配: HTTP_404
2026-03-04 16:55:07 - analyzer.alert_logic - INFO -   -> 通过error_type匹配: HTTP_404
2026-03-04 16:55:07 - analyzer.alert_logic - INFO - 过滤完成，告警错误数: 4
2026-03-04 16:55:07 - analyzer.alert_logic - INFO - 被过滤的告警错误列表:
2026-03-04 16:55:07 - analyzer.alert_logic - INFO -   1. Heatmap - HTTP_500 (HTTP 500)
2026-03-04 16:55:07 - analyzer.alert_logic - INFO -   2. {Batchid} - HTTP_500 (HTTP 500)
2026-03-04 16:55:07 - analyzer.alert_logic - INFO -   3. Upload - HTTP_404 (HTTP 404)
2026-03-04 16:55:07 - analyzer.alert_logic - INFO -   4. Upload - HTTP_404 (HTTP 404)
2026-03-04 16:55:07 - analyzer.alert_logic - INFO - 准备发送告警: 类型=error, 优先级=CRITICAL, 接收人=5个, 告警错误=4个
2026-03-04 16:55:07 - analyzer.result_analyzer - INFO - 分析完成: 总数=663, 成功=196, 失败=467, 异常类型=464, 需要告警=True, 告警摘要=2个500错误，2个404错误
2026-03-04 16:55:07 - __main__ - INFO - 分析耗时: 0.00秒
2026-03-04 16:55:07 - __main__ - INFO - Step 5: 发送监控报告...
2026-03-04 16:55:07 - __main__ - INFO - 发现严重错误，发送告警通知
2026-03-04 16:55:07 - notifier.wechat_notifier - INFO - 开始发送监控报告
2026-03-04 16:55:07 - notifier.webhook_client - INFO - 发送企业微信消息 (尝试 1/3)
2026-03-04 16:55:07 - notifier.webhook_client - INFO - 消息发送成功: N/A
2026-03-04 16:55:07 - notifier.wechat_notifier - INFO - 监控报告发送成功: message_id=, retry_count=0
2026-03-04 16:55:07 - __main__ - INFO - 监控报告发送成功
2026-03-04 16:55:07 - __main__ - INFO - ============================================================
2026-03-04 16:55:07 - __main__ - INFO - 监控周期完成: 2026-03-04 16:55:07
2026-03-04 16:55:07 - __main__ - INFO - 总耗时: 7.07秒 (监控执行: 6.23秒, 分析: 0.00秒)
2026-03-04 16:55:07 - __main__ - INFO - 接口总数: 663
2026-03-04 16:55:07 - __main__ - INFO - 成功: 196
2026-03-04 16:55:07 - __main__ - INFO - 失败: 467
2026-03-04 16:55:07 - __main__ - INFO - 成功率: 29.56%
2026-03-04 16:55:07 - __main__ - INFO - 平均响应时间: 0.04秒
2026-03-04 16:55:07 - __main__ - INFO - 状态码分布:
2026-03-04 16:55:07 - __main__ - INFO -   HTTP 200: 196次 (29.6%)
2026-03-04 16:55:07 - __main__ - INFO -   HTTP 400: 371次 (56.0%)
2026-03-04 16:55:07 - __main__ - INFO -   HTTP 401: 89次 (13.4%)
2026-03-04 16:55:07 - __main__ - INFO -   HTTP 404: 2次 (0.3%)
2026-03-04 16:55:07 - __main__ - INFO -   HTTP 405: 1次 (0.2%)
2026-03-04 16:55:07 - __main__ - INFO -   HTTP 415: 2次 (0.3%)
2026-03-04 16:55:07 - __main__ - INFO -   HTTP 500: 2次 (0.3%)
2026-03-04 16:55:07 - __main__ - INFO - ============================================================
2026-03-04 16:55:07 - __main__ - INFO - 下次执行时间: 2026-03-04 17:00:00
2026-03-04 17:00:00 - __main__ - INFO - 开始执行监控周期: 2026-03-04 17:00:00
2026-03-04 17:00:00 - __main__ - INFO - ============================================================
2026-03-04 17:00:00 - __main__ - INFO - 开始监控周期: 2026-03-04 17:00:00
2026-03-04 17:00:00 - __main__ - INFO - ============================================================
2026-03-04 17:00:00 - __main__ - INFO - Step 1: 扫描接口文档...
2026-03-04 17:00:00 - scanner.interface_scanner - INFO - 开始扫描目录: D:\Dev\interface_monitoring\Interface-pool
2026-03-04 17:00:00 - scanner.interface_scanner - INFO - 实际扫描到的文件: 663
2026-03-04 17:00:00 - scanner.interface_scanner - INFO -   1. D:\Dev\interface_monitoring\Interface-pool\user\JPush推送\发送推送_OpenAPI.json
2026-03-04 17:00:00 - scanner.interface_scanner - INFO -   2. D:\Dev\interface_monitoring\Interface-pool\user\Oss管理\同步上传文件到OSS_OpenAPI.json
2026-03-04 17:00:00 - scanner.interface_scanner - INFO -   3. D:\Dev\interface_monitoring\Interface-pool\user\Oss管理\批量同步上传文件到OSS_OpenAPI.json
2026-03-04 17:00:00 - scanner.interface_scanner - INFO -   4. D:\Dev\interface_monitoring\Interface-pool\user\价格计算\个体价格计算_OpenAPI.json
2026-03-04 17:00:00 - scanner.interface_scanner - INFO -   5. D:\Dev\interface_monitoring\Interface-pool\user\价格计算\团体价格计算_OpenAPI.json
2026-03-04 17:00:00 - scanner.interface_scanner - INFO -   ... 还有 658 个文件
2026-03-04 17:00:00 - scanner.interface_scanner - INFO - 找到 663 个接口文档文件
2026-03-04 17:00:00 - scanner.interface_scanner - INFO - 扫描完成，共发现 663 个接口
2026-03-04 17:00:00 - __main__ - INFO - 发现 663 个接口
2026-03-04 17:00:00 - __main__ - INFO - Step 2: 获取认证Token...
2026-03-04 17:00:00 - auth.token_manager - WARNING - 尝试刷新不存在的Token: service=user, 将重新获取
2026-03-04 17:00:00 - auth.providers.http_auth_provider - INFO - 开始获取Token: service=user, method=GET
2026-03-04 17:00:00 - auth.providers.http_auth_provider - INFO - Token获取成功: service=user, expires_at=2026-03-04T17:00:01.765716
2026-03-04 17:00:00 - auth.token_manager - INFO - 强制刷新Token成功: service=user
2026-03-04 17:00:00 - auth.cache - INFO - Token已缓存: service=user, expires_at=2026-03-04 17:00:01.765716, remaining=0s
2026-03-04 17:00:00 - auth.token_manager - WARNING - 尝试刷新不存在的Token: service=nurse, 将重新获取
2026-03-04 17:00:00 - auth.providers.http_auth_provider - INFO - 开始获取Token: service=nurse, method=GET
2026-03-04 17:00:00 - auth.providers.http_auth_provider - INFO - Token获取成功: service=nurse, expires_at=2026-03-04T17:00:01.809750
2026-03-04 17:00:00 - auth.token_manager - INFO - 强制刷新Token成功: service=nurse
2026-03-04 17:00:00 - auth.cache - INFO - Token已缓存: service=nurse, expires_at=2026-03-04 17:00:01.809750, remaining=0s
2026-03-04 17:00:00 - auth.token_manager - WARNING - 尝试刷新不存在的Token: service=admin, 将重新获取
2026-03-04 17:00:00 - auth.providers.http_auth_provider - INFO - 开始获取Token: service=admin, method=POST
2026-03-04 17:00:00 - auth.providers.http_auth_provider - INFO - Token获取成功: service=admin, expires_at=2026-03-04T17:00:01.955405
2026-03-04 17:00:00 - auth.token_manager - INFO - 强制刷新Token成功: service=admin
2026-03-04 17:00:00 - auth.cache - INFO - Token已缓存: service=admin, expires_at=2026-03-04 17:00:01.955405, remaining=0s
2026-03-04 17:00:00 - __main__ - INFO - Step 3: 执行接口监控...
2026-03-04 17:00:00 - monitor.monitor_engine - INFO - 开始执行监控: 663个接口，5线程并发
2026-03-04 17:00:00 - monitor.monitor_engine - INFO - 请求间隔: 500ms
2026-03-04 17:00:05 - monitor.monitor_engine - INFO - 监控执行完成: 总数=663, 成功=197, 失败=466, 成功率=29.7%, P95响应时间=0.05s, 耗时=4.82s
2026-03-04 17:00:05 - __main__ - INFO - 接口监控执行时间: 4.82秒 (663个接口)
2026-03-04 17:00:05 - __main__ - INFO - Step 4: 分析监控结果...
2026-03-04 17:00:05 - analyzer.result_analyzer - INFO - 开始分析 663 个监控结果
2026-03-04 17:00:05 - analyzer.aggregators.error_aggregator - INFO - 开始聚合 466 个异常结果
2026-03-04 17:00:05 - analyzer.aggregators.error_aggregator - INFO - 聚合完成，共 463 种异常类型
2026-03-04 17:00:05 - analyzer.aggregators.stats_aggregator - INFO - 开始统计 663 个监控结果
2026-03-04 17:00:05 - analyzer.aggregators.stats_aggregator - INFO - 统计完成: 总数=663, 成功率=29.71%
2026-03-04 17:00:05 - analyzer.alert_logic - INFO - 发现500错误，触发异常告警: Heatmap
2026-03-04 17:00:05 - analyzer.alert_logic - INFO - 开始过滤告警错误，总错误数: 463
2026-03-04 17:00:05 - analyzer.alert_logic - INFO -   -> 通过error_type匹配: HTTP_500
2026-03-04 17:00:05 - analyzer.alert_logic - INFO -   -> 通过error_type匹配: HTTP_500
2026-03-04 17:00:05 - analyzer.alert_logic - INFO -   -> 通过error_type匹配: HTTP_404
2026-03-04 17:00:05 - analyzer.alert_logic - INFO -   -> 通过error_type匹配: HTTP_404
2026-03-04 17:00:05 - analyzer.alert_logic - INFO - 过滤完成，告警错误数: 4
2026-03-04 17:00:05 - analyzer.alert_logic - INFO - 被过滤的告警错误列表:
2026-03-04 17:00:05 - analyzer.alert_logic - INFO -   1. Heatmap - HTTP_500 (HTTP 500)
2026-03-04 17:00:05 - analyzer.alert_logic - INFO -   2. {Batchid} - HTTP_500 (HTTP 500)
2026-03-04 17:00:05 - analyzer.alert_logic - INFO -   3. Upload - HTTP_404 (HTTP 404)
2026-03-04 17:00:05 - analyzer.alert_logic - INFO -   4. Upload - HTTP_404 (HTTP 404)
2026-03-04 17:00:05 - analyzer.alert_logic - INFO - 准备发送告警: 类型=error, 优先级=CRITICAL, 接收人=5个, 告警错误=4个
2026-03-04 17:00:05 - analyzer.result_analyzer - INFO - 分析完成: 总数=663, 成功=197, 失败=466, 异常类型=463, 需要告警=True, 告警摘要=2个500错误，2个404错误
2026-03-04 17:00:05 - __main__ - INFO - 分析耗时: 0.01秒
2026-03-04 17:00:05 - __main__ - INFO - Step 5: 发送监控报告...
2026-03-04 17:00:05 - __main__ - INFO - 发现严重错误，发送告警通知
2026-03-04 17:00:05 - notifier.wechat_notifier - INFO - 开始发送监控报告
2026-03-04 17:00:05 - notifier.webhook_client - INFO - 发送企业微信消息 (尝试 1/3)
2026-03-04 17:00:05 - notifier.webhook_client - INFO - 消息发送成功: N/A
2026-03-04 17:00:05 - notifier.wechat_notifier - INFO - 监控报告发送成功: message_id=, retry_count=0
2026-03-04 17:00:05 - __main__ - INFO - 监控报告发送成功
2026-03-04 17:00:05 - __main__ - INFO - ============================================================
2026-03-04 17:00:05 - __main__ - INFO - 监控周期完成: 2026-03-04 17:00:05
2026-03-04 17:00:05 - __main__ - INFO - 总耗时: 5.40秒 (监控执行: 4.82秒, 分析: 0.01秒)
2026-03-04 17:00:05 - __main__ - INFO - 接口总数: 663
2026-03-04 17:00:05 - __main__ - INFO - 成功: 197
2026-03-04 17:00:05 - __main__ - INFO - 失败: 466
2026-03-04 17:00:05 - __main__ - INFO - 成功率: 29.71%
2026-03-04 17:00:05 - __main__ - INFO - 平均响应时间: 0.03秒
2026-03-04 17:00:05 - __main__ - INFO - 状态码分布:
2026-03-04 17:00:05 - __main__ - INFO -   HTTP 200: 197次 (29.7%)
2026-03-04 17:00:05 - __main__ - INFO -   HTTP 400: 372次 (56.1%)
2026-03-04 17:00:05 - __main__ - INFO -   HTTP 401: 87次 (13.1%)
2026-03-04 17:00:05 - __main__ - INFO -   HTTP 404: 2次 (0.3%)
2026-03-04 17:00:05 - __main__ - INFO -   HTTP 405: 1次 (0.2%)
2026-03-04 17:00:06 - __main__ - INFO -   HTTP 415: 2次 (0.3%)
2026-03-04 17:00:06 - __main__ - INFO -   HTTP 500: 2次 (0.3%)
2026-03-04 17:00:06 - __main__ - INFO - ============================================================
2026-03-04 17:00:06 - __main__ - INFO - 下次执行时间: 2026-03-04 17:05:00
2026-03-04 17:05:00 - __main__ - INFO - 开始执行监控周期: 2026-03-04 17:05:00
2026-03-04 17:05:00 - __main__ - INFO - ============================================================
2026-03-04 17:05:00 - __main__ - INFO - 开始监控周期: 2026-03-04 17:05:00
2026-03-04 17:05:00 - __main__ - INFO - ============================================================
2026-03-04 17:05:00 - __main__ - INFO - Step 1: 扫描接口文档...
2026-03-04 17:05:00 - scanner.interface_scanner - INFO - 开始扫描目录: D:\Dev\interface_monitoring\Interface-pool
2026-03-04 17:05:00 - scanner.interface_scanner - INFO - 实际扫描到的文件: 663
2026-03-04 17:05:00 - scanner.interface_scanner - INFO -   1. D:\Dev\interface_monitoring\Interface-pool\user\JPush推送\发送推送_OpenAPI.json
2026-03-04 17:05:00 - scanner.interface_scanner - INFO -   2. D:\Dev\interface_monitoring\Interface-pool\user\Oss管理\同步上传文件到OSS_OpenAPI.json
2026-03-04 17:05:00 - scanner.interface_scanner - INFO -   3. D:\Dev\interface_monitoring\Interface-pool\user\Oss管理\批量同步上传文件到OSS_OpenAPI.json
2026-03-04 17:05:00 - scanner.interface_scanner - INFO -   4. D:\Dev\interface_monitoring\Interface-pool\user\价格计算\个体价格计算_OpenAPI.json
2026-03-04 17:05:00 - scanner.interface_scanner - INFO -   5. D:\Dev\interface_monitoring\Interface-pool\user\价格计算\团体价格计算_OpenAPI.json
2026-03-04 17:05:00 - scanner.interface_scanner - INFO -   ... 还有 658 个文件
2026-03-04 17:05:00 - scanner.interface_scanner - INFO - 找到 663 个接口文档文件
2026-03-04 17:05:00 - scanner.interface_scanner - INFO - 扫描完成，共发现 663 个接口
2026-03-04 17:05:00 - __main__ - INFO - 发现 663 个接口
2026-03-04 17:05:00 - __main__ - INFO - Step 2: 获取认证Token...
2026-03-04 17:05:00 - auth.token_manager - WARNING - 尝试刷新不存在的Token: service=user, 将重新获取
2026-03-04 17:05:00 - auth.providers.http_auth_provider - INFO - 开始获取Token: service=user, method=GET
2026-03-04 17:05:00 - auth.providers.http_auth_provider - INFO - Token获取成功: service=user, expires_at=2026-03-04T17:05:01.285584
2026-03-04 17:05:00 - auth.token_manager - INFO - 强制刷新Token成功: service=user
2026-03-04 17:05:00 - auth.cache - INFO - Token已缓存: service=user, expires_at=2026-03-04 17:05:01.285584, remaining=0s
2026-03-04 17:05:00 - auth.token_manager - WARNING - 尝试刷新不存在的Token: service=nurse, 将重新获取
2026-03-04 17:05:00 - auth.providers.http_auth_provider - INFO - 开始获取Token: service=nurse, method=GET
2026-03-04 17:05:00 - auth.providers.http_auth_provider - INFO - Token获取成功: service=nurse, expires_at=2026-03-04T17:05:01.322746
2026-03-04 17:05:00 - auth.token_manager - INFO - 强制刷新Token成功: service=nurse
2026-03-04 17:05:00 - auth.cache - INFO - Token已缓存: service=nurse, expires_at=2026-03-04 17:05:01.322746, remaining=0s
2026-03-04 17:05:00 - auth.token_manager - WARNING - 尝试刷新不存在的Token: service=admin, 将重新获取
2026-03-04 17:05:00 - auth.providers.http_auth_provider - INFO - 开始获取Token: service=admin, method=POST
2026-03-04 17:05:00 - auth.providers.http_auth_provider - INFO - Token获取成功: service=admin, expires_at=2026-03-04T17:05:01.459948
2026-03-04 17:05:00 - auth.token_manager - INFO - 强制刷新Token成功: service=admin
2026-03-04 17:05:00 - auth.cache - INFO - Token已缓存: service=admin, expires_at=2026-03-04 17:05:01.459948, remaining=0s
2026-03-04 17:05:00 - __main__ - INFO - Step 3: 执行接口监控...
2026-03-04 17:05:00 - monitor.monitor_engine - INFO - 开始执行监控: 663个接口，5线程并发
2026-03-04 17:05:00 - monitor.monitor_engine - INFO - 请求间隔: 500ms
2026-03-04 17:05:04 - monitor.monitor_engine - INFO - 监控执行完成: 总数=663, 成功=197, 失败=466, 成功率=29.7%, P95响应时间=0.05s, 耗时=4.46s
2026-03-04 17:05:04 - __main__ - INFO - 接口监控执行时间: 4.46秒 (663个接口)
2026-03-04 17:05:04 - __main__ - INFO - Step 4: 分析监控结果...
2026-03-04 17:05:04 - analyzer.result_analyzer - INFO - 开始分析 663 个监控结果
2026-03-04 17:05:04 - analyzer.aggregators.error_aggregator - INFO - 开始聚合 466 个异常结果
2026-03-04 17:05:04 - analyzer.aggregators.error_aggregator - INFO - 聚合完成，共 463 种异常类型
2026-03-04 17:05:04 - analyzer.aggregators.stats_aggregator - INFO - 开始统计 663 个监控结果
2026-03-04 17:05:04 - analyzer.aggregators.stats_aggregator - INFO - 统计完成: 总数=663, 成功率=29.71%
2026-03-04 17:05:04 - analyzer.alert_logic - INFO - 发现500错误，触发异常告警: Heatmap
2026-03-04 17:05:04 - analyzer.alert_logic - INFO - 开始过滤告警错误，总错误数: 463
2026-03-04 17:05:04 - analyzer.alert_logic - INFO -   -> 通过error_type匹配: HTTP_500
2026-03-04 17:05:04 - analyzer.alert_logic - INFO -   -> 通过error_type匹配: HTTP_500
2026-03-04 17:05:04 - analyzer.alert_logic - INFO -   -> 通过error_type匹配: HTTP_404
2026-03-04 17:05:04 - analyzer.alert_logic - INFO -   -> 通过error_type匹配: HTTP_404
2026-03-04 17:05:04 - analyzer.alert_logic - INFO - 过滤完成，告警错误数: 4
2026-03-04 17:05:04 - analyzer.alert_logic - INFO - 被过滤的告警错误列表:
2026-03-04 17:05:04 - analyzer.alert_logic - INFO -   1. Heatmap - HTTP_500 (HTTP 500)
2026-03-04 17:05:04 - analyzer.alert_logic - INFO -   2. {Batchid} - HTTP_500 (HTTP 500)
2026-03-04 17:05:04 - analyzer.alert_logic - INFO -   3. Upload - HTTP_404 (HTTP 404)
2026-03-04 17:05:04 - analyzer.alert_logic - INFO -   4. Upload - HTTP_404 (HTTP 404)
2026-03-04 17:05:04 - analyzer.alert_logic - INFO - 准备发送告警: 类型=error, 优先级=CRITICAL, 接收人=5个, 告警错误=4个
2026-03-04 17:05:04 - analyzer.result_analyzer - INFO - 分析完成: 总数=663, 成功=197, 失败=466, 异常类型=463, 需要告警=True, 告警摘要=2个500错误，2个404错误
2026-03-04 17:05:04 - __main__ - INFO - 分析耗时: 0.01秒
2026-03-04 17:05:04 - __main__ - INFO - Step 5: 发送监控报告...
2026-03-04 17:05:04 - __main__ - INFO - 发现严重错误，发送告警通知
2026-03-04 17:05:04 - notifier.wechat_notifier - INFO - 开始发送监控报告
2026-03-04 17:05:04 - notifier.webhook_client - INFO - 发送企业微信消息 (尝试 1/3)
2026-03-04 17:05:05 - notifier.webhook_client - INFO - 消息发送成功: N/A
2026-03-04 17:05:05 - notifier.wechat_notifier - INFO - 监控报告发送成功: message_id=, retry_count=0
2026-03-04 17:05:05 - __main__ - INFO - 监控报告发送成功
2026-03-04 17:05:05 - __main__ - INFO - ============================================================
2026-03-04 17:05:05 - __main__ - INFO - 监控周期完成: 2026-03-04 17:05:05
2026-03-04 17:05:05 - __main__ - INFO - 总耗时: 4.97秒 (监控执行: 4.46秒, 分析: 0.01秒)
2026-03-04 17:05:05 - __main__ - INFO - 接口总数: 663
2026-03-04 17:05:05 - __main__ - INFO - 成功: 197
2026-03-04 17:05:05 - __main__ - INFO - 失败: 466
2026-03-04 17:05:05 - __main__ - INFO - 成功率: 29.71%
2026-03-04 17:05:05 - __main__ - INFO - 平均响应时间: 0.03秒
2026-03-04 17:05:05 - __main__ - INFO - 状态码分布:
2026-03-04 17:05:05 - __main__ - INFO -   HTTP 200: 197次 (29.7%)
2026-03-04 17:05:05 - __main__ - INFO -   HTTP 400: 374次 (56.4%)
2026-03-04 17:05:05 - __main__ - INFO -   HTTP 401: 85次 (12.8%)
2026-03-04 17:05:05 - __main__ - INFO -   HTTP 404: 2次 (0.3%)
2026-03-04 17:05:05 - __main__ - INFO -   HTTP 405: 1次 (0.2%)
2026-03-04 17:05:05 - __main__ - INFO -   HTTP 415: 2次 (0.3%)
2026-03-04 17:05:05 - __main__ - INFO -   HTTP 500: 2次 (0.3%)
2026-03-04 17:05:05 - __main__ - INFO - ============================================================
2026-03-04 17:05:05 - __main__ - INFO - 下次执行时间: 2026-03-04 17:10:00
2026-03-04 17:10:00 - __main__ - INFO - 开始执行监控周期: 2026-03-04 17:10:00
2026-03-04 17:10:00 - __main__ - INFO - ============================================================
2026-03-04 17:10:00 - __main__ - INFO - 开始监控周期: 2026-03-04 17:10:00
2026-03-04 17:10:00 - __main__ - INFO - ============================================================
2026-03-04 17:10:00 - __main__ - INFO - Step 1: 扫描接口文档...
2026-03-04 17:10:00 - scanner.interface_scanner - INFO - 开始扫描目录: D:\Dev\interface_monitoring\Interface-pool
2026-03-04 17:10:00 - scanner.interface_scanner - INFO - 实际扫描到的文件: 663
2026-03-04 17:10:00 - scanner.interface_scanner - INFO -   1. D:\Dev\interface_monitoring\Interface-pool\user\JPush推送\发送推送_OpenAPI.json
2026-03-04 17:10:00 - scanner.interface_scanner - INFO -   2. D:\Dev\interface_monitoring\Interface-pool\user\Oss管理\同步上传文件到OSS_OpenAPI.json
2026-03-04 17:10:00 - scanner.interface_scanner - INFO -   3. D:\Dev\interface_monitoring\Interface-pool\user\Oss管理\批量同步上传文件到OSS_OpenAPI.json
2026-03-04 17:10:00 - scanner.interface_scanner - INFO -   4. D:\Dev\interface_monitoring\Interface-pool\user\价格计算\个体价格计算_OpenAPI.json
2026-03-04 17:10:00 - scanner.interface_scanner - INFO -   5. D:\Dev\interface_monitoring\Interface-pool\user\价格计算\团体价格计算_OpenAPI.json
2026-03-04 17:10:00 - scanner.interface_scanner - INFO -   ... 还有 658 个文件
2026-03-04 17:10:00 - scanner.interface_scanner - INFO - 找到 663 个接口文档文件
2026-03-04 17:10:00 - scanner.interface_scanner - INFO - 扫描完成，共发现 663 个接口
2026-03-04 17:10:00 - __main__ - INFO - 发现 663 个接口
2026-03-04 17:10:00 - __main__ - INFO - Step 2: 获取认证Token...
2026-03-04 17:10:00 - auth.token_manager - WARNING - 尝试刷新不存在的Token: service=user, 将重新获取
2026-03-04 17:10:00 - auth.providers.http_auth_provider - INFO - 开始获取Token: service=user, method=GET
2026-03-04 17:10:00 - auth.providers.http_auth_provider - INFO - Token获取成功: service=user, expires_at=2026-03-04T17:10:01.382536
2026-03-04 17:10:00 - auth.token_manager - INFO - 强制刷新Token成功: service=user
2026-03-04 17:10:00 - auth.cache - INFO - Token已缓存: service=user, expires_at=2026-03-04 17:10:01.382536, remaining=0s
2026-03-04 17:10:00 - auth.token_manager - WARNING - 尝试刷新不存在的Token: service=nurse, 将重新获取
2026-03-04 17:10:00 - auth.providers.http_auth_provider - INFO - 开始获取Token: service=nurse, method=GET
2026-03-04 17:10:00 - auth.providers.http_auth_provider - INFO - Token获取成功: service=nurse, expires_at=2026-03-04T17:10:01.452821
2026-03-04 17:10:00 - auth.token_manager - INFO - 强制刷新Token成功: service=nurse
2026-03-04 17:10:00 - auth.cache - INFO - Token已缓存: service=nurse, expires_at=2026-03-04 17:10:01.452821, remaining=1s
2026-03-04 17:10:00 - auth.token_manager - WARNING - 尝试刷新不存在的Token: service=admin, 将重新获取
2026-03-04 17:10:00 - auth.providers.http_auth_provider - INFO - 开始获取Token: service=admin, method=POST
2026-03-04 17:10:00 - auth.providers.http_auth_provider - INFO - Token获取成功: service=admin, expires_at=2026-03-04T17:10:01.599499
2026-03-04 17:10:00 - auth.token_manager - INFO - 强制刷新Token成功: service=admin
2026-03-04 17:10:00 - auth.cache - INFO - Token已缓存: service=admin, expires_at=2026-03-04 17:10:01.599499, remaining=0s
2026-03-04 17:10:00 - __main__ - INFO - Step 3: 执行接口监控...
2026-03-04 17:10:00 - monitor.monitor_engine - INFO - 开始执行监控: 663个接口，5线程并发
2026-03-04 17:10:00 - monitor.monitor_engine - INFO - 请求间隔: 500ms
2026-03-04 17:10:05 - monitor.monitor_engine - INFO - 监控执行完成: 总数=663, 成功=197, 失败=466, 成功率=29.7%, P95响应时间=0.05s, 耗时=4.80s
2026-03-04 17:10:05 - __main__ - INFO - 接口监控执行时间: 4.80秒 (663个接口)
2026-03-04 17:10:05 - __main__ - INFO - Step 4: 分析监控结果...
2026-03-04 17:10:05 - analyzer.result_analyzer - INFO - 开始分析 663 个监控结果
2026-03-04 17:10:05 - analyzer.aggregators.error_aggregator - INFO - 开始聚合 466 个异常结果
2026-03-04 17:10:05 - analyzer.aggregators.error_aggregator - INFO - 聚合完成，共 463 种异常类型
2026-03-04 17:10:05 - analyzer.aggregators.stats_aggregator - INFO - 开始统计 663 个监控结果
2026-03-04 17:10:05 - analyzer.aggregators.stats_aggregator - INFO - 统计完成: 总数=663, 成功率=29.71%
2026-03-04 17:10:05 - analyzer.alert_logic - INFO - 发现500错误，触发异常告警: Heatmap
2026-03-04 17:10:05 - analyzer.alert_logic - INFO - 开始过滤告警错误，总错误数: 463
2026-03-04 17:10:05 - analyzer.alert_logic - INFO -   -> 通过error_type匹配: HTTP_500
2026-03-04 17:10:05 - analyzer.alert_logic - INFO -   -> 通过error_type匹配: HTTP_500
2026-03-04 17:10:05 - analyzer.alert_logic - INFO -   -> 通过error_type匹配: HTTP_404
2026-03-04 17:10:05 - analyzer.alert_logic - INFO -   -> 通过error_type匹配: HTTP_404
2026-03-04 17:10:05 - analyzer.alert_logic - INFO - 过滤完成，告警错误数: 4
2026-03-04 17:10:05 - analyzer.alert_logic - INFO - 被过滤的告警错误列表:
2026-03-04 17:10:05 - analyzer.alert_logic - INFO -   1. Heatmap - HTTP_500 (HTTP 500)
2026-03-04 17:10:05 - analyzer.alert_logic - INFO -   2. {Batchid} - HTTP_500 (HTTP 500)
2026-03-04 17:10:05 - analyzer.alert_logic - INFO -   3. Upload - HTTP_404 (HTTP 404)
2026-03-04 17:10:05 - analyzer.alert_logic - INFO -   4. Upload - HTTP_404 (HTTP 404)
2026-03-04 17:10:05 - analyzer.alert_logic - INFO - 准备发送告警: 类型=error, 优先级=CRITICAL, 接收人=5个, 告警错误=4个
2026-03-04 17:10:05 - analyzer.result_analyzer - INFO - 分析完成: 总数=663, 成功=197, 失败=466, 异常类型=463, 需要告警=True, 告警摘要=2个500错误，2个404错误
2026-03-04 17:10:05 - __main__ - INFO - 分析耗时: 0.01秒
2026-03-04 17:10:05 - __main__ - INFO - Step 5: 发送监控报告...
2026-03-04 17:10:05 - __main__ - INFO - 发现严重错误，发送告警通知
2026-03-04 17:10:05 - notifier.wechat_notifier - INFO - 开始发送监控报告
2026-03-04 17:10:05 - notifier.webhook_client - INFO - 发送企业微信消息 (尝试 1/3)
2026-03-04 17:10:05 - notifier.webhook_client - INFO - 消息发送成功: N/A
2026-03-04 17:10:05 - notifier.wechat_notifier - INFO - 监控报告发送成功: message_id=, retry_count=0
2026-03-04 17:10:05 - __main__ - INFO - 监控报告发送成功
2026-03-04 17:10:05 - __main__ - INFO - ============================================================
2026-03-04 17:10:05 - __main__ - INFO - 监控周期完成: 2026-03-04 17:10:05
2026-03-04 17:10:05 - __main__ - INFO - 总耗时: 5.39秒 (监控执行: 4.80秒, 分析: 0.01秒)
2026-03-04 17:10:05 - __main__ - INFO - 接口总数: 663
2026-03-04 17:10:05 - __main__ - INFO - 成功: 197
2026-03-04 17:10:05 - __main__ - INFO - 失败: 466
2026-03-04 17:10:05 - __main__ - INFO - 成功率: 29.71%
2026-03-04 17:10:05 - __main__ - INFO - 平均响应时间: 0.03秒
2026-03-04 17:10:05 - __main__ - INFO - 状态码分布:
2026-03-04 17:10:05 - __main__ - INFO -   HTTP 200: 197次 (29.7%)
2026-03-04 17:10:05 - __main__ - INFO -   HTTP 400: 372次 (56.1%)
2026-03-04 17:10:05 - __main__ - INFO -   HTTP 401: 87次 (13.1%)
2026-03-04 17:10:05 - __main__ - INFO -   HTTP 404: 2次 (0.3%)
2026-03-04 17:10:05 - __main__ - INFO -   HTTP 405: 1次 (0.2%)
2026-03-04 17:10:05 - __main__ - INFO -   HTTP 415: 2次 (0.3%)
2026-03-04 17:10:05 - __main__ - INFO -   HTTP 500: 2次 (0.3%)
2026-03-04 17:10:05 - __main__ - INFO - ============================================================
2026-03-04 17:10:05 - __main__ - INFO - 下次执行时间: 2026-03-04 17:15:00
2026-03-04 17:15:00 - __main__ - INFO - 开始执行监控周期: 2026-03-04 17:15:00
2026-03-04 17:15:00 - __main__ - INFO - ============================================================
2026-03-04 17:15:00 - __main__ - INFO - 开始监控周期: 2026-03-04 17:15:00
2026-03-04 17:15:00 - __main__ - INFO - ============================================================
2026-03-04 17:15:00 - __main__ - INFO - Step 1: 扫描接口文档...
2026-03-04 17:15:00 - scanner.interface_scanner - INFO - 开始扫描目录: D:\Dev\interface_monitoring\Interface-pool
2026-03-04 17:15:00 - scanner.interface_scanner - INFO - 实际扫描到的文件: 663
2026-03-04 17:15:00 - scanner.interface_scanner - INFO -   1. D:\Dev\interface_monitoring\Interface-pool\user\JPush推送\发送推送_OpenAPI.json
2026-03-04 17:15:00 - scanner.interface_scanner - INFO -   2. D:\Dev\interface_monitoring\Interface-pool\user\Oss管理\同步上传文件到OSS_OpenAPI.json
2026-03-04 17:15:00 - scanner.interface_scanner - INFO -   3. D:\Dev\interface_monitoring\Interface-pool\user\Oss管理\批量同步上传文件到OSS_OpenAPI.json
2026-03-04 17:15:00 - scanner.interface_scanner - INFO -   4. D:\Dev\interface_monitoring\Interface-pool\user\价格计算\个体价格计算_OpenAPI.json
2026-03-04 17:15:00 - scanner.interface_scanner - INFO -   5. D:\Dev\interface_monitoring\Interface-pool\user\价格计算\团体价格计算_OpenAPI.json
2026-03-04 17:15:00 - scanner.interface_scanner - INFO -   ... 还有 658 个文件
2026-03-04 17:15:00 - scanner.interface_scanner - INFO - 找到 663 个接口文档文件
2026-03-04 17:15:00 - scanner.interface_scanner - INFO - 扫描完成，共发现 663 个接口
2026-03-04 17:15:00 - __main__ - INFO - 发现 663 个接口
2026-03-04 17:15:00 - __main__ - INFO - Step 2: 获取认证Token...
2026-03-04 17:15:00 - auth.token_manager - WARNING - 尝试刷新不存在的Token: service=user, 将重新获取
2026-03-04 17:15:00 - auth.providers.http_auth_provider - INFO - 开始获取Token: service=user, method=GET
2026-03-04 17:15:00 - auth.providers.http_auth_provider - INFO - Token获取成功: service=user, expires_at=2026-03-04T17:15:01.897316
2026-03-04 17:15:00 - auth.token_manager - INFO - 强制刷新Token成功: service=user
2026-03-04 17:15:00 - auth.cache - INFO - Token已缓存: service=user, expires_at=2026-03-04 17:15:01.897316, remaining=0s
2026-03-04 17:15:00 - auth.token_manager - WARNING - 尝试刷新不存在的Token: service=nurse, 将重新获取
2026-03-04 17:15:00 - auth.providers.http_auth_provider - INFO - 开始获取Token: service=nurse, method=GET
2026-03-04 17:15:00 - auth.providers.http_auth_provider - INFO - Token获取成功: service=nurse, expires_at=2026-03-04T17:15:01.938391
2026-03-04 17:15:00 - auth.token_manager - INFO - 强制刷新Token成功: service=nurse
2026-03-04 17:15:00 - auth.cache - INFO - Token已缓存: service=nurse, expires_at=2026-03-04 17:15:01.938391, remaining=0s
2026-03-04 17:15:00 - auth.token_manager - WARNING - 尝试刷新不存在的Token: service=admin, 将重新获取
2026-03-04 17:15:00 - auth.providers.http_auth_provider - INFO - 开始获取Token: service=admin, method=POST
2026-03-04 17:15:01 - auth.providers.http_auth_provider - INFO - Token获取成功: service=admin, expires_at=2026-03-04T17:15:02.109229
2026-03-04 17:15:01 - auth.token_manager - INFO - 强制刷新Token成功: service=admin
2026-03-04 17:15:01 - auth.cache - INFO - Token已缓存: service=admin, expires_at=2026-03-04 17:15:02.109229, remaining=0s
2026-03-04 17:15:01 - __main__ - INFO - Step 3: 执行接口监控...
2026-03-04 17:15:01 - monitor.monitor_engine - INFO - 开始执行监控: 663个接口，5线程并发
2026-03-04 17:15:01 - monitor.monitor_engine - INFO - 请求间隔: 500ms
2026-03-04 17:15:05 - monitor.monitor_engine - INFO - 监控执行完成: 总数=663, 成功=197, 失败=466, 成功率=29.7%, P95响应时间=0.05s, 耗时=4.71s
2026-03-04 17:15:05 - __main__ - INFO - 接口监控执行时间: 4.71秒 (663个接口)
2026-03-04 17:15:05 - __main__ - INFO - Step 4: 分析监控结果...
2026-03-04 17:15:05 - analyzer.result_analyzer - INFO - 开始分析 663 个监控结果
2026-03-04 17:15:05 - analyzer.aggregators.error_aggregator - INFO - 开始聚合 466 个异常结果
2026-03-04 17:15:05 - analyzer.aggregators.error_aggregator - INFO - 聚合完成，共 463 种异常类型
2026-03-04 17:15:05 - analyzer.aggregators.stats_aggregator - INFO - 开始统计 663 个监控结果
2026-03-04 17:15:05 - analyzer.aggregators.stats_aggregator - INFO - 统计完成: 总数=663, 成功率=29.71%
2026-03-04 17:15:05 - analyzer.alert_logic - INFO - 发现500错误，触发异常告警: Heatmap
2026-03-04 17:15:05 - analyzer.alert_logic - INFO - 开始过滤告警错误，总错误数: 463
2026-03-04 17:15:05 - analyzer.alert_logic - INFO -   -> 通过error_type匹配: HTTP_500
2026-03-04 17:15:05 - analyzer.alert_logic - INFO -   -> 通过error_type匹配: HTTP_500
2026-03-04 17:15:05 - analyzer.alert_logic - INFO -   -> 通过error_type匹配: HTTP_404
2026-03-04 17:15:05 - analyzer.alert_logic - INFO -   -> 通过error_type匹配: HTTP_404
2026-03-04 17:15:05 - analyzer.alert_logic - INFO - 过滤完成，告警错误数: 4
2026-03-04 17:15:05 - analyzer.alert_logic - INFO - 被过滤的告警错误列表:
2026-03-04 17:15:05 - analyzer.alert_logic - INFO -   1. Heatmap - HTTP_500 (HTTP 500)
2026-03-04 17:15:05 - analyzer.alert_logic - INFO -   2. {Batchid} - HTTP_500 (HTTP 500)
2026-03-04 17:15:05 - analyzer.alert_logic - INFO -   3. Upload - HTTP_404 (HTTP 404)
2026-03-04 17:15:05 - analyzer.alert_logic - INFO -   4. Upload - HTTP_404 (HTTP 404)
2026-03-04 17:15:05 - analyzer.alert_logic - INFO - 准备发送告警: 类型=error, 优先级=CRITICAL, 接收人=5个, 告警错误=4个
2026-03-04 17:15:05 - analyzer.result_analyzer - INFO - 分析完成: 总数=663, 成功=197, 失败=466, 异常类型=463, 需要告警=True, 告警摘要=2个500错误，2个404错误
2026-03-04 17:15:05 - __main__ - INFO - 分析耗时: 0.00秒
2026-03-04 17:15:05 - __main__ - INFO - Step 5: 发送监控报告...
2026-03-04 17:15:05 - __main__ - INFO - 发现严重错误，发送告警通知
2026-03-04 17:15:05 - notifier.wechat_notifier - INFO - 开始发送监控报告
2026-03-04 17:15:05 - notifier.webhook_client - INFO - 发送企业微信消息 (尝试 1/3)
2026-03-04 17:15:06 - notifier.webhook_client - INFO - 消息发送成功: N/A
2026-03-04 17:15:06 - notifier.wechat_notifier - INFO - 监控报告发送成功: message_id=, retry_count=0
2026-03-04 17:15:06 - __main__ - INFO - 监控报告发送成功
2026-03-04 17:15:06 - __main__ - INFO - ============================================================
2026-03-04 17:15:06 - __main__ - INFO - 监控周期完成: 2026-03-04 17:15:06
2026-03-04 17:15:06 - __main__ - INFO - 总耗时: 5.44秒 (监控执行: 4.71秒, 分析: 0.00秒)
2026-03-04 17:15:06 - __main__ - INFO - 接口总数: 663
2026-03-04 17:15:06 - __main__ - INFO - 成功: 197
2026-03-04 17:15:06 - __main__ - INFO - 失败: 466
2026-03-04 17:15:06 - __main__ - INFO - 成功率: 29.71%
2026-03-04 17:15:06 - __main__ - INFO - 平均响应时间: 0.03秒
2026-03-04 17:15:06 - __main__ - INFO - 状态码分布:
2026-03-04 17:15:06 - __main__ - INFO -   HTTP 200: 197次 (29.7%)
2026-03-04 17:15:06 - __main__ - INFO -   HTTP 400: 373次 (56.3%)
2026-03-04 17:15:06 - __main__ - INFO -   HTTP 401: 86次 (13.0%)
2026-03-04 17:15:06 - __main__ - INFO -   HTTP 404: 2次 (0.3%)
2026-03-04 17:15:06 - __main__ - INFO -   HTTP 405: 1次 (0.2%)
2026-03-04 17:15:06 - __main__ - INFO -   HTTP 415: 2次 (0.3%)
2026-03-04 17:15:06 - __main__ - INFO -   HTTP 500: 2次 (0.3%)
2026-03-04 17:15:06 - __main__ - INFO - ============================================================
2026-03-04 17:15:06 - __main__ - INFO - 下次执行时间: 2026-03-04 17:20:00
2026-03-04 17:20:00 - __main__ - INFO - 开始执行监控周期: 2026-03-04 17:20:00
2026-03-04 17:20:00 - __main__ - INFO - ============================================================
2026-03-04 17:20:00 - __main__ - INFO - 开始监控周期: 2026-03-04 17:20:00
2026-03-04 17:20:00 - __main__ - INFO - ============================================================
2026-03-04 17:20:00 - __main__ - INFO - Step 1: 扫描接口文档...
2026-03-04 17:20:00 - scanner.interface_scanner - INFO - 开始扫描目录: D:\Dev\interface_monitoring\Interface-pool
2026-03-04 17:20:00 - scanner.interface_scanner - INFO - 实际扫描到的文件: 663
2026-03-04 17:20:00 - scanner.interface_scanner - INFO -   1. D:\Dev\interface_monitoring\Interface-pool\user\JPush推送\发送推送_OpenAPI.json
2026-03-04 17:20:00 - scanner.interface_scanner - INFO -   2. D:\Dev\interface_monitoring\Interface-pool\user\Oss管理\同步上传文件到OSS_OpenAPI.json
2026-03-04 17:20:00 - scanner.interface_scanner - INFO -   3. D:\Dev\interface_monitoring\Interface-pool\user\Oss管理\批量同步上传文件到OSS_OpenAPI.json
2026-03-04 17:20:00 - scanner.interface_scanner - INFO -   4. D:\Dev\interface_monitoring\Interface-pool\user\价格计算\个体价格计算_OpenAPI.json
2026-03-04 17:20:00 - scanner.interface_scanner - INFO -   5. D:\Dev\interface_monitoring\Interface-pool\user\价格计算\团体价格计算_OpenAPI.json
2026-03-04 17:20:00 - scanner.interface_scanner - INFO -   ... 还有 658 个文件
2026-03-04 17:20:00 - scanner.interface_scanner - INFO - 找到 663 个接口文档文件
2026-03-04 17:20:00 - scanner.interface_scanner - INFO - 扫描完成，共发现 663 个接口
2026-03-04 17:20:00 - __main__ - INFO - 发现 663 个接口
2026-03-04 17:20:00 - __main__ - INFO - Step 2: 获取认证Token...
2026-03-04 17:20:00 - auth.token_manager - WARNING - 尝试刷新不存在的Token: service=user, 将重新获取
2026-03-04 17:20:00 - auth.providers.http_auth_provider - INFO - 开始获取Token: service=user, method=GET
2026-03-04 17:20:00 - auth.providers.http_auth_provider - INFO - Token获取成功: service=user, expires_at=2026-03-04T17:20:01.429267
2026-03-04 17:20:00 - auth.token_manager - INFO - 强制刷新Token成功: service=user
2026-03-04 17:20:00 - auth.cache - INFO - Token已缓存: service=user, expires_at=2026-03-04 17:20:01.429267, remaining=1s
2026-03-04 17:20:00 - auth.token_manager - WARNING - 尝试刷新不存在的Token: service=nurse, 将重新获取
2026-03-04 17:20:00 - auth.providers.http_auth_provider - INFO - 开始获取Token: service=nurse, method=GET
2026-03-04 17:20:00 - auth.providers.http_auth_provider - INFO - Token获取成功: service=nurse, expires_at=2026-03-04T17:20:01.472813
2026-03-04 17:20:00 - auth.token_manager - INFO - 强制刷新Token成功: service=nurse
2026-03-04 17:20:00 - auth.cache - INFO - Token已缓存: service=nurse, expires_at=2026-03-04 17:20:01.472813, remaining=1s
2026-03-04 17:20:00 - auth.token_manager - WARNING - 尝试刷新不存在的Token: service=admin, 将重新获取
2026-03-04 17:20:00 - auth.providers.http_auth_provider - INFO - 开始获取Token: service=admin, method=POST
2026-03-04 17:20:00 - auth.providers.http_auth_provider - INFO - Token获取成功: service=admin, expires_at=2026-03-04T17:20:01.617906
2026-03-04 17:20:00 - auth.token_manager - INFO - 强制刷新Token成功: service=admin
2026-03-04 17:20:00 - auth.cache - INFO - Token已缓存: service=admin, expires_at=2026-03-04 17:20:01.617906, remaining=0s
2026-03-04 17:20:00 - __main__ - INFO - Step 3: 执行接口监控...
2026-03-04 17:20:00 - monitor.monitor_engine - INFO - 开始执行监控: 663个接口，5线程并发
2026-03-04 17:20:00 - monitor.monitor_engine - INFO - 请求间隔: 500ms
2026-03-04 17:20:06 - monitor.monitor_engine - INFO - 监控执行完成: 总数=663, 成功=198, 失败=465, 成功率=29.9%, P95响应时间=0.06s, 耗时=5.57s
2026-03-04 17:20:06 - __main__ - INFO - 接口监控执行时间: 5.57秒 (663个接口)
2026-03-04 17:20:06 - __main__ - INFO - Step 4: 分析监控结果...
2026-03-04 17:20:06 - analyzer.result_analyzer - INFO - 开始分析 663 个监控结果
2026-03-04 17:20:06 - analyzer.aggregators.error_aggregator - INFO - 开始聚合 465 个异常结果
2026-03-04 17:20:06 - analyzer.aggregators.error_aggregator - INFO - 聚合完成，共 462 种异常类型
2026-03-04 17:20:06 - analyzer.aggregators.stats_aggregator - INFO - 开始统计 663 个监控结果
2026-03-04 17:20:06 - analyzer.aggregators.stats_aggregator - INFO - 统计完成: 总数=663, 成功率=29.86%
2026-03-04 17:20:06 - analyzer.alert_logic - INFO - 发现500错误，触发异常告警: Heatmap
2026-03-04 17:20:06 - analyzer.alert_logic - INFO - 开始过滤告警错误，总错误数: 462
2026-03-04 17:20:06 - analyzer.alert_logic - INFO -   -> 通过error_type匹配: HTTP_500
2026-03-04 17:20:06 - analyzer.alert_logic - INFO -   -> 通过error_type匹配: HTTP_500
2026-03-04 17:20:06 - analyzer.alert_logic - INFO -   -> 通过error_type匹配: HTTP_404
2026-03-04 17:20:06 - analyzer.alert_logic - INFO -   -> 通过error_type匹配: HTTP_404
2026-03-04 17:20:06 - analyzer.alert_logic - INFO - 过滤完成，告警错误数: 4
2026-03-04 17:20:06 - analyzer.alert_logic - INFO - 被过滤的告警错误列表:
2026-03-04 17:20:06 - analyzer.alert_logic - INFO -   1. Heatmap - HTTP_500 (HTTP 500)
2026-03-04 17:20:06 - analyzer.alert_logic - INFO -   2. {Batchid} - HTTP_500 (HTTP 500)
2026-03-04 17:20:06 - analyzer.alert_logic - INFO -   3. Upload - HTTP_404 (HTTP 404)
2026-03-04 17:20:06 - analyzer.alert_logic - INFO -   4. Upload - HTTP_404 (HTTP 404)
2026-03-04 17:20:06 - analyzer.alert_logic - INFO - 准备发送告警: 类型=error, 优先级=CRITICAL, 接收人=5个, 告警错误=4个
2026-03-04 17:20:06 - analyzer.result_analyzer - INFO - 分析完成: 总数=663, 成功=198, 失败=465, 异常类型=462, 需要告警=True, 告警摘要=2个500错误，2个404错误
2026-03-04 17:20:06 - __main__ - INFO - 分析耗时: 0.00秒
2026-03-04 17:20:06 - __main__ - INFO - Step 5: 发送监控报告...
2026-03-04 17:20:06 - __main__ - INFO - 发现严重错误，发送告警通知
2026-03-04 17:20:06 - notifier.wechat_notifier - INFO - 开始发送监控报告
2026-03-04 17:20:06 - notifier.webhook_client - INFO - 发送企业微信消息 (尝试 1/3)
2026-03-04 17:20:06 - notifier.webhook_client - INFO - 消息发送成功: N/A
2026-03-04 17:20:06 - notifier.wechat_notifier - INFO - 监控报告发送成功: message_id=, retry_count=0
2026-03-04 17:20:06 - __main__ - INFO - 监控报告发送成功
2026-03-04 17:20:06 - __main__ - INFO - ============================================================
2026-03-04 17:20:06 - __main__ - INFO - 监控周期完成: 2026-03-04 17:20:06
2026-03-04 17:20:06 - __main__ - INFO - 总耗时: 6.26秒 (监控执行: 5.57秒, 分析: 0.00秒)
2026-03-04 17:20:06 - __main__ - INFO - 接口总数: 663
2026-03-04 17:20:06 - __main__ - INFO - 成功: 198
2026-03-04 17:20:06 - __main__ - INFO - 失败: 465
2026-03-04 17:20:06 - __main__ - INFO - 成功率: 29.86%
2026-03-04 17:20:06 - __main__ - INFO - 平均响应时间: 0.04秒
2026-03-04 17:20:06 - __main__ - INFO - 状态码分布:
2026-03-04 17:20:06 - __main__ - INFO -   HTTP 200: 198次 (29.9%)
2026-03-04 17:20:06 - __main__ - INFO -   HTTP 400: 374次 (56.4%)
2026-03-04 17:20:06 - __main__ - INFO -   HTTP 401: 84次 (12.7%)
2026-03-04 17:20:06 - __main__ - INFO -   HTTP 404: 2次 (0.3%)
2026-03-04 17:20:06 - __main__ - INFO -   HTTP 405: 1次 (0.2%)
2026-03-04 17:20:06 - __main__ - INFO -   HTTP 415: 2次 (0.3%)
2026-03-04 17:20:06 - __main__ - INFO -   HTTP 500: 2次 (0.3%)
2026-03-04 17:20:06 - __main__ - INFO - ============================================================
2026-03-04 17:20:06 - __main__ - INFO - 下次执行时间: 2026-03-04 17:25:00
2026-03-04 17:20:36 - config.config_manager - INFO - 检测到配置文件变更: D:\Dev\interface_monitoring\config.yaml
2026-03-04 17:20:36 - config.config_manager - INFO - 开始加载配置文件: D:\Dev\interface_monitoring\config.yaml
2026-03-04 17:20:36 - config.config_manager - INFO - 配置加载并验证成功
2026-03-04 17:20:36 - config.config_manager - INFO - 配置热更新完成
2026-03-04 17:25:00 - __main__ - INFO - 开始执行监控周期: 2026-03-04 17:25:00
2026-03-04 17:25:00 - __main__ - INFO - ============================================================
2026-03-04 17:25:00 - __main__ - INFO - 开始监控周期: 2026-03-04 17:25:00
2026-03-04 17:25:00 - __main__ - INFO - ============================================================
2026-03-04 17:25:00 - __main__ - INFO - Step 1: 扫描接口文档...
2026-03-04 17:25:00 - scanner.interface_scanner - INFO - 开始扫描目录: D:\Dev\interface_monitoring\Interface-pool
2026-03-04 17:25:00 - scanner.interface_scanner - INFO - 实际扫描到的文件: 663
2026-03-04 17:25:00 - scanner.interface_scanner - INFO -   1. D:\Dev\interface_monitoring\Interface-pool\user\JPush推送\发送推送_OpenAPI.json
2026-03-04 17:25:00 - scanner.interface_scanner - INFO -   2. D:\Dev\interface_monitoring\Interface-pool\user\Oss管理\同步上传文件到OSS_OpenAPI.json
2026-03-04 17:25:00 - scanner.interface_scanner - INFO -   3. D:\Dev\interface_monitoring\Interface-pool\user\Oss管理\批量同步上传文件到OSS_OpenAPI.json
2026-03-04 17:25:00 - scanner.interface_scanner - INFO -   4. D:\Dev\interface_monitoring\Interface-pool\user\价格计算\个体价格计算_OpenAPI.json
2026-03-04 17:25:00 - scanner.interface_scanner - INFO -   5. D:\Dev\interface_monitoring\Interface-pool\user\价格计算\团体价格计算_OpenAPI.json
2026-03-04 17:25:00 - scanner.interface_scanner - INFO -   ... 还有 658 个文件
2026-03-04 17:25:00 - scanner.interface_scanner - INFO - 找到 663 个接口文档文件
2026-03-04 17:25:00 - scanner.interface_scanner - INFO - 扫描完成，共发现 663 个接口
2026-03-04 17:25:00 - __main__ - INFO - 发现 663 个接口
2026-03-04 17:25:00 - __main__ - INFO - Step 2: 获取认证Token...
2026-03-04 17:25:00 - auth.token_manager - WARNING - 尝试刷新不存在的Token: service=user, 将重新获取
2026-03-04 17:25:00 - auth.providers.http_auth_provider - INFO - 开始获取Token: service=user, method=GET
2026-03-04 17:25:00 - auth.providers.http_auth_provider - INFO - Token获取成功: service=user, expires_at=2026-03-04T17:25:01.831156
2026-03-04 17:25:00 - auth.token_manager - INFO - 强制刷新Token成功: service=user
2026-03-04 17:25:00 - auth.cache - INFO - Token已缓存: service=user, expires_at=2026-03-04 17:25:01.831156, remaining=1s
2026-03-04 17:25:00 - auth.token_manager - WARNING - 尝试刷新不存在的Token: service=nurse, 将重新获取
2026-03-04 17:25:00 - auth.providers.http_auth_provider - INFO - 开始获取Token: service=nurse, method=GET
2026-03-04 17:25:00 - auth.providers.http_auth_provider - INFO - Token获取成功: service=nurse, expires_at=2026-03-04T17:25:01.883517
2026-03-04 17:25:00 - auth.token_manager - INFO - 强制刷新Token成功: service=nurse
2026-03-04 17:25:00 - auth.cache - INFO - Token已缓存: service=nurse, expires_at=2026-03-04 17:25:01.883517, remaining=1s
2026-03-04 17:25:00 - auth.token_manager - WARNING - 尝试刷新不存在的Token: service=admin, 将重新获取
2026-03-04 17:25:00 - auth.providers.http_auth_provider - INFO - 开始获取Token: service=admin, method=POST
2026-03-04 17:25:01 - auth.providers.http_auth_provider - INFO - Token获取成功: service=admin, expires_at=2026-03-04T17:25:02.033403
2026-03-04 17:25:01 - auth.token_manager - INFO - 强制刷新Token成功: service=admin
2026-03-04 17:25:01 - auth.cache - INFO - Token已缓存: service=admin, expires_at=2026-03-04 17:25:02.033403, remaining=0s
2026-03-04 17:25:01 - __main__ - INFO - Step 3: 执行接口监控...
2026-03-04 17:25:01 - monitor.monitor_engine - INFO - 开始执行监控: 663个接口，5线程并发
2026-03-04 17:25:01 - monitor.monitor_engine - INFO - 请求间隔: 500ms
2026-03-04 17:25:05 - monitor.monitor_engine - INFO - 监控执行完成: 总数=663, 成功=197, 失败=466, 成功率=29.7%, P95响应时间=0.05s, 耗时=4.83s
2026-03-04 17:25:05 - __main__ - INFO - 接口监控执行时间: 4.83秒 (663个接口)
2026-03-04 17:25:05 - __main__ - INFO - Step 4: 分析监控结果...
2026-03-04 17:25:05 - analyzer.result_analyzer - INFO - 开始分析 663 个监控结果
2026-03-04 17:25:05 - analyzer.aggregators.error_aggregator - INFO - 开始聚合 466 个异常结果
2026-03-04 17:25:05 - analyzer.aggregators.error_aggregator - INFO - 聚合完成，共 463 种异常类型
2026-03-04 17:25:05 - analyzer.aggregators.stats_aggregator - INFO - 开始统计 663 个监控结果
2026-03-04 17:25:05 - analyzer.aggregators.stats_aggregator - INFO - 统计完成: 总数=663, 成功率=29.71%
2026-03-04 17:25:05 - analyzer.alert_logic - INFO - 发现500错误，触发异常告警: Heatmap
2026-03-04 17:25:05 - analyzer.alert_logic - INFO - 开始过滤告警错误，总错误数: 463
2026-03-04 17:25:05 - analyzer.alert_logic - INFO -   -> 通过error_type匹配: HTTP_500
2026-03-04 17:25:05 - analyzer.alert_logic - INFO -   -> 通过error_type匹配: HTTP_500
2026-03-04 17:25:05 - analyzer.alert_logic - INFO -   -> 通过error_type匹配: HTTP_404
2026-03-04 17:25:05 - analyzer.alert_logic - INFO -   -> 通过error_type匹配: HTTP_404
2026-03-04 17:25:05 - analyzer.alert_logic - INFO - 过滤完成，告警错误数: 4
2026-03-04 17:25:05 - analyzer.alert_logic - INFO - 被过滤的告警错误列表:
2026-03-04 17:25:05 - analyzer.alert_logic - INFO -   1. Heatmap - HTTP_500 (HTTP 500)
2026-03-04 17:25:05 - analyzer.alert_logic - INFO -   2. {Batchid} - HTTP_500 (HTTP 500)
2026-03-04 17:25:05 - analyzer.alert_logic - INFO -   3. Upload - HTTP_404 (HTTP 404)
2026-03-04 17:25:05 - analyzer.alert_logic - INFO -   4. Upload - HTTP_404 (HTTP 404)
2026-03-04 17:25:05 - analyzer.alert_logic - INFO - 准备发送告警: 类型=error, 优先级=CRITICAL, 接收人=5个, 告警错误=4个
2026-03-04 17:25:05 - analyzer.result_analyzer - INFO - 分析完成: 总数=663, 成功=197, 失败=466, 异常类型=463, 需要告警=True, 告警摘要=2个500错误，2个404错误
2026-03-04 17:25:05 - __main__ - INFO - 分析耗时: 0.00秒
2026-03-04 17:25:05 - __main__ - INFO - Step 5: 发送监控报告...
2026-03-04 17:25:05 - __main__ - INFO - 发现严重错误，发送告警通知
2026-03-04 17:25:05 - notifier.wechat_notifier - INFO - 开始发送监控报告
2026-03-04 17:25:05 - notifier.webhook_client - INFO - 发送企业微信消息 (尝试 1/3)
2026-03-04 17:25:06 - notifier.webhook_client - INFO - 消息发送成功: N/A
2026-03-04 17:25:06 - notifier.wechat_notifier - INFO - 监控报告发送成功: message_id=, retry_count=0
2026-03-04 17:25:06 - __main__ - INFO - 监控报告发送成功
2026-03-04 17:25:06 - __main__ - INFO - ============================================================
2026-03-04 17:25:06 - __main__ - INFO - 监控周期完成: 2026-03-04 17:25:06
2026-03-04 17:25:06 - __main__ - INFO - 总耗时: 5.40秒 (监控执行: 4.83秒, 分析: 0.00秒)
2026-03-04 17:25:06 - __main__ - INFO - 接口总数: 663
2026-03-04 17:25:06 - __main__ - INFO - 成功: 197
2026-03-04 17:25:06 - __main__ - INFO - 失败: 466
2026-03-04 17:25:06 - __main__ - INFO - 成功率: 29.71%
2026-03-04 17:25:06 - __main__ - INFO - 平均响应时间: 0.03秒
2026-03-04 17:25:06 - __main__ - INFO - 状态码分布:
2026-03-04 17:25:06 - __main__ - INFO -   HTTP 200: 197次 (29.7%)
2026-03-04 17:25:06 - __main__ - INFO -   HTTP 400: 374次 (56.4%)
2026-03-04 17:25:06 - __main__ - INFO -   HTTP 401: 85次 (12.8%)
2026-03-04 17:25:06 - __main__ - INFO -   HTTP 404: 2次 (0.3%)
2026-03-04 17:25:06 - __main__ - INFO -   HTTP 405: 1次 (0.2%)
2026-03-04 17:25:06 - __main__ - INFO -   HTTP 415: 2次 (0.3%)
2026-03-04 17:25:06 - __main__ - INFO -   HTTP 500: 2次 (0.3%)
2026-03-04 17:25:06 - __main__ - INFO - ============================================================
2026-03-04 17:25:06 - __main__ - INFO - 下次执行时间: 2026-03-04 17:30:00
2026-03-04 17:30:00 - __main__ - INFO - 开始执行监控周期: 2026-03-04 17:30:00
2026-03-04 17:30:00 - __main__ - INFO - ============================================================
2026-03-04 17:30:00 - __main__ - INFO - 开始监控周期: 2026-03-04 17:30:00
2026-03-04 17:30:00 - __main__ - INFO - ============================================================
2026-03-04 17:30:00 - __main__ - INFO - Step 1: 扫描接口文档...
2026-03-04 17:30:00 - scanner.interface_scanner - INFO - 开始扫描目录: D:\Dev\interface_monitoring\Interface-pool
2026-03-04 17:30:00 - scanner.interface_scanner - INFO - 实际扫描到的文件: 663
2026-03-04 17:30:00 - scanner.interface_scanner - INFO -   1. D:\Dev\interface_monitoring\Interface-pool\user\JPush推送\发送推送_OpenAPI.json
2026-03-04 17:30:00 - scanner.interface_scanner - INFO -   2. D:\Dev\interface_monitoring\Interface-pool\user\Oss管理\同步上传文件到OSS_OpenAPI.json
2026-03-04 17:30:00 - scanner.interface_scanner - INFO -   3. D:\Dev\interface_monitoring\Interface-pool\user\Oss管理\批量同步上传文件到OSS_OpenAPI.json
2026-03-04 17:30:00 - scanner.interface_scanner - INFO -   4. D:\Dev\interface_monitoring\Interface-pool\user\价格计算\个体价格计算_OpenAPI.json
2026-03-04 17:30:00 - scanner.interface_scanner - INFO -   5. D:\Dev\interface_monitoring\Interface-pool\user\价格计算\团体价格计算_OpenAPI.json
2026-03-04 17:30:00 - scanner.interface_scanner - INFO -   ... 还有 658 个文件
2026-03-04 17:30:00 - scanner.interface_scanner - INFO - 找到 663 个接口文档文件
2026-03-04 17:30:00 - scanner.interface_scanner - INFO - 扫描完成，共发现 663 个接口
2026-03-04 17:30:00 - __main__ - INFO - 发现 663 个接口
2026-03-04 17:30:00 - __main__ - INFO - Step 2: 获取认证Token...
2026-03-04 17:30:00 - auth.token_manager - WARNING - 尝试刷新不存在的Token: service=user, 将重新获取
2026-03-04 17:30:00 - auth.providers.http_auth_provider - INFO - 开始获取Token: service=user, method=GET
2026-03-04 17:30:00 - auth.providers.http_auth_provider - INFO - Token获取成功: service=user, expires_at=2026-03-04T17:30:01.374952
2026-03-04 17:30:00 - auth.token_manager - INFO - 强制刷新Token成功: service=user
2026-03-04 17:30:00 - auth.cache - INFO - Token已缓存: service=user, expires_at=2026-03-04 17:30:01.374952, remaining=1s
2026-03-04 17:30:00 - auth.token_manager - WARNING - 尝试刷新不存在的Token: service=nurse, 将重新获取
2026-03-04 17:30:00 - auth.providers.http_auth_provider - INFO - 开始获取Token: service=nurse, method=GET
2026-03-04 17:30:00 - auth.providers.http_auth_provider - INFO - Token获取成功: service=nurse, expires_at=2026-03-04T17:30:01.435205
2026-03-04 17:30:00 - auth.token_manager - INFO - 强制刷新Token成功: service=nurse
2026-03-04 17:30:00 - auth.cache - INFO - Token已缓存: service=nurse, expires_at=2026-03-04 17:30:01.435205, remaining=1s
2026-03-04 17:30:00 - auth.token_manager - WARNING - 尝试刷新不存在的Token: service=admin, 将重新获取
2026-03-04 17:30:00 - auth.providers.http_auth_provider - INFO - 开始获取Token: service=admin, method=POST
2026-03-04 17:30:00 - auth.providers.http_auth_provider - INFO - Token获取成功: service=admin, expires_at=2026-03-04T17:30:01.573149
2026-03-04 17:30:00 - auth.token_manager - INFO - 强制刷新Token成功: service=admin
2026-03-04 17:30:00 - auth.cache - INFO - Token已缓存: service=admin, expires_at=2026-03-04 17:30:01.573149, remaining=1s
2026-03-04 17:30:00 - __main__ - INFO - Step 3: 执行接口监控...
2026-03-04 17:30:00 - monitor.monitor_engine - INFO - 开始执行监控: 663个接口，5线程并发
2026-03-04 17:30:00 - monitor.monitor_engine - INFO - 请求间隔: 500ms
2026-03-04 17:30:04 - monitor.monitor_engine - INFO - 监控执行完成: 总数=663, 成功=197, 失败=466, 成功率=29.7%, P95响应时间=0.05s, 耗时=4.38s
2026-03-04 17:30:04 - __main__ - INFO - 接口监控执行时间: 4.38秒 (663个接口)
2026-03-04 17:30:04 - __main__ - INFO - Step 4: 分析监控结果...
2026-03-04 17:30:04 - analyzer.result_analyzer - INFO - 开始分析 663 个监控结果
2026-03-04 17:30:04 - analyzer.aggregators.error_aggregator - INFO - 开始聚合 466 个异常结果
2026-03-04 17:30:04 - analyzer.aggregators.error_aggregator - INFO - 聚合完成，共 463 种异常类型
2026-03-04 17:30:04 - analyzer.aggregators.stats_aggregator - INFO - 开始统计 663 个监控结果
2026-03-04 17:30:04 - analyzer.aggregators.stats_aggregator - INFO - 统计完成: 总数=663, 成功率=29.71%
2026-03-04 17:30:04 - analyzer.alert_logic - INFO - 发现500错误，触发异常告警: Heatmap
2026-03-04 17:30:04 - analyzer.alert_logic - INFO - 开始过滤告警错误，总错误数: 463
2026-03-04 17:30:04 - analyzer.alert_logic - INFO -   -> 通过error_type匹配: HTTP_500
2026-03-04 17:30:04 - analyzer.alert_logic - INFO -   -> 通过error_type匹配: HTTP_500
2026-03-04 17:30:04 - analyzer.alert_logic - INFO -   -> 通过error_type匹配: HTTP_404
2026-03-04 17:30:04 - analyzer.alert_logic - INFO -   -> 通过error_type匹配: HTTP_404
2026-03-04 17:30:04 - analyzer.alert_logic - INFO - 过滤完成，告警错误数: 4
2026-03-04 17:30:04 - analyzer.alert_logic - INFO - 被过滤的告警错误列表:
2026-03-04 17:30:04 - analyzer.alert_logic - INFO -   1. Heatmap - HTTP_500 (HTTP 500)
2026-03-04 17:30:04 - analyzer.alert_logic - INFO -   2. {Batchid} - HTTP_500 (HTTP 500)
2026-03-04 17:30:04 - analyzer.alert_logic - INFO -   3. Upload - HTTP_404 (HTTP 404)
2026-03-04 17:30:04 - analyzer.alert_logic - INFO -   4. Upload - HTTP_404 (HTTP 404)
2026-03-04 17:30:04 - analyzer.alert_logic - INFO - 准备发送告警: 类型=error, 优先级=CRITICAL, 接收人=5个, 告警错误=4个
2026-03-04 17:30:04 - analyzer.result_analyzer - INFO - 分析完成: 总数=663, 成功=197, 失败=466, 异常类型=463, 需要告警=True, 告警摘要=2个500错误，2个404错误
2026-03-04 17:30:04 - __main__ - INFO - 分析耗时: 0.01秒
2026-03-04 17:30:04 - __main__ - INFO - Step 5: 发送监控报告...
2026-03-04 17:30:04 - __main__ - INFO - 发现严重错误，发送告警通知
2026-03-04 17:30:04 - notifier.wechat_notifier - INFO - 开始发送监控报告
2026-03-04 17:30:04 - notifier.webhook_client - INFO - 发送企业微信消息 (尝试 1/3)
2026-03-04 17:30:05 - notifier.webhook_client - INFO - 消息发送成功: N/A
2026-03-04 17:30:05 - notifier.wechat_notifier - INFO - 监控报告发送成功: message_id=, retry_count=0
2026-03-04 17:30:05 - __main__ - INFO - 监控报告发送成功
2026-03-04 17:30:05 - __main__ - INFO - ============================================================
2026-03-04 17:30:05 - __main__ - INFO - 监控周期完成: 2026-03-04 17:30:05
2026-03-04 17:30:05 - __main__ - INFO - 总耗时: 4.94秒 (监控执行: 4.38秒, 分析: 0.01秒)
2026-03-04 17:30:05 - __main__ - INFO - 接口总数: 663
2026-03-04 17:30:05 - __main__ - INFO - 成功: 197
2026-03-04 17:30:05 - __main__ - INFO - 失败: 466
2026-03-04 17:30:05 - __main__ - INFO - 成功率: 29.71%
2026-03-04 17:30:05 - __main__ - INFO - 平均响应时间: 0.03秒
2026-03-04 17:30:05 - __main__ - INFO - 状态码分布:
2026-03-04 17:30:05 - __main__ - INFO -   HTTP 200: 197次 (29.7%)
2026-03-04 17:30:05 - __main__ - INFO -   HTTP 400: 372次 (56.1%)
2026-03-04 17:30:05 - __main__ - INFO -   HTTP 401: 87次 (13.1%)
2026-03-04 17:30:05 - __main__ - INFO -   HTTP 404: 2次 (0.3%)
2026-03-04 17:30:05 - __main__ - INFO -   HTTP 405: 1次 (0.2%)
2026-03-04 17:30:05 - __main__ - INFO -   HTTP 415: 2次 (0.3%)
2026-03-04 17:30:05 - __main__ - INFO -   HTTP 500: 2次 (0.3%)
2026-03-04 17:30:05 - __main__ - INFO - ============================================================
2026-03-04 17:30:05 - __main__ - INFO - 下次执行时间: 2026-03-04 17:35:00
